"channel_id","emote"
10406,"karmaBit"
10406,"karmaHead"
10406,"karmaLove"
10406,"karmaFACE"
10406,"karmaGasm"
10406,"karmaGoat"
10406,"karmaHype"
10406,"karmaG"
10406,"karma3r"
10406,"karmaB"
10406,"karmaChamp"
10406,"karmaSmo"
10406,"karmaKe"
10406,"karmaSor"
10406,"karmaGold"
10406,"karmaWTF"
10406,"karmaPLEB"
10406,"karmaHYPE"
10406,"karmaWOO"
10406,"karmaGW"
10406,"karmaOG"
12519,"bwnaBoi"
12519,"bwnaB"
12519,"bwnaWave"
12519,"bwnaSmug"
12519,"bwnaEZ"
12519,"bwnaHands"
12519,"bwnaLUL"
12519,"bwnaGrin"
12519,"bwnaOhh"
12519,"bwnaSip"
12519,"bwnaAYAYA"
12519,"bwnaComfy"
12519,"bwnaSMASH"
12519,"bwnaPog"
12519,"bwnaConcern"
12519,"bwnaHype"
12519,"bwnaH"
12519,"bwnaRage"
12519,"bwnaCrazy"
12519,"bwnaC"
12519,"bwnaGG"
12519,"bwnaLurk"
12519,"bwna7"
12519,"bwnaTophat"
12519,"bwnaYee"
12519,"bwnaKent"
12519,"bwnaCringe"
12519,"bwnaFrank"
12519,"bwnaOK"
12519,"bwnaCS"
12519,"bwnaHee"
12519,"bwnaSpin"
12519,"bwnaPolymaker"
12519,"bwnaRaging"
12519,"bwnaTataru"
12519,"bwnaHH"
12519,"bwnaSup"
12519,"bwnaLove"
12519,"bwnaLetsplay"
12665,"scoM"
12665,"scoPride"
12665,"scoSleeper"
12665,"scoThinking"
12665,"scoGhuun"
12665,"scoS"
12665,"scoWipe"
12665,"scoMuted"
12665,"scoSellout"
12665,"scoWas"
12665,"scoProblem"
12665,"scoFail"
12665,"scoRage"
12665,"scoHere"
12665,"scoWeird"
12665,"scoBam"
12665,"scoAlliance"
12665,"scoHorde"
12665,"scoLove"
12665,"scoPepega"
12665,"scoPapi"
12665,"scoEU"
12665,"scoSilver"
12665,"scoGold"
12665,"scoJaina"
12665,"scoJersey"
12665,"scoPepeHands"
12665,"scoPrime"
12665,"scoCrab"
12665,"scoNA"
12665,"scoIQ"
12665,"scoCringe"
12665,"scoGlasses"
12665,"scoQueen"
12665,"scoGot"
12665,"scoHacker"
12665,"scoBro"
12665,"scoChamp"
12665,"scoCreep"
12665,"scoDad"
12665,"scoFeels"
12665,"scoFG"
12665,"scoHey"
12665,"scoLUL"
12665,"scoClean"
12665,"scoEnergy"
12665,"scoAvoid"
12665,"scoDodge"
12665,"scoSoak"
12665,"scoSpread"
12665,"scoGasm"
12665,"scoHype"
12665,"scoM4"
12665,"scoM3"
12665,"scoM2"
12665,"scoM1"
12665,"scoL"
12665,"scoR"
12665,"scoRemake"
12665,"scoPhone"
12665,"scoFan"
12665,"scoLets"
24776,"bdnGasm"
24776,"bdnRage"
24776,"bdnSunflower"
24776,"bdnPog"
24776,"bdnOG"
24776,"bdnHype"
24776,"bdnAegis"
24776,"bdnMonkey"
24776,"bdnAnger"
24776,"bdnSad"
24776,"bdnFacepalm"
37536,"atvCares"
37536,"atvHat"
37536,"atvHey"
37536,"atvAww"
37536,"atvPog"
37536,"atvLfg"
37536,"atvWin"
37536,"atvSeemsgud"
37536,"atvNo"
37536,"atvLUL"
37536,"atvHype"
37536,"atvSass"
37536,"atvLurk"
37536,"atvWorry"
37536,"atvSmile"
37536,"atvKatyperry"
37536,"atvAlien"
41652,"mrkBits"
41652,"mrkCash"
41652,"mrkNade"
41652,"mrkRage"
41652,"mrkTeamW"
41652,"mrkLoot"
41652,"mrkPog"
41652,"mrkAtv"
41652,"mrkSnipe"
41652,"mrkCarry"
41652,"mrkDangerous"
41652,"mrkDDD"
41652,"mrkHello"
41652,"mrkBeams"
41652,"mrkDust"
41652,"mrkP"
41652,"mrkReagan"
41652,"mrk5"
41652,"mrk10"
41652,"mrk20"
41652,"mrk50"
41652,"mrk100"
41652,"mrkHeater"
41652,"mrkHype"
41652,"mrkMilitia"
41652,"mrkRaid"
41652,"mrkToxic"
41652,"mrkTrain"
41652,"mrkWoo"
41652,"mrkMilitia2"
41652,"mrkPrime"
41652,"mrkGoldwoo"
41652,"mrkTier3"
41652,"mrkTier2"
41652,"mrkCoffee"
41652,"mrkGuns"
41652,"mrkKappa"
41652,"mrkLou"
41652,"mrkG"
41652,"mrkBB"
41652,"mrkL"
41652,"mrkWife"
41652,"mrkBlender"
41652,"mrkTurnt"
41652,"mrkWipe"
41652,"mrkFingers"
41652,"mrkDance"
61127,"pirilloWow"
61127,"pirilloYikes"
61127,"pirilloPixie"
61127,"pirilloVader"
61127,"pirilloPrusa"
61127,"pirilloJessie"
61127,"pirilloFilament"
61127,"pirilloTechTV"
61127,"pirilloCallForHelp"
61127,"pirilloLove"
61127,"pirilloElec2"
61127,"pirilloHello"
61127,"pirilloSaber6"
61127,"pirilloDeath"
61127,"pirilloSaber5"
61127,"pirilloSaber7"
61127,"pirilloSaber4"
61127,"pirilloSaber1"
61127,"pirilloAtat"
61127,"pirilloBarf"
61127,"pirilloLurk"
61127,"pirilloSaber3"
61127,"pirilloSaber2"
61127,"pirilloFail"
61127,"pirilloElec1"
61127,"pirilloRage"
61127,"pirilloStar"
61127,"pirilloBleep"
61127,"pirilloGg"
61127,"pirilloHug"
61127,"pirilloWTF"
61127,"pirilloRaid"
61127,"pirilloLego"
61127,"pirilloDrink"
61127,"pirilloEat"
61127,"pirilloHearts"
61127,"pirilloNope"
61127,"pirilloButt"
61127,"pirilloWhy"
61127,"pirilloHype"
71336,"rbzFine"
71336,"rbzStroke"
71336,"rbzPanic"
71336,"rbzBackseat"
71336,"rbzLul"
71336,"rbzKing"
71336,"rbzClyde"
71336,"rbzFeels"
71336,"rbzHappy"
71336,"rbzNotfine"
71336,"rbzSleeper"
71336,"rbzGnome"
71336,"rbzGoldfish"
71336,"rbzFat"
71336,"rbzCheeseball"
71336,"rbzBeer"
71336,"rbzGun"
71336,"rbzH"
71336,"rbzBill"
71336,"rbzPooseat"
71336,"rbzWuman"
71336,"rbzDNF"
71336,"rbzBillOG"
71336,"rbzGood"
71336,"rbzSin"
71336,"rbzBertram2"
71336,"rbzOldgood"
71336,"rbzRage"
71336,"rbzSpecial"
71336,"rbzRona"
71336,"rbzWalrus"
71336,"rbzBertram"
71336,"rbzSad"
71336,"rbzPog"
71336,"rbzP"
71336,"rbzSmrt"
71336,"rbzWhat"
71336,"rbzFlirty"
71336,"rbzOne"
71336,"rbzDuck"
71336,"rbzEZ"
71336,"rbzWUT"
71336,"rbzS"
71336,"rbzBurp"
71336,"rbzLOSE"
71336,"rbzWIN"
71336,"rbzFineA"
71336,"rbzCringe"
71336,"rbzSniff"
71336,"rbzSoy"
71336,"rbzTeet"
71336,"rbzHaha"
87413,"painMarineRun"
87413,"painRaze"
87413,"painRaze1"
87413,"painRaze2"
87413,"painRaze3"
87413,"painPog"
87413,"painMon"
87413,"painScum"
87413,"painNuke"
87413,"painGar"
87413,"painNT"
87413,"painPringles"
87413,"painSluceGoose"
87413,"painOMG"
87413,"painPOGGERS"
87413,"painMorty"
87413,"painMortySpin"
87413,"painGGs"
122083,"booferNerd"
122083,"booferKEKW"
122083,"booferGasm"
122083,"booferAlskjdalsjkd"
122083,"booferNoU"
122083,"booferUwU"
122083,"booferSUPERHYPE"
122083,"booferWow"
122083,"booferJudge"
122083,"booferWHY"
122083,"booferPls"
122083,"booferCry"
122083,"booferBap"
122083,"booferBlush"
122083,"booferBoof"
122083,"booferWoozy"
122083,"booferLooker"
122083,"booferChonk"
122083,"booferJAM"
122083,"booferLove"
122083,"booferShy"
122083,"booferHey"
122083,"booferVibe"
122083,"booferWag"
122083,"booferComfy"
122083,"booferBeans"
122083,"booferTired"
122083,"booferSmol"
122083,"booferDizzy"
122083,"booferSmug"
122083,"booferWorm"
122083,"booferSniffa"
122083,"booferPog"
122083,"booferAngy"
122083,"booferButter"
122083,"booferRage"
122083,"booferHYPERS"
122083,"booferLurk"
122083,"booferDerp"
122083,"booferSip"
122083,"booferHug"
122083,"booferKnife"
122083,"booferPause"
122083,"booferCringe"
122083,"booferBlep"
122083,"booferTantrum"
127800,"pstarsGold"
127800,"pstarsRake"
127800,"pstarsBarry"
127800,"pstars7"
127800,"pstarsChop"
127800,"pstarsPot"
127800,"pstarsLove"
127800,"pstarsJoe"
127800,"pstarsJames"
127800,"pstarsSpraggy"
127800,"pstarsFintan"
127800,"pstarsRiver"
127800,"pstarsPP"
127800,"pstarsGED"
127800,"pstarsRIG"
127800,"pstarsClock"
127800,"pstarsAllin"
127800,"pstarsTwitch"
127800,"pstarsSpade"
127800,"pstarsDice"
127800,"pstarsEPT"
127800,"pstarsBall"
127800,"pstars6"
127800,"pstarsS"
127800,"pstarsP"
127800,"pstarsPye"
127800,"pstarsGJ"
127800,"pstarsChest"
127800,"pstarsD2S"
131070,"runePogShaun"
131070,"runeGf"
131070,"runeOsborne"
131070,"runeShauny"
131070,"runeSalt"
131070,"runeXmas"
131070,"runeLana"
131070,"runeMHAWBondathon"
131070,"runeGameBlast18"
138803,"jakuIsThis"
138803,"jakuLantern"
138803,"jakuWut"
138803,"jakuCC"
138803,"jakuSecure"
138803,"jaku5050"
138803,"jakuBlueDrone"
138803,"jakuVirgil"
138803,"jakuLurk"
138803,"jakuZona"
138803,"jaku1"
138803,"jaku3rd"
138803,"jakuCat"
138803,"jakuHi"
138803,"jakuHog"
138803,"jakuHonk"
138803,"jakuGoomba"
138803,"jakuPaper"
138803,"jakuOop"
138803,"jakuW"
138803,"jakuRIP"
138803,"jakuNoid"
140658,"fnaticFnatic"
140658,"fnaticFNC"
140658,"fnaticKnife"
140658,"fnaticFeelsgoodman"
140658,"fnaticFeelsbadman"
140658,"fnaticMonkaS"
140658,"fnaticSweat"
140658,"fnaticLove"
140658,"fnaticCheer"
140658,"fnaticHypers"
140658,"fnaticMonkaT"
140658,"fnaticPepehands"
140658,"fnaticPoggers"
140658,"fnaticWorlds2020"
140658,"fnaticJade"
140658,"fnaticDerke"
140658,"fnaticBoaster"
152108,"crogWelp"
152108,"crogRip"
152108,"crogLuv"
152108,"crogHype"
152108,"crogTen"
152108,"crogIQ"
152108,"crogSad"
152108,"crogP"
152108,"crogRekt"
152108,"crogHype1"
152108,"crogR"
152108,"crogPoo"
152108,"crogGasm"
152108,"crogO"
152108,"crogIdk"
152108,"crogF"
152108,"crogD"
152108,"crogOkay"
152108,"crogI"
152108,"crogPewp"
152108,"crogG"
152108,"crogOk"
152108,"crogW"
152108,"crogDerp"
152108,"crogSub"
152108,"crog1"
165785,"hermitCoffee"
165785,"hermitPecker"
165785,"hermitTrumpet"
165785,"hermitBrushYourHair"
165785,"hermitLadyPecker"
165785,"hermitCrown"
165785,"hermitDangerzone"
165785,"hermitEmerald"
165785,"hermitBooger"
165785,"hermitHeart"
165785,"hermitChamp"
165785,"hermitBteam"
165785,"hermitYoYoYo"
165785,"hermitBoo1"
165785,"hermitBoo2"
165785,"hermitYoYoYoTier2"
165785,"hermitBoo1Tier2"
165785,"hermitBoo2Tier2"
165785,"hermitYoYoYoTier3"
165785,"hermitBoo1Tier3"
165785,"hermitBoo2Tier3"
165785,"hermitGuardLeft"
165785,"hermitPunchLeft"
165785,"hermitGuardLeftTier2"
165785,"hermitPunchLeftTier2"
165785,"hermitGuardLeftTier3"
165785,"hermitPunchLeftTier3"
165785,"hermitPunchRight"
165785,"hermitGuardRight"
165785,"hermitMeat"
165785,"hermitGeorge"
165785,"hermitJerkbag"
165785,"hermitClap"
165785,"hermitHype1"
165785,"hermitHype2"
165785,"hermitHype3"
165785,"hermitRIP"
165785,"hermitLUL"
165785,"hermitCrabRave"
165785,"hermitMariahCarey"
165785,"hermitPitchfork"
165785,"hermitGamble"
165785,"hermitWarsh"
165785,"hermitCowseeum"
165785,"hermitSpinnyKitty"
165785,"hermitCry"
165785,"hermitTorch"
165785,"hermitDance"
191498,"fataHEHEGOLD"
191498,"fata12x"
191498,"fataCRT"
191498,"fataGG"
191498,"fataHAX"
191498,"fataHype"
191498,"fataGo"
191498,"fataLogo"
191498,"fataLove"
191498,"fataPrac"
191498,"fataRage"
191498,"fataRekt"
191498,"fataSalt"
191498,"fataTroll"
191498,"fataWhatever"
196858,"omieStare"
196858,"omieDevil"
196858,"omieSus"
196858,"omieShy"
196858,"omieGasm"
196858,"omieP"
196858,"omieHmm"
196858,"omieW"
196858,"omieHug"
196858,"omieNotes"
196858,"omieWave"
196858,"omieMEGALUL"
196858,"omieCozycorn"
196858,"omieBop"
196858,"omieEZ"
196858,"omieGGEZ"
196858,"omieRage"
196858,"omieL"
196858,"omieGG"
196858,"omieWiggle"
196858,"omieL3"
196858,"omieCozy"
196858,"omieGiggle"
196858,"omieFlower"
196858,"omieE"
196858,"omieCopium"
196858,"omiePls"
196858,"omieBear"
196858,"omieSadge"
196858,"omieGun"
196858,"omieAngry"
196858,"omiePreg"
196858,"omieJail"
196858,"omieTurk"
196858,"omieRaid"
196858,"omieYikes"
196858,"omieCry"
209686,"dsiShrug"
209686,"dsiExe"
209686,"dsiLove"
209686,"dsiLink"
209686,"dsiDratacion"
209686,"dsiFeliz"
209686,"dsiCora"
209686,"dsiMoney"
209686,"dsiChuchu"
209686,"dsiSusto"
209686,"dsiMiau"
209686,"dsiByakko"
209686,"dsiSeductor"
209686,"dsiSsj"
209686,"dsiCry"
209686,"dsiBicilon"
209686,"dsiHum"
209686,"dsiMetroid"
209686,"dsiPalm"
209686,"dsiMario"
216037,"svxn01"
216037,"svxnSad"
216037,"svxnSideeye"
216037,"svxnWave"
216037,"svxnLove"
216037,"svxnMad"
216037,"svxnHappy"
216037,"svxnCry"
216037,"svxnGG"
216037,"svxn10"
216037,"svxnLOL"
216037,"svxnNo"
216037,"svxnZz"
216037,"svxnSUS"
216037,"svxnRaid"
216037,"svxnLUL"
216037,"svxnHype"
216037,"svxnBon"
216037,"svxnHi"
216037,"svxnRave"
216037,"svxnPew"
216037,"svxnHiccup"
216037,"svxnRita"
216037,"svxnNm"
216037,"svxnMaxrage"
217568,"ilcBuff"
217568,"ilcS"
217568,"ilcLove"
217568,"ilcAnime"
217568,"ilcSpurt"
217568,"ilcHey"
217568,"ilcD"
217568,"ilcKEK"
217568,"ilcPog"
217568,"ilcRage"
217568,"ilcThink"
217568,"ilcGBX"
217568,"ilcEvil"
217568,"ilcREEE"
217568,"ilcMansion"
217568,"ilcMoney"
217568,"ilcFurry1"
217568,"ilcFurry2"
217568,"ilcFurry3"
217568,"ilcFurry4"
217568,"ilcFurry5"
217568,"ilcRGB"
217568,"ilcNoted"
217568,"ilcShake"
217568,"ilcPogSlide"
217568,"ilcShepard"
217568,"ilcSpin"
217568,"ilcLate"
217568,"ilcWICKED"
219086,"veetHAA"
219086,"veetTilt"
219086,"veetYEOKBUD"
219086,"veetLikeThis"
219086,"veetRage"
219086,"veetBALD"
219086,"veetCLAPS"
219086,"veetLAG"
219086,"veetHIBUD"
219086,"veetFRICKS"
219086,"veetV"
219086,"veetCLAP"
219086,"veetPog"
219086,"veetPepeFricks"
219086,"veetHey"
219086,"veetK"
219086,"veetRigged"
232217,"steelserieKoob"
232217,"steelserieRaid"
232217,"steelserieLarsvibe"
232217,"steelserieLarsshocked"
232217,"steelserieHype"
232217,"steelserieRekt"
232217,"steelserieGG"
232217,"steelserieSS"
232217,"steelserieRIP"
232217,"steelserieTear"
232217,"steelserieNeonoir"
232217,"steelserieUpsidedown"
232217,"steelserieMayday"
232217,"steelserieBiggs"
232217,"steelserieLarshype"
232217,"steelserieQckprism"
232217,"steelserieDoggo"
232217,"steelserieDisapprovingKoob"
232217,"steelserieNO"
232217,"steelserieArctis7"
232217,"steelserieStra"
232217,"steelserieLarsad"
232217,"steelserieWink"
232217,"steelserieIvy"
232217,"steelserieSocks"
232217,"steelserieHmm"
232217,"steelserieLaughcry"
232217,"steelserieCry"
232217,"steelserieMineLars"
232217,"steelserieAerox"
232217,"steelserieHolysh"
232217,"steelserieApektkl"
232217,"steelserieWicket"
232217,"steelserieLarskiss"
236583,"sxhO"
236583,"sxhHeart"
236583,"sxhT"
236583,"sxhLOL"
236583,"sxhHood"
236583,"sxhUnder"
236583,"sxhMink"
236583,"sxhHello"
236583,"sxhFriends"
236583,"sxhRaid"
236583,"sxhHAA"
236583,"sxhSink"
236583,"sxhSwamp"
236583,"sxhBlue"
236583,"sxhRed"
236583,"sxhYellow"
236583,"sxhGreen"
236583,"sxhAwk"
236583,"sxhLUL"
236583,"sxhPalm"
236583,"sxhDang"
236583,"sxhBean"
236583,"sxhCops"
236583,"sxhSauce"
236583,"sxhSus"
236583,"sxhTrain"
236583,"sxhM2"
236583,"sxh100"
236583,"sxhPooPoo"
236583,"sxhDee"
236583,"sxhBwire"
236583,"sxhMeemee"
236583,"sxhFlex"
236583,"sxhOpe"
236583,"sxhRS"
236583,"sxhWontons"
236583,"sxhHG"
236583,"sxhFlex2"
241636,"dnkMM"
241636,"dnkBest"
241636,"dnkBigb"
241636,"dnkTinyb"
241636,"dnkHornt2"
241636,"dnkWTF"
241636,"dnkSub"
241636,"dnkAnime"
241636,"dnkBuhee"
241636,"dnkExtraMad"
241636,"dnkHug"
241636,"dnkZzz"
241636,"dnkLove"
241636,"dnkIncog"
241636,"dnkOld"
241636,"dnkBlessed"
241636,"dnk6"
241636,"dnkThrow"
241636,"dnkHornt"
241636,"dnkSad"
241636,"dnkBlind"
241636,"dnkSip"
241636,"dnkAngry"
241636,"dnkHuh"
241636,"dnkS"
241636,"dnkSmug"
241636,"dnkLock"
241636,"dnkWing"
241636,"dnkExtraLuck"
241636,"dnkHappy"
241636,"dnkOhNo"
241636,"dnkYo"
241636,"dnkLurk"
241636,"dnkPalm"
241636,"dnkShop"
241636,"dnkD"
241636,"dnkNoted"
241636,"dnkWin"
261715,"fppBrad"
261715,"fppCarlos"
261715,"fppManti"
261715,"fppKris"
261715,"fppDat"
261715,"fppCoolChris"
261715,"fppHyde"
261715,"fppFeelsDavisMan"
261715,"fppWat"
261715,"fppHi"
261715,"fppDavis"
261715,"fppThumb"
261715,"fppHenry"
274625,"swiftCandy"
274625,"swiftMore"
274625,"swiftWell"
274625,"swiftYep"
274625,"swiftLife"
274625,"swiftUs"
274625,"swiftHand"
274625,"swiftThink"
274625,"swiftPrank"
274625,"swiftLike"
274625,"swiftFeelsOld"
274625,"swiftSnaka"
274625,"swiftCrazy"
274625,"swiftBags"
274625,"swiftBully"
274625,"swiftSmart"
274625,"swiftBait"
274625,"swiftPretty"
274625,"swiftAmaze"
274625,"swiftRekt"
274625,"swiftPanic"
274625,"swiftHehe"
274625,"swiftWow"
274625,"swiftUh"
274625,"swiftHipster"
274625,"swiftKit"
274625,"swiftClown"
274625,"swiftJail"
274625,"swiftAbd"
274625,"swiftMask"
274625,"swiftHack"
274625,"swiftHappy"
274625,"swiftHypers"
274625,"swiftPega"
274625,"swiftOw"
274625,"swiftLie"
274625,"swiftBoot"
274625,"swiftCrash"
274625,"swiftBucks"
274625,"swiftLate"
274625,"swiftQuack"
274625,"swiftGold"
274625,"swiftSilver"
274625,"swiftReally"
274625,"swiftIQ"
274625,"swiftDerp"
274625,"swiftGig"
274625,"swiftGreed"
274625,"swiftSad"
274625,"swiftChoke"
274625,"swiftRiot"
274625,"swiftOof"
274625,"swiftWhew"
274625,"swiftOmg"
274625,"swiftLove"
274625,"swiftWait"
274625,"swiftSmash"
274625,"swiftBank"
296682,"cousChill"
296682,"cousWave"
296682,"cousSad"
296682,"cousGasm"
296682,"cousJasix"
296682,"cousRager"
296682,"cousShuffle"
296682,"cousRigged"
296682,"cousGG"
296682,"cousOhai"
296682,"cousSimple"
309519,"notthatLoot"
309519,"notthatBad"
309519,"notthatTHINK"
309519,"notthatDad"
309519,"notthatSmiles"
309519,"notthatSpicy"
309519,"notthatHeadshot"
309519,"notthatCult"
309519,"notthatPraise"
309519,"notthatFakefight"
309519,"notthatWill"
309519,"notthatChicken"
309519,"notthatDeadWill"
309519,"notthatGrimace"
309519,"notthatChurf"
309519,"notthatWheel"
309519,"notthatRIP"
309519,"notthatVisitor"
309519,"notthatPecado"
320878,"protonSad"
320878,"protonRaid"
320878,"protonNo"
320878,"protonYes"
320878,"protonGarbage"
320878,"protonVOD"
320878,"protonUgh"
320878,"protonStop"
320878,"protonLOL"
320878,"protonSup"
320878,"protonPower"
320878,"protonSilverEgg"
320878,"protonGoldEgg"
320878,"protonGo"
320878,"protonFinish"
320878,"protonEggHD"
320878,"protonAlert"
320878,"protonThump"
320878,"protonArt"
320878,"protonRyu"
320878,"protonLewd"
320878,"protonFroggers"
320878,"protonChill"
320878,"protonLore"
320878,"protonWesk"
320878,"protonBaka"
320878,"protonGame"
320878,"protonHEY"
320878,"protonKiss"
320878,"protonWink"
320878,"protonHug"
320878,"protonRazz"
320878,"protonSleep"
320878,"protonBagel"
320878,"protonEgg"
320878,"protonFootball"
320878,"protonCop"
320878,"protonCookie"
320878,"protonDISAPPOINTED"
320878,"protonGlitch"
320878,"protonRage"
320878,"protonImpeach"
320878,"protonDeath"
320878,"protonWhat"
320878,"protonBomb"
320878,"protonSub"
320878,"protonLuck"
320878,"protonChugga"
320878,"protonGood"
320878,"protonAngry"
320878,"protonParty"
320878,"protonShrug"
320878,"protonYawn"
320878,"protonThumbsUp"
320878,"protonBoom"
320878,"proton1"
320878,"protonSip"
358971,"tonehWat"
358971,"tonehHappy"
358971,"tonehSad"
358971,"tonehNerd"
358971,"tonehNo"
358971,"tonehCheesy"
418737,"gooddayiBrnrdy"
418737,"gooddayiDTNS"
418737,"gooddayiMantis"
418737,"gooddayiGDI"
418737,"gooddayiRoger"
418737,"gooddayiSarah"
418737,"gooddayiTom"
418737,"gooddayiScott"
418737,"gooddayiBeja"
418737,"gooddayiJustin"
418737,"gooddayiLen"
418737,"gooddayiOtis"
418737,"gooddayiRey"
418737,"gooddayiTaco"
418737,"gooddayiGdislide"
418737,"gooddayiYear8"
418737,"gooddayiRogershake"
418737,"gooddayiGDInew"
418737,"gooddayiManytacos"
418737,"gooddayiNewGDISlide"
477897,"ilyterrorSleepy"
477897,"ilyterrorSmh"
477897,"ilyterrorHuh"
477897,"ilyterrorPacked"
477897,"ilyterrorPeak"
477897,"ilyterrorWalker"
477897,"ilyterrorSword"
477897,"ilyterrorRage"
477897,"ilyterrorSlumpy"
477897,"ilyterrorYO"
477897,"ilyterrorController"
477897,"ilyterrorSki"
477897,"ilyterrorWtff"
477897,"ilyterrorBob"
477897,"ilyterrorPlottin"
477897,"ilyterrorYB"
477897,"ilyterrorR"
477897,"ilyterrorRat"
477897,"ilyterrorFelwinter"
477897,"ilyterrorStress"
477897,"ilyterrorDummy"
477897,"ilyterrorDuff"
477897,"ilyterrorDugg"
477897,"ilyterrorDash"
477897,"ilyterrorBenj"
477897,"ilyterrorWave"
477897,"ilyterrorHii"
477897,"ilyterrorBaby"
477897,"ilyterrorMoney"
477897,"ilyterrorTerry"
477897,"ilyterrorVibe"
477897,"ilyterrorVibes"
477897,"ilyterrorUpem"
477897,"ilyterrorAce"
477897,"ilyterrorDurk"
477897,"ilyterrorLunch"
477897,"ilyterrorFosh"
477897,"ilyterrorIcy"
477897,"ilyterrorShorty"
482893,"laphinGar"
482893,"laphinLUL"
482893,"laphinPat"
482893,"laphinPog"
482893,"laphinPinkpaw"
482893,"laphinGoldpaw"
482893,"laphinLewd"
482893,"laphinSpoop"
482893,"laphinYay"
482893,"laphinOwO"
482893,"laphinNom"
482893,"laphinSad"
482893,"laphinButt"
482893,"laphinButtSpin"
482893,"laphinHungee"
482893,"laphinWoop"
482893,"laphinFart"
482893,"laphinJammin"
482893,"laphinHYPERS"
482893,"laphinChucky"
482893,"laphinDerp"
482893,"laphinTasty"
482893,"laphinLove"
482893,"laphinSniff"
482893,"laphinUnicorn"
482893,"laphinSCREAM"
482893,"laphinBookOfTheDead"
482893,"laphinChainsaw"
482893,"laphinLurk"
482893,"laphinTeehee"
482893,"laphinFeelsBadMan"
482893,"laphinAshStank"
488567,"gtamenRIP"
488567,"gtamenEE"
488567,"gtamenPrime"
488567,"gtamenGG"
488567,"gtamenDesk"
488567,"gtamenF"
488567,"gtamenShovel"
488567,"gtamenNLT"
488567,"gtamenPog"
488567,"gtamenFP"
488567,"gtamenBlank"
488567,"gtamenDerp"
488567,"gtamenStab"
488567,"gtamenDoubt"
488567,"gtamenLove"
488567,"gtamenDerppa"
488567,"gtamenRage"
488567,"gtamenWut"
488567,"gtamenHype"
488567,"gtamenLUL"
488567,"gtamenJAM"
488567,"gtamenPeek"
488567,"gtamenEz"
488567,"gtamenS"
488567,"gtamenGoldE"
488567,"gtamenDance"
488567,"gtamenBlind"
488567,"gtamenCheat"
488567,"gtamenWaifu"
488567,"gtamenEvil"
488567,"gtamenBored"
488567,"gtamenNap"
488567,"gtamenHmm"
488567,"gtamenShock"
488567,"gtamenShrug"
488567,"gtamenCry"
488567,"gtamenNom"
488567,"gtamenBun"
488567,"gtamenArrive"
488567,"gtamenSmile"
488567,"gtamenLeave"
488567,"gtamenAim"
494211,"spanky54Eye"
494211,"spanky54Heart"
494211,"spanky54GNSpanky"
494211,"spanky54SpankHeart"
494211,"spanky54SpankyHeart"
494211,"spanky54Spankywink"
494211,"spanky54Toxicspank"
494211,"spanky54SpankyNya"
494211,"spanky54Notoxic"
494211,"spanky54Spankraid"
494211,"spanky54Dredge"
494211,"spanky54Chomp"
494211,"spanky54Gotthis"
494211,"spanky54Sipleg"
494211,"spanky54Dig"
494211,"spanky54Napper"
494211,"spanky54Nea"
504182,"tsunam1W"
504182,"tsunam1Smug"
504182,"tsunam1Nani"
504182,"tsunam1Steam"
504182,"tsunam1Anime"
504182,"tsunam1Maiden"
504182,"tsunam14"
504182,"tsunam13"
504182,"tsunam1Mars"
504182,"tsunam1Hand"
504182,"tsunam1Whoa"
504182,"tsunam11"
504182,"tsunam1Dc1"
504182,"tsunam1Dc2"
504182,"tsunam12"
504182,"tsunam1Dc3"
504182,"tsunam1Dawn"
504182,"tsunam1Huhvs"
504350,"dmxWinemomsonic"
504350,"dmxFloorie"
504350,"dmxTamsladder"
504350,"dmxItsamelucy"
504350,"dmxBoniellowins"
504350,"dmxGizmoshowfeet"
504350,"dmxLoserdome"
504350,"dmxWolfpackgrubb"
504350,"dmxSaucyelmo"
504350,"dmxTamruto"
504350,"dmxChaosjenga"
504350,"dmxGrubbscissor"
504350,"dmxDogsonthestreet"
504350,"dmxVinnyglove"
504350,"dmxGizmoisforthestreets"
504350,"dmxNowrestlingallowed"
504350,"dmx3amboyzcake"
504350,"dmxShowerbeer"
528871,"fuzerP"
528871,"fuzerD"
528871,"fuzerS"
528871,"fuzerG"
528871,"fuzerW"
528871,"fuzerZerg"
528871,"fuzerTobi"
528871,"fuzerR"
528871,"fuzerL"
528871,"fuzerBeke"
528871,"fuzer2"
528871,"fuzerJ"
528871,"fuzerM"
528871,"fuzerTobi2"
528871,"fuzer1"
528871,"fuzerTobi1"
528871,"fuzerSyyllinen"
528871,"fuzerJam"
528871,"fuzerRollin"
528871,"fuzerHype"
528871,"fuzer4"
528871,"fuzerChest"
528871,"fuzerT"
528871,"fuzerV"
528871,"fuzerNT"
528871,"fuzerF"
528871,"fuzerGaamis"
528871,"fuzerKulmat"
528871,"fuzer3"
528871,"fuzerU"
528871,"fuzerTobi3"
528871,"fuzerK"
528871,"fuzerYle"
528871,"fuzerTobi4"
597725,"terduBEREN"
597725,"terduAlien"
597725,"terduEncuesta"
597725,"terduBook"
597725,"terduRIP"
597725,"terduAngry"
597725,"terduBan"
597725,"terduEfe"
597725,"terduKojak"
597725,"terduCafe"
597725,"terduBien"
597725,"terduClown"
597725,"terduOjos"
597725,"terduMal"
597725,"terduRisa"
597725,"terduMiedo"
597725,"terduHype"
597725,"terduCabreo"
597725,"terduSensu"
597725,"terduPervert"
597725,"terduCry"
597725,"terduCora"
742519,"galmStare"
742519,"galmTangled"
742519,"galmThumbsdown"
742519,"galmThumbsup"
742519,"galmShock"
742519,"galmNotbad"
742519,"galmAngrycat"
742519,"galmAngryfox"
742519,"galmOhMy"
742519,"galmNo"
742519,"galmEhh"
742519,"galmBwuh"
742519,"galmEdgy"
742519,"galmGuyy"
783586,"deefizWoke"
783586,"deefizStandby"
783586,"deefizAvocado"
783586,"deefizSlurp"
783586,"deefizDerpy"
783586,"deefizHotdog"
783586,"deefizUnibrow"
783586,"deefizExcuseMe"
783586,"deefizUnsub"
783586,"deefizFirstDay"
783586,"deefizWhat"
783586,"deefizMeatsick"
783586,"deefizToilet"
783586,"deefizRage"
783586,"deefizHUH"
783586,"deefizSexy"
783586,"deefizStarby"
783586,"deefizStarbies"
783586,"deefizSUBHYPE"
783586,"deefizForwhy"
783586,"deefizKidneyheart"
783586,"deefizModel"
893417,"shiKAWAII"
893417,"shiWINK"
893417,"shiWAIFU"
893417,"shiGrape"
893417,"shiCREEP"
893417,"shiFootish"
893417,"shiHAWW"
893417,"shiBLAOW"
893417,"shiBRUH"
893417,"shiPalm"
947519,"tekkenwtHarada"
947519,"tekkenwtHei"
947519,"tekkenwtKaz"
947519,"tekkenwtLil"
967058,"pcgLogo"
967058,"pcgThinkingTim"
967058,"pcgCursor"
967058,"pcgDevbot"
967058,"pcgFrankie"
967058,"pcgDay9"
967058,"pcgWASDemon"
1001461,"dezeOOH"
1001461,"dezeGasm"
1001461,"dezeHi"
1001461,"dezeLove"
1001461,"dezeHype"
1001461,"dezeLurk2"
1001461,"dezeFail"
1001461,"dezeWub"
1001461,"dezeLoot"
1001461,"dezeOuch"
1001461,"dezePeek"
1001461,"dezeGib"
1001461,"dezeSalt"
1001461,"dezeGg"
1001461,"dezeAw"
1001461,"dezeGiggle"
1001461,"deze7acid"
1001461,"dezePogr"
1001461,"dezePondr"
1001461,"dezeLul"
1001461,"dezeJam"
1001461,"dezeSip"
1001461,"dezeGrump"
1001461,"dezeCoin"
1001461,"dezeToxic"
1001461,"dezeEwo"
1001461,"dezePew"
1001461,"dezeHmm"
1001461,"dezeCant"
1001461,"dezeBah"
1001461,"dezeMad"
1001461,"dezeSpin"
1001461,"dezeLoots"
1001461,"dezeRude"
1001461,"dezeHb"
1001461,"dezeRah"
1001461,"dezeTehe"
1001461,"dezeSneak"
1001461,"dezeEwww"
1001461,"dezeCwok"
1121217,"legendTheread"
1121217,"legendBruh"
1121217,"legendBoy"
1121217,"legendYes"
1121217,"legendHansen"
1121217,"legendHype"
1121217,"legendDio"
1121217,"legendLao"
1121217,"legendSupahot"
1121217,"legendSoul"
1121217,"legendSleep"
1121217,"legendPain"
1121217,"legendPog"
1121217,"legendDrink"
1121217,"legendWorld"
1121217,"legendMorph"
1121217,"legendPrayers"
1121217,"legendAmen"
1121217,"legendShakehand"
1143627,"lteddyAYAYA"
1143627,"lteddyHANDS"
1143627,"lteddyMAD"
1143627,"lteddyS"
1143627,"lteddy5Head"
1143627,"lteddyDRUNK"
1143627,"lteddyDERP"
1143627,"lteddyTHINK"
1143627,"lteddyPOG"
1143627,"lteddyD"
1143627,"lteddyTHOT"
1143627,"lteddyTHICC"
1143627,"lteddyDAB"
1143627,"lteddyRICH"
1143627,"lteddySADGE"
1143627,"lteddyGREED"
1143627,"lteddyPAUSE"
1143627,"lteddyYARE"
1143627,"lteddyWEIRD"
1143627,"lteddyFOOL"
1143627,"lteddyO"
1143627,"lteddyH"
1143627,"lteddyHAT"
1143627,"lteddyEZ"
1143627,"lteddySMUG"
1143627,"lteddyLEFT"
1143627,"lteddyRIGHT"
1143627,"lteddyHYPERSMUG"
1143627,"lteddyGASM"
1143627,"lteddyHEART"
1143627,"lteddyNICE"
1143627,"lteddyBLUNT"
1143627,"lteddyWOOF"
1143627,"lteddyKEKWAIT"
1143627,"lteddyNOTED"
1143627,"lteddyCHAD"
1143627,"lteddyLOVE"
1143627,"lteddyMAMA"
1143627,"lteddyCREDIT"
1143627,"lteddyHEH"
1143627,"lteddyHUH"
1143627,"lteddyKEKW"
1143627,"lteddySWEAT"
1143627,"lteddyWICKED"
1143627,"lteddyWAVE"
1143627,"lteddyGAMBA"
1167673,"justisWALL"
1167673,"justisGW"
1167673,"justisB2TF"
1167673,"justisColdTires"
1167673,"justisEveryTime"
1167673,"justisGWall"
1167673,"justisDGM"
1167673,"justisEBall"
1167673,"justisDamage"
1167673,"justisQcheese"
1167673,"justisHello"
1167673,"justisPIO"
1167673,"justisStrapOn"
1167673,"justisARCABRAKES"
1167673,"justisAllTeams"
1194004,"karter1Heart"
1194004,"karter1GG"
1194004,"karter1Pog"
1194004,"karter1Cry"
1194004,"karter1Lewd"
1194004,"karter1Pop"
1194004,"karter1Spin"
1194004,"karter1Bonk"
1194004,"karter1Blep"
1194004,"karter1Bongo"
1194004,"karter1Shake"
1194004,"karter1Pet"
1194004,"karter1Cozy"
1194004,"karter1Rage"
1194004,"karter1Boop"
1194004,"karter1Ded"
1194004,"karter1Sip"
1194004,"karter1Smug"
1194004,"karter1LUL"
1194004,"karter1Derp"
1194004,"karter1S"
1258072,"phurionMANKEKW"
1258072,"phurion1PM"
1258072,"phurionPOGU"
1258072,"phurionFIREPULL"
1258072,"phurionLove"
1258072,"phurionSpewpaBLESS"
1258072,"phurionHurricaneVIZ"
1258072,"phurionHITBOX"
1258072,"phurionWave"
1258072,"phurionOK"
1258072,"phurionBEARD"
1258072,"phurionWOWbeard"
1258072,"phurionYaLove"
1258072,"phurionYaHate"
1258072,"phurionToSeeIt"
1258072,"phurionDEWGONGONGONG"
1258072,"phurionMyGUY"
1258072,"phurionPAPA"
1258072,"phurionGASM"
1258072,"phurionCozy"
1258072,"phurionBALLGUY"
1258072,"phurionITME"
1258072,"phurionAYAYA"
1258072,"phurionSHINY"
1258072,"phurionDiceZ"
1258072,"phurionScheme"
1258072,"phurionDONK"
1258072,"phurionJAM"
1258072,"phurionMONKE"
1258072,"phurionMARCH"
1258072,"phurionSIK"
1258072,"phurionClap"
1258072,"phurionWay2zonked"
1258072,"phurionTap"
1258072,"phurionDONT"
1314939,"activCreep"
1314939,"activWDYM"
1314939,"activSlay"
1314939,"activHeart"
1314939,"activRage"
1314939,"activNo"
1314939,"activLUL"
1314939,"activW"
1314939,"activYikes"
1314939,"activGrump"
1314939,"activDerp"
1314939,"activO"
1314939,"activSip"
1314939,"activEgg"
1314939,"activChair"
1314939,"activLurk"
1314939,"activBelieve"
1314939,"activCringe"
1314939,"activKing"
1314939,"activBooty"
1314939,"activTrash"
1314939,"activFocus"
1314939,"activTilt"
1314939,"activWave"
1314939,"activChamp"
1314939,"activThinking"
1314939,"activNK"
1314939,"activTired"
1314939,"activYell"
1314939,"activTREX"
1314939,"activDance"
1314939,"activRack"
1314939,"activREX"
1314939,"activFrick"
1371699,"sammys45Carrotinventor"
1371699,"sammys45Army"
1371699,"sammys45Sss"
1371699,"sammys45Heart"
1371699,"sammys45Blush"
1375841,"floralisWow"
1375841,"floralisThink"
1375841,"floralisEZ"
1375841,"floralisL"
1375841,"floralisFighty"
1375841,"floralisD"
1375841,"floralisKiss"
1375841,"floralisWave"
1375841,"floralisHehe"
1375841,"floralisFeels"
1375841,"floralisPat"
1375841,"floralisShy"
1375841,"floralisBless"
1375841,"floralisSip"
1375841,"floralisPls"
1375841,"floralisFlower"
1375841,"floralisFine"
1375841,"floralisLost"
1375841,"floralisFrick"
1375841,"floralisJam"
1375841,"floralisYay"
1375841,"floralisNLT"
1375841,"floralisS"
1375841,"floralisGasm"
1375841,"floralisLook"
1375841,"floralisGift"
1375841,"floralisSmile"
1375841,"floralisCry"
1375841,"floralisPout"
1375841,"floralisBeg"
1375841,"floralisFlowery"
1375841,"floralisPlot"
1375841,"floralisComfy"
1375841,"floralisCute"
1375841,"floralisProud"
1375841,"floralisBlep"
1375841,"floralisOmg"
1375841,"floralisLove"
1375841,"floralisBeer"
1375841,"floralisLit"
1375841,"floralisBlank"
1375841,"floralisStare"
1375841,"floralisBelieve"
1375841,"floralisHug"
1375841,"floralisKnife"
1375841,"floralisThirsty"
1375841,"floralisW"
1375841,"floralisWink"
1375841,"floralisGuns"
1375841,"floralisSmirk"
1375841,"floralisSmoosh"
1375841,"floralisEyes"
1375841,"floralisUwu"
1375841,"floralisSheesh"
1375841,"floralisScared"
1375841,"floralisSleepy"
1423946,"gjakeYikes"
1423946,"gjakeChamp"
1423946,"gjakeQ"
1423946,"gjakeZ"
1423946,"gjakeHey"
1423946,"gjakeScared"
1423946,"gjakeHuh"
1423946,"gjakeSnipe"
1423946,"gjakeSad"
1423946,"gjakeCry"
1423946,"gjakeRage"
1423946,"gjakeBooty"
1423946,"gjakeLol"
1423946,"gjakeKels"
1423946,"gjakeShrug"
1423946,"gjakeBait"
1423946,"gjakeTrain"
1423946,"gjakeLurk"
1423946,"gjakePop"
1423946,"gjakeB"
1423946,"gjakeF"
1423946,"gjakeMods"
1423946,"gjakeBaller"
1423946,"gjakeHorny"
1423946,"gjakeJebait"
1423946,"gjakeSub"
1423946,"gjakeSuper"
1423946,"gjakeG"
1423946,"gjakeLul"
1423946,"gjakeBs"
1423946,"gjakeHmm"
1423946,"gjakeGift"
1423946,"gjakeSneeze"
1423946,"gjakeGobble"
1423946,"gjakeX"
1423946,"gjakeTired"
1423946,"gjakeBoo"
1423946,"gjakeHero"
1423946,"gjakeDab"
1423946,"gjakeAspen"
1423946,"gjakeLaunch3"
1423946,"gjakeLaunch2"
1423946,"gjakeLaunch1"
1423946,"gjakeHug"
1423946,"gjakeSus"
1423946,"gjakeCmon"
1423946,"gjakeShocked"
1423946,"gjakeJs1"
1423946,"gjakeJs2"
1423946,"gjakeHype"
1423946,"gjakeRig"
1423946,"gjakeLg"
1423946,"gjake4"
1423946,"gjake3"
1423946,"gjake2"
1423946,"gjake1"
1423946,"gjakeRip"
1423946,"gjakeLove"
1423946,"gjakeCarrot"
1423946,"gjakeH"
1423946,"gjakeNoted"
1423946,"gjakeS"
1423946,"gjakeBag"
1423946,"gjakeSpin"
1423946,"gjakeDance"
1423946,"gjakeCorgi"
1423946,"gjakeWhiff"
1423946,"gjakeSpooky2"
1423946,"gjakeSpooky1"
1423946,"gjakeCool"
1423946,"gjakeW"
1423946,"gjakeD"
1423946,"gjakeShame"
1423946,"gjakeSupps"
1423946,"gjakeRiot"
1425546,"dessyyREE"
1425546,"dessyyPOG"
1425546,"dessyyDESSY"
1425546,"dessyyEAT"
1425546,"dessyyShy"
1425546,"dessyyTrash"
1425546,"dessyyScared"
1425546,"dessyyLUL"
1425546,"dessyyLove"
1425546,"dessyyPout"
1425546,"dessyyGUN"
1425546,"dessyyWow"
1425546,"dessyyCLOWN"
1425546,"dessyyCozy"
1425546,"dessyyWave"
1425546,"dessyyPat"
1425546,"dessyyPARTY"
1425546,"dessyyALPHA"
1425546,"dessyyHype"
1518077,"goldyFall"
1518077,"goldyStealth"
1518077,"goldyHMM"
1518077,"goldyLove"
1518077,"goldyYoink"
1518077,"goldyN1"
1518077,"goldyN2"
1518077,"goldyN3"
1518077,"goldyBlind"
1518077,"goldyBot"
1518077,"goldyChamp"
1518077,"goldyChew"
1518077,"goldyChoke"
1518077,"goldyClutch"
1518077,"goldyCreep"
1518077,"goldyDrool"
1518077,"goldyFeels"
1518077,"goldyGasm"
1518077,"goldyHello"
1518077,"goldyHype"
1518077,"goldyLUL"
1518077,"goldyOne"
1518077,"goldyPerf"
1518077,"goldyPotato"
1518077,"goldyRage"
1518077,"goldyRekt"
1518077,"goldyRhys"
1518077,"goldySully"
1518077,"goldyT1"
1518077,"goldyThump"
1518077,"goldyW"
1518077,"goldyWizard"
1518077,"goldyYikes"
1518077,"goldyT2"
1518077,"goldyT3"
1518077,"goldyDone"
1518077,"goldyKEK"
1518077,"goldyGG"
1518077,"goldyLG"
1518077,"goldyPalm"
1518077,"goldySbag"
1518077,"goldySuper"
1518077,"goldy10K"
1518077,"goldyMines"
1518077,"goldyS"
1518077,"goldyLoot"
1518077,"goldyCAW"
1518077,"goldyTOS"
1518077,"goldyMom"
1518077,"goldyGina"
1518077,"goldyBlood"
1518077,"goldyCohen"
1518077,"goldyDinger"
1518077,"goldyBucket"
1518077,"goldySnipe"
1518077,"goldyTime"
1527327,"sajamStare"
1527327,"sajamSegue1"
1527327,"sajamSegue2"
1527327,"sajamSegue3"
1527327,"sajamSegue4"
1527327,"sajamDeku"
1527327,"sajamSegway"
1527327,"sajamSmoked"
1527327,"sajamCoffee"
1527327,"sajamShoot"
1527327,"sajamBob"
1527327,"sajamMouse"
1527327,"sajam200"
1527327,"sajamGasm"
1527327,"sajamTanjiro"
1527327,"sajamArm"
1527327,"sajamJam"
1527327,"sajamNoise"
1527327,"sajamTasty"
1527327,"sajamGold"
1527327,"sajamErnie"
1527327,"sajamStreet"
1527327,"sajamInfinite"
1527327,"sajamDegen"
1527327,"sajamDelay"
1527327,"sajamBaldy"
1527327,"sajamGuapo"
1527327,"sajamSol"
1527327,"sajamSolphisticated"
1527327,"sajamHoop"
1527327,"sajamSaint"
1527327,"sajamDespair"
1527327,"sajamFs"
1527327,"sajamNo"
1527327,"sajamMash"
1527327,"sajamGrinchguy"
1527327,"sajamAaaa"
1527327,"sajamCookin"
1527327,"sajamYes"
1527327,"sajamSploinky"
1527327,"sajamVibe"
1527327,"sajamGOLDW"
1527327,"sajamPray"
1608986,"egptGiggle"
1608986,"egptDank"
1608986,"egptOP"
1608986,"egptClick"
1608986,"egptIdol"
1608986,"egptPav"
1608986,"egptBye"
1608986,"egptSo"
1608986,"egptBeam"
1608986,"egptL"
1608986,"egptWhap"
1608986,"egptSendit"
1608986,"egptSuh"
1608986,"egptDanksuh"
1608986,"egptHobby"
1608986,"egptPray"
1608986,"egptSend"
1608986,"egptPhew"
1608986,"egptCopium"
1608986,"egptNBN"
1608986,"egptWICKED"
1608986,"egptPrayge"
1608986,"egptJuice"
1631016,"gaskinLove"
1631016,"gaskinRage"
1631016,"gaskinPoggers"
1631016,"gaskinCry"
1631016,"gaskinNo"
1631016,"gaskinBanana"
1631016,"gaskinTAN"
1631016,"gaskinGG"
1631016,"gaskinHi"
1631016,"gaskinHype"
1631016,"gaskinLOL"
1631016,"gaskinHearts"
1631016,"gaskinAngry"
1631016,"gaskinRIP"
1631016,"gaskinWTF"
1631016,"gaskinAim"
1631016,"gaskinS"
1645681,"xshotCARRY"
1645681,"xshotCOZY"
1645681,"xshotSAD"
1645681,"xshotHEY"
1645681,"xshotHYPE"
1645681,"xshotJAM"
1645681,"xshotLOVE"
1645681,"xshotLURK"
1645681,"xshotPOG"
1645681,"xshotRAGE"
1645681,"xshotSHRUG"
1645681,"xshotSIP"
1645681,"xshotSNIPE"
1645681,"xshotS"
1645681,"xshotPOTATO"
1645681,"xshotNADE"
1645681,"xshotEVIL"
1645681,"xshotUMM"
1645681,"xshotFAIL"
1645681,"xshotSEMI"
1645681,"xshotTRASH"
1686270,"pxtvHjerte"
1686270,"pxtvDetErDetJo"
1686270,"pxtvPsLrt"
1686270,"pxtvTrold"
1686270,"pxtvMasterClass"
1686270,"pxtvYEAH"
1686270,"pxtvEEJ"
1686270,"pxtvHype"
1686270,"pxtvMark"
1686270,"pxtvFlot"
1686270,"pxtvMimihund"
1686270,"pxtvFail"
1686270,"pxtvThomas"
1803638,"vashC"
1803638,"vashCw"
1803638,"vashF"
1803638,"vashCry"
1803638,"vashEvil"
1803638,"vashFp"
1803638,"vashFr"
1803638,"vashKo"
1803638,"vashL"
1803638,"vashOops"
1803638,"vashBu"
1803638,"vashPogs"
1803638,"vashCake"
1803638,"vashDank"
1803638,"vashSammy"
1803638,"vashTreefiddy"
1803638,"vashHype"
1803638,"vashLisa"
1803638,"vashBB"
1839275,"romAirSlash"
1839275,"romJuesePlay"
1839275,"romTacoBelmont"
1839275,"romSteal"
1839275,"romWhat"
1839275,"romTaco"
1839275,"romFrost"
1839275,"romMad"
1839275,"romSpicy"
1839342,"sammHewwo"
1839342,"sammSip"
1839342,"sammFine"
1839342,"sammSweaty"
1839342,"sammNice"
1839342,"sammCool"
1839342,"sammPeace"
1839342,"sammZero"
1839342,"sammYikes"
1839342,"sammRIP"
1839342,"sammOof"
1839342,"sammGG"
1839342,"sammJoy"
1839342,"sammAngry"
1839342,"sammDead"
1839342,"sammUhhhh"
1839342,"sammPog"
1839342,"sammBread"
1839342,"sammRegret"
1839342,"sammSalt"
1839342,"sammKiss"
1839342,"sammWuv"
1839342,"sammComfy"
1839342,"sammClown"
1839342,"sammPeek"
1839342,"sammLUL"
1839342,"sammKatamari"
1839342,"sammSuperSweaty"
1839342,"sammRainbowHewwo"
1839342,"sammPain"
1839342,"sammJamm"
1839342,"sammDab"
1839342,"sammExcited"
1839342,"sammEyes"
1839975,"sp00nSMILE"
1839975,"sp00nCat"
1839975,"sp00nDuck"
1839975,"sp00nTH"
1839975,"sp00nAIM"
1839975,"sp00nKEK"
1839975,"sp00nDD"
1839975,"sp00nBABY"
1839975,"sp00n5HEAD"
1839975,"sp00nE"
1839975,"sp00nOK"
1839975,"sp00nEYE"
1839975,"sp00nHAPPY"
1839975,"sp00nNose"
1839975,"sp00nD"
1839975,"sp00nLEWD"
1839975,"sp00nLOVE"
1839975,"sp00nPOG"
1839975,"sp00n7"
1839975,"sp00nCat2"
1839975,"sp00nSUH"
1839975,"sp00nBIGBRAIN"
1839975,"sp00nREE"
1839975,"sp00nP"
1839975,"sp00nOMEGAROLL"
1839975,"sp00nAY"
1839975,"sp00nTHINK"
1839975,"sp00nEZ"
1839975,"sp00nSTOP"
1839975,"sp00nWHUH"
1839975,"sp00nSLEEPER"
1839975,"sp00nWTF"
1839975,"sp00nAYO"
1839975,"sp00nLOOK"
1839975,"sp00nCURSED"
1839975,"sp00nREALLY"
1839975,"sp00nYEH"
1839975,"sp00nVAC"
1839975,"sp00nCRY"
1839975,"sp00nPOINT"
1839975,"sp00nLUL"
1839975,"sp00nSTARE"
1839975,"sp00nCHADBRAIN"
1839975,"sp00nSHINE"
1839975,"sp00nGROSS"
1845004,"zeroyalFoil"
1845004,"zeroyalMoist"
1845004,"zeroyalLul"
1845004,"zeroyalFine"
1845004,"zeroyalWelp"
1845004,"zeroyalSyrup"
1845004,"zeroyalStonks"
1845004,"zeroyalNotStonks"
1845004,"zeroyalGolden"
1845004,"zeroyalHydrate"
1845004,"zeroyalFlex"
1845004,"zeroyalThicc"
1845004,"zeroyalDanger"
1845004,"zeroyalSip"
1845004,"zeroyalSmart"
1845004,"zeroyalLove"
1845004,"zeroyalLurk"
1845004,"zeroyalEnergy"
1845004,"zeroyalSalt"
1845004,"zeroyalCry"
1845004,"zeroyalPalm"
1845004,"zeroyalPotato"
1845004,"zeroyalForget"
1845004,"zeroyalSnap"
1845004,"zeroyalBible"
1845004,"zeroyalMoistR"
1845004,"zeroyalMoistL"
1845004,"zeroyalEvil"
1845004,"zeroyalGood"
1845004,"zeroyalBigLove"
1845004,"zeroyalMilkshake"
1845004,"zeroyalGoldLove"
1845004,"zeroyalEH"
1845004,"zeroyalGun"
1845004,"zeroyalSus"
1845004,"zeroyalSHH"
1845004,"zeroyalCthulhu"
1845004,"zeroyalYEP"
1845004,"zeroyalS"
1845004,"zeroyalKEKW"
1845004,"zeroyalHFeels"
1845004,"zeroyalHHands"
1845004,"zeroyalNODDERS"
1845004,"zeroyalO7"
1845004,"zeroyalHypers"
1845004,"zeroyalUwU"
1845004,"zeroyalLeader"
1845004,"zeroyalHands"
1845004,"zeroyalFeels"
1845004,"zeroyalCorg"
1845004,"zeroyalPoggers"
1845004,"zeroyalHPoggers"
1845004,"zeroyalLUV"
1845004,"zeroyalPiano"
1845004,"zeroyalHW"
1845004,"zeroyalStare"
1845004,"zeroyalCULT"
1845004,"zeroyalSiren"
1845004,"zeroyalWiggle"
1845004,"zeroyalHHypers"
1845004,"zeroyalDab"
1845004,"zeroyalHappy"
1910522,"kreygP"
1910522,"kreygPG"
1910522,"kreygAsm"
1910522,"kreygLOL"
1910522,"kreygW"
1910522,"kreygSMILE"
1910522,"kreygFROWN"
1910522,"kreygD"
1910522,"kreygA"
1910522,"kreygHD"
1910522,"kreygBH"
1910522,"kreygB"
1910522,"kreygNO"
1910522,"kreygDERP"
1910522,"kreygBOW"
1910522,"kreygBUTT"
1910522,"kreygS"
1910522,"kreygRAGE"
1910522,"kreygHMM"
1910522,"kreygYAY"
1910522,"kreygJF"
1910522,"kreygBUS"
1910522,"kreygLOVE"
1910522,"kreygNERD"
1910522,"kreygSMUG"
1910522,"kreygSAD"
1910522,"kreygPOO"
1910522,"kreyg7"
1910522,"kreygPLS"
1910522,"kreygTED"
1910522,"kreygWAS"
1910522,"kreygFAT"
1910522,"kreygMAD"
1910522,"kreygHEY"
1910522,"kreygPALM"
1910522,"kreygREKT"
1910522,"kreygNEAT"
1910522,"kreygPUKE"
1910522,"kreygH"
1910522,"kreygSIP"
1914888,"hotashiTeresa"
1914888,"hotashiGfm"
1914888,"hotashiSeyana"
1914888,"hotashiShine"
1914888,"hotashiWut"
1914888,"hotashiWow"
1914888,"hotashiChug"
1914888,"hotashiKokoro"
1914888,"hotashiAlert"
1914888,"hotashiSugarcoat"
1914888,"hotashiClout"
1914888,"hotashiBlush"
1914888,"hotashiSmart"
1914888,"hotashiCute"
1914888,"hotashiNani"
1914888,"hotashiHewwo"
1914888,"hotashiRights"
1914888,"hotashiZoomfie"
1914888,"hotashiWiped"
1914888,"hotashiSleep"
1914888,"hotashiMash"
1914888,"hotashiDerp"
1914888,"hotashiYawn"
1914888,"hotashiPower"
1914888,"hotashiStudying"
1914888,"hotashiSip"
1914888,"hotashiZoom"
1914888,"hotashiJam"
1914888,"hotashiSmug"
1914888,"hotashiMunching"
1914888,"hotashiPeek"
1914888,"hotashiPensive"
1914888,"hotashiCryin"
1914888,"hotashiShootin"
1914888,"hotashiMoist"
1914888,"hotashiCringe"
1960934,"luckThink"
1960934,"luckManatee"
1960934,"luckH"
1960934,"luckHi"
1960934,"luckGood"
1960934,"luckRage"
1960934,"luckTato"
1960934,"luckHype"
1960934,"luckHow"
1960934,"luckAye"
1960934,"luckNuke"
1960934,"luckCoffee"
1960934,"luckSnooze"
1960934,"luckCamp2"
1960934,"luckCamp1"
1960934,"luckSmile"
1960934,"luckDMs"
1960934,"luckGift"
1960934,"luckFrown"
1960934,"luckLaugh"
1960934,"luckParty"
1960934,"luckS"
1960934,"luckTune"
1960934,"luckMoney"
2000180,"tougieWalk"
2000180,"tougieSleep"
2000180,"tougieSLAP"
2000180,"tougieShame"
2000180,"tougieKH"
2000180,"tougiePraiseBe"
2000180,"tougieCyn"
2000180,"tougieGG"
2000180,"tougieKool"
2000180,"tougieEmmy1"
2000180,"tougieBoi"
2000180,"tougieChair"
2000180,"tougieClay"
2000180,"tougieHype"
2000180,"tougieCry"
2000180,"tougieHmm"
2000180,"tougieZzz"
2000180,"tougieYeah"
2000180,"tougieWtf"
2000180,"tougieRage"
2000180,"tougieRevan"
2000180,"tougieLegs"
2000180,"tougieConnor"
2000180,"tougieWhat"
2000180,"tougieMic"
2000180,"tougiePoggerMcGregor"
2000180,"tougieCrash"
2000180,"tougieBill"
2000180,"tougieRumble"
2000180,"tougiePizza"
2000180,"tougieNuke1"
2000180,"tougieJerry"
2000180,"tougieTrash"
2000180,"tougieBruce"
2000180,"tougieMilk"
2000180,"tougieKev"
2000180,"tougieDeke"
2005586,"moczyGG"
2005586,"moczyBELLE"
2005586,"moczyGift"
2005586,"moczyHi"
2005586,"moczyHeart"
2005586,"moczyRage"
2005586,"moczyRambelle"
2005586,"moczyBeg"
2005586,"moczyDoodoobutter"
2005586,"moczyGASM"
2005586,"moczySleep"
2005586,"moczyTwinkle"
2005586,"moczySir"
2005586,"moczySS"
2005586,"moczySeemsGood"
2005586,"moczyThink"
2005586,"moczyFace"
2005586,"moczyMB"
2005586,"moczyStab"
2005586,"moczyOG"
2005586,"moczyWeirdFlex"
2005586,"moczyDerrrrrrrrr"
2005586,"moczySus"
2005586,"moczyImAwake"
2005586,"moczy69"
2005586,"moczyDad"
2005586,"moczyCreep"
2005586,"moczyBulge"
2005586,"moczyLUL"
2005586,"moczySubm"
2005586,"moczyMonkaS"
2005586,"moczyMoxhi"
2005586,"moczyWhaa"
2005586,"moczySim"
2005586,"moczy113"
2005586,"moczyH"
2005586,"moczyITY"
2005586,"moczyTrashed"
2024156,"flitzFlitzgameface"
2024156,"flitzYum"
2024156,"flitzLove"
2024156,"flitzFeels"
2024156,"flitzBru"
2024156,"flitzCoolguy"
2024156,"flitzTalk2hand"
2024156,"flitzNani"
2024156,"flitzOkay"
2024156,"flitzBabyBloo"
2024156,"flitzBabyPeech"
2024156,"flitzNE6"
2027306,"xashPray"
2027306,"xashCoffee"
2027306,"xashSalt"
2027306,"xashSmile"
2027306,"xashPalm"
2027306,"xashHype"
2027306,"xashWink"
2027306,"xashSmug"
2027306,"xashGil"
2027306,"xashLurk"
2027306,"xashDerp"
2027306,"xashDab"
2027306,"xashKnife"
2027306,"xashChicken"
2027306,"xashDrool"
2027306,"xashSleeper"
2027306,"xashLove"
2027306,"xashWave"
2027306,"xashGasm"
2027306,"xashRage"
2027306,"xashCry"
2027306,"xashCreep"
2027306,"xashPop"
2027306,"xashPanic"
2027306,"xashThrow"
2027306,"xashChamp"
2027306,"xashEureka"
2027306,"xashNotes"
2027306,"xashBooty"
2027306,"xashBan"
2027306,"xashAir"
2027306,"xashGG"
2027306,"xashFile"
2027306,"xashMB"
2027306,"xashDoubt"
2027306,"xashNeedles"
2027306,"xashShush"
2027306,"xashRIP"
2027306,"xashLUL"
2027306,"xashDote"
2027306,"xashHQ"
2059614,"hopeSip"
2059614,"hopeLovegold"
2059614,"hopeComfy"
2059614,"hopeHmm"
2059614,"hopeWow"
2059614,"hopeLewd"
2059614,"hopeDuck1"
2059614,"hopeDuck2"
2059614,"hopeDuck3"
2059614,"hopeDuck4"
2059614,"hopeGasp"
2059614,"hopeCry"
2059614,"hopeIsee"
2059614,"hopeIreallysee"
2059614,"hopeScared"
2059614,"hope4"
2059614,"hopeLurk"
2059614,"hopeLurk2"
2059614,"hopeHi"
2059614,"hopeCool"
2059614,"hopeWut"
2059614,"hopeDespair"
2059614,"hopeLove"
2059614,"hopeOut"
2059614,"hopePat"
2059614,"hopeSteer"
2059614,"hopeWOOW"
2059614,"hopeHeck"
2059614,"hopeArrive"
2059614,"hopeGamer"
2059614,"hopeBox"
2059614,"hopeBlind"
2059614,"hopeDesbear"
2083752,"fisCreep"
2083752,"fisFeels"
2083752,"fisGG"
2083752,"fisHype"
2083752,"fisPotatoAim"
2083752,"fisLlama"
2083752,"fisRage"
2083752,"fisRekt"
2083752,"fisThirst"
2083752,"fisBoogie"
2083752,"fisPride"
2083752,"fisBigFan"
2083752,"fisPOGGERS"
2083752,"fisSnipes"
2083752,"fisChapStick"
2083752,"fisNugget"
2083752,"fisCash"
2083752,"fisTrash"
2083752,"fisDead"
2083752,"fisGrinch"
2083752,"fisGift"
2083752,"fisPuke"
2083752,"fisXmen"
2083752,"fisMomma"
2083752,"fisDrama"
2083752,"fisThicc"
2083752,"fisPnut2"
2083752,"fisFine"
2083752,"fisThot"
2083752,"fisSplat"
2083752,"fisChair"
2083752,"fisTrain"
2083752,"fisTrain2"
2083752,"fisTrain3"
2083752,"fisEvil"
2083752,"fisLive"
2083752,"fisDab"
2083752,"fisRip"
2083752,"fisLove"
2083752,"fisAlala"
2083752,"fisFood"
2083752,"fisLETSGOFACE"
2083752,"fisABS"
2083752,"fisCHUGJUG"
2098997,"ryngeOooo"
2098997,"ryngeDespair"
2098997,"ryngeHa"
2098997,"ryngePain"
2098997,"ryngeRAW"
2098997,"ryngeBelow"
2098997,"ryngeChef"
2098997,"ryngeSuccess"
2098997,"ryngeLol"
2098997,"ryngeHighlight"
2098997,"ryngeDeebo"
2098997,"ryngeMamba"
2098997,"ryngeChampion"
2098997,"ryngeADsuccess"
2098997,"ryngeHappy"
2098997,"ryngeNani"
2098997,"ryngeDipset"
2098997,"ryngePog"
2098997,"ryngeHater"
2098997,"ryngeClap"
2098997,"ryngeBop"
2098997,"ryngeKira"
2098997,"ryngeLook"
2098997,"ryngeSchemin"
2136932,"hbbWater"
2136932,"hbbWTF"
2142933,"spraggHoly"
2142933,"spraggMAGIC"
2142933,"spraggWin"
2142933,"spraggHold"
2142933,"spraggBald"
2142933,"spraggStrong"
2142933,"spraggTOXIC"
2142933,"spraggStrap"
2142933,"spraggGLORIOUS"
2142933,"spraggCry"
2142933,"spraggHog"
2142933,"spraggGold"
2142933,"spraggSpraggy"
2142933,"spraggSellout"
2142933,"spraggLOVE"
2142933,"spraggSquat"
2142933,"spraggBILLY"
2142933,"spraggSleep"
2142933,"spraggOLAF"
2142933,"spraggPOG"
2142933,"spraggSpit"
2142933,"spraggMilli"
2142933,"spraggClown"
2142933,"spraggBottle"
2142933,"spraggPrimer"
2142933,"spraggNice"
2142933,"spraggHAPPY"
2142933,"spraggKarting"
2142933,"spraggReads"
2142933,"spraggSh"
2142933,"spraggWHAIM"
2142933,"spraggPopcorn"
2142933,"spraggMuted"
2142933,"spraggChube"
2142933,"spraggWON"
2142933,"spraggTIME"
2142933,"spraggElf"
2142933,"spraggDEAL"
2142933,"spraggPHIL"
2142933,"spraggTonk"
2142933,"spraggITM"
2142933,"spraggLUL"
2142933,"spraggLate"
2142933,"spraggBbz"
2142933,"spraggMarlz"
2142933,"spraggWiggle"
2142933,"spraggMod"
2142933,"spraggMoose"
2143603,"fireb0Blob"
2143603,"fireb0Love"
2143603,"fireb0Saber"
2143603,"fireb0Chillin"
2143603,"fireb0Shake"
2143603,"fireb0Zote"
2143603,"fireb0Hug"
2143603,"fireb0Comfy"
2143603,"fireb0Waha"
2143603,"fireb0Wave"
2143603,"fireb0Cloth"
2143603,"fireb0Sit"
2143603,"fireb0Hotdog"
2143603,"fireb0Sad"
2143603,"fireb0Evil"
2143603,"fireb0Bonk"
2143603,"fireb0Disciple"
2143603,"fireb0Bongo"
2143603,"fireb0Woo"
2143603,"fireb0Pog"
2164989,"kempPalm"
2164989,"kempDab"
2164989,"kempSunglasses"
2164989,"kempCat"
2164989,"kempBirb"
2164989,"kempCon"
2164989,"kempBanana"
2164989,"kempDisgust"
2164989,"kempAAA"
2164989,"kempDed"
2164989,"kempWow"
2164989,"kempScrap"
2164989,"kempConHD"
2164989,"kempR"
2164989,"kempTea"
2164989,"kempRage"
2164989,"kempBrick"
2164989,"kempHehe"
2164989,"kemp191"
2216517,"necronzeroNarga"
2216517,"necronzeroMagna"
2216517,"necronzeroRati"
2216517,"necronzeroRath"
2216517,"necronzeroGift"
2216517,"necronzeroIn"
2216517,"necronzeroThumb"
2216517,"necronzeroTetra"
2216517,"necronzeroEating"
2216517,"necronzeroKhezu"
2216517,"necronzeroBazel"
2216517,"necronzeroFab"
2216517,"necronzeroUhuh"
2216517,"necronzeroMeh"
2216517,"necronzeroCat"
2216517,"necronzeroStrong"
2216517,"necronzeroMoney"
2216517,"necronzeroPalamute"
2216517,"necronzeroKirin"
2216517,"necronzeroMizu"
2216517,"necronzeroPalam"
2216517,"necronzeroHarag"
2216517,"necronzeroTigrex"
2216517,"necronzeroYawn"
2216517,"necronzeroRajang"
2261919,"crreamPat"
2261919,"crreamHi"
2261919,"crreamClown"
2261919,"crreamH3"
2261919,"crreamH2"
2261919,"crreamH1"
2261919,"crreamNote"
2261919,"crreamHm"
2261919,"crreamSh"
2261919,"crreamC1"
2261919,"crreamC2"
2261919,"crreamDrag"
2261919,"crreamCook"
2261919,"crreamFeed"
2261919,"crreamMarker"
2261919,"crreamRE"
2261919,"crreamSquish"
2261919,"crreamEvil"
2261919,"crreamCheers"
2261919,"crreamAD"
2261919,"crreamG"
2261919,"crreamD"
2261919,"crreamKek"
2261919,"crreamBrain"
2261919,"crreamSip"
2261919,"crreamLurk"
2261919,"crreamS"
2261919,"crreamPanic"
2261919,"crreamW"
2261919,"crreamGasm"
2261919,"crreamSUS"
2261919,"crreamZzz"
2261919,"crreamHug"
2261919,"crreamBlind"
2261919,"crreamWtf"
2261919,"crreamTHICCC"
2261919,"crreamDap"
2261919,"crreamThink"
2261919,"crreamPain"
2261919,"crreamAxe"
2261919,"crreamOK"
2261919,"crreamGive"
2261919,"crreamBOI"
2261919,"crream1"
2261919,"crreamOld"
2261919,"crreamRave"
2261919,"crreamSuffer"
2261919,"crream3"
2261919,"crreamCop"
2261919,"crreamWaddle"
2261919,"crreamVoid"
2261919,"crreamBonk"
2261919,"crreamRiot"
2261919,"crreamYep"
2261919,"crreamBlank"
2261919,"crreamBrows"
2261919,"crreamTree"
2261919,"crream2"
2261919,"crreamNYAA"
2261919,"crreamHype"
2261919,"crreamAHH"
2261919,"crreamLOOT"
2261919,"crreamNova"
2261919,"crreamGlare"
2261919,"crreamResca"
2261919,"crreamStick"
2261919,"crreamMore"
2261919,"crreamChonk"
2261919,"crreamLook"
2261919,"crreamDespair"
2261919,"crreamCry"
2261919,"crreamSmug"
2261919,"crreamHUNGER"
2305215,"bartgeoMerci"
2305215,"bartgeoCoucou"
2305215,"bartgeoORire"
2305215,"bartgeoKarmate"
2305215,"bartgeoMori"
2305215,"bartgeoCrochet"
2305215,"bartgeoShocked"
2305215,"bartgeoOpeur"
2305215,"bartgeoHoho"
2305215,"bartgeoCeno"
2305215,"bartgeoGasme"
2305215,"bartgeoPopcornn"
2305215,"bartgeoPoulet"
2305215,"bartgeoAmour"
2305215,"bartgeoOcoeur"
2305215,"bartgeoCouteaux"
2305215,"bartgeoYo"
2305215,"bartgeoAhaha"
2305215,"bartgeoDanse"
2305215,"bartgeoHeyboy"
2305215,"bartgeoVip"
2305215,"bartgeoHuntress"
2305215,"bartgeoOut"
2305215,"bartgeoRq"
2305215,"bartgeoNoed"
2305215,"bartgeoOeuf"
2305215,"bartgeoBoy2"
2305215,"bartgeoBoy"
2305215,"bartgeoKnif"
2305215,"bartgeoFete"
2305215,"bartgeoFamily"
2305215,"bartgeoBoisson"
2305215,"bartgeoOMGI"
2305215,"bartgeoDemontemoi"
2305215,"bartgeoFace"
2305215,"bartgeoRigolade"
2305215,"bartgeoAngry"
2305215,"bartgeoChat"
2305215,"bartgeoKarma"
2305215,"bartgeoBete"
2305215,"bartgeoEZ"
2305215,"bartgeoChevreuil"
2338479,"baseFAX"
2338479,"basePuppy"
2338479,"baseScoops"
2338479,"baseMiss"
2338479,"baseDaddy"
2338479,"baseSUB"
2338479,"baseLocker"
2338479,"baseMVP"
2338479,"baseHI"
2338479,"baseTRASH"
2338479,"baseThicc"
2338479,"baseLOVE"
2338479,"baseCARRY"
2338479,"baseToxic"
2338479,"baseDONO"
2338479,"baseLUL"
2338479,"baseSneak"
2338479,"baseHYPE"
2378320,"iochiHemu"
2378320,"iochiWanan"
2378320,"iochiAho"
2378320,"iochiHoahlah"
2378320,"iochiRRR"
2378320,"iochiChi"
2378320,"iochiBigHemu"
2378320,"iochiP"
2378320,"iochiHA"
2378320,"iochi8"
2378320,"iochiOh"
2378320,"iochiD"
2378320,"iochiJasai"
2378320,"iochiKagin"
2378320,"iochiYes"
2378320,"iochiNo"
2378320,"iochiGinko"
2378320,"iochiKuku"
2378320,"iochiBan"
2378320,"iochiCry"
2378320,"iochiUsoyade"
2378320,"iochiTomo"
2378320,"iochiE"
2378320,"iochiNani"
2378320,"iochiKuikang"
2378320,"iochiNape"
2378320,"iochiNikukyuu"
2378320,"iochiKimoi"
2378320,"iochiTomoRRR"
2378320,"iochiLove"
2378320,"iochiPa"
2378320,"iochiTongue"
2378320,"iochiZ"
2378320,"iochiNeoTomo"
2397688,"ryanoobFace"
2397688,"ryanoobMad"
2397688,"ryanoobApollo"
2397688,"ryanoobCozy"
2397688,"ryanoobMonkaS"
2397688,"ryanoobBrain"
2397688,"ryanoobNerd"
2397688,"ryanoobEU"
2397688,"ryanoobHi"
2397688,"ryanoob117"
2400710,"membHI"
2400710,"membWTF"
2400710,"membKappa"
2400710,"membSub"
2400710,"membPUSH"
2400710,"memb11"
2400710,"membF4"
2400710,"membBOA"
2400710,"membHYPE"
2400710,"memb10"
2400710,"membGold"
2400710,"membTP"
2400710,"membCHAIR"
2400710,"membPANIC"
2400710,"membLURKER"
2400710,"membKP"
2400710,"membCLOWN"
2400710,"membSCARLET"
2400710,"membBULL"
2400710,"membTitanic"
2400710,"membSELLOUT"
2400710,"membRage"
2400710,"membSIRIUS"
2400710,"membINCREDIBLE"
2400710,"membIN"
2400710,"membLOVE"
2400710,"membBAMBI"
2400710,"membAM"
2400710,"membSOFA"
2400710,"membLALA"
2400710,"membFLIX"
2400710,"membFace"
2400710,"membBoom"
2400710,"membGG"
2400710,"membPC"
2400710,"membSmile"
2400710,"membPray"
2400710,"membAY"
2400710,"membTunis"
2400710,"membREAL"
2400710,"membStradamus"
2400710,"membSick"
2400710,"membDJ"
2400710,"membUP"
2400710,"membHOLE"
2400710,"membBABY"
2400710,"membTHINK"
2400710,"membWALL"
2400710,"membVINCH"
2400710,"membTRADE"
2400710,"membZERO"
2400710,"memb25"
2400710,"membJORDAN"
2400710,"membLIEREYY"
2400710,"membTOTAL"
2400710,"membBABOOM"
2400710,"membLEO"
2400710,"membKOTD"
2400710,"membJAM"
2400710,"membVIPER"
2400710,"membWARLORD"
2400710,"membAmbulance"
2531286,"rhymeOh"
2531286,"rhymeWtf"
2531286,"rhymeShock"
2531286,"rhymeRage"
2531286,"rhymeSweat"
2531286,"rhymeWeeb"
2531286,"rhymeEvil"
2531286,"rhymeHakai"
2531286,"rhymeBrain"
2531286,"rhymeOkay"
2531286,"rhymeRegular"
2531286,"rhymeBuu"
2531286,"rhymeWut"
2531286,"rhymeWiggle"
2531286,"rhymeReverse"
2531286,"rhymeClown"
2531286,"rhymeBuffer"
2601579,"m2kPound"
2601579,"m2kHYPE"
2601579,"m2kUwu"
2601579,"m2kW"
2601579,"m2kFD"
2601579,"m2kDair"
2601579,"m2kAY"
2601579,"m2kJV"
2601579,"m2kResearch"
2601579,"m2kEU"
2601579,"m2kGasm"
2601579,"m2kScreech"
2601579,"m2kDomo"
2601579,"m2kCloud"
2601579,"m2k5head"
2601579,"m2kToxic"
2601579,"m2kLolm2k"
2601579,"m2kMarf"
2601579,"m2kMii"
2601579,"m2kPog"
2601579,"m2kDead"
2601579,"m2kEZ"
2601579,"m2kHi"
2601579,"m2kJAM"
2601579,"m2kLewd"
2601579,"m2kRage"
2601579,"m2kSip"
2601579,"m2kShout"
2601579,"m2kAang"
2601579,"m2kAvatarstate"
2601579,"m2kThink"
2601579,"m2kCute"
2601579,"m2kCheese"
2601579,"m2kSteve"
2601579,"m2kSephiroth"
2601579,"m2kSephsmug"
2601579,"m2kPogU"
2601579,"m2kLove"
2601579,"m2kSmugNia"
2601579,"m2kCoffee"
2601579,"m2kWhisper"
2601579,"m2kPout"
2601579,"m2kFail"
2601579,"m2kJiggs"
2601579,"m2kDoc"
2601579,"m2kYason"
2601579,"m2kDab"
2601579,"m2kAnime"
2601579,"m2kTeatime"
2601579,"m2kPls"
2601579,"m2kSora2K"
2601579,"m2kWave"
2601579,"m2kSorapog"
2601579,"m2kKey"
2605276,"haveocBlind"
2605276,"haveocSad"
2605276,"haveocCute"
2605276,"haveocDerp"
2605276,"haveocKiss"
2605276,"haveocLurk"
2605276,"haveocMeh"
2605276,"haveocPissed"
2605276,"haveocScared"
2605276,"haveocSmug"
2605276,"haveocSmile"
2605276,"haveocSkep"
2605276,"haveocDab"
2605276,"haveocFused"
2605276,"haveocLenny"
2605276,"haveocShrug"
2605276,"haveocCringe"
2605276,"haveocFail"
2605276,"haveocHappy"
2605276,"haveocBonk"
2605276,"haveocAww"
2605276,"haveocYay"
2605276,"haveocPat"
2605276,"haveocLick"
2605276,"haveocHug"
2605276,"haveocGasm"
2605276,"haveocBlank"
2605276,"haveocPew"
2605276,"haveocHey"
2605276,"haveocKuschel"
2605276,"haveocH"
2605276,"haveocREE"
2605276,"haveocDevil"
2605276,"haveocCop"
2605276,"haveocHype"
2605276,"haveocPride"
2605276,"haveocShy"
2605276,"haveocNom"
2605276,"haveocMyers"
2605276,"haveocAngel"
2605276,"haveocGrinch"
2605276,"haveocSpit"
2605276,"haveocRip"
2718276,"farisuYo"
2718276,"farisuWater"
2718276,"farisuThrone"
2718276,"farisuSleep"
2718276,"farisuTrb9"
2734215,"zeldunDorf"
2734215,"zeldunHeart"
2734215,"zeldunLewd"
2734215,"zeldunHype"
2734215,"zeldunRIP"
2734215,"zeldunFine"
2734215,"zeldunDrink"
2734215,"zeldunPaid"
2734215,"zeldunFail"
2734215,"zeldunLurk"
2734215,"zeldunToon"
2734215,"zeldunKorok"
2734215,"zeldunHoo"
2765645,"jukeWut"
2765645,"jukePoo"
2765645,"jukeC"
2765645,"jukeL"
2765645,"jukeHype"
2765645,"jukeTen"
2765645,"jukeWave"
2765645,"jukeSalt"
2765645,"jukeCry"
2765645,"jukeRip"
2765645,"jukeRage"
2765645,"jukeMoney"
2765645,"jukeLuv"
2765645,"jukeF"
2765645,"jukeDub"
2765645,"jukeP"
2765645,"jukeS"
2765645,"jukeH"
2765645,"jukePan"
2765645,"jukeWow"
2800520,"ludaStachio"
2800520,"ludaVibe"
2800520,"ludaCraig"
2800520,"ludaPlayhalo"
2807535,"biteGabe"
2807535,"biteBoof"
2807535,"bitePug"
2807535,"biteWar"
2807535,"biteDefend"
2807535,"biteCard"
2807535,"biteMad"
2807535,"biteSpook"
2807535,"biteShock"
2807535,"biteEasy"
2807535,"biteOof"
2807535,"biteLul"
2807535,"biteDoc"
2807535,"biteBruh"
2807535,"biteMean"
2807535,"biteLook"
2807535,"biteW"
2941086,"ggqKart"
2941086,"ggqHeart"
2941086,"ggqGoldenFreak"
2941086,"ggqCry"
2941086,"ggqWink"
2941086,"ggqGG"
2941086,"ggqRIP"
2941086,"ggq10"
2941086,"ggqSalt"
2941086,"ggqGQ"
2941086,"ggqJQ"
2941086,"ggqYes"
2941086,"ggqLurk"
2941086,"ggqCoffee"
2941086,"ggqPeace"
2941086,"ggqSmart"
2941086,"ggqDerp"
2941086,"ggqRage"
2941086,"ggqReee"
2941086,"ggqPog"
2941086,"ggqAslan"
2941086,"ggqSip"
2941086,"ggqHi"
2941086,"ggqCool"
2941086,"ggqVROOM"
2941086,"ggqJudge"
2941086,"ggqHey"
2941086,"ggqPeek"
2941086,"ggqCaspi"
2941086,"ggqSalty"
2943498,"tunerRCAR"
2943498,"tunerRPT"
2943498,"tunerRcorrimao1"
2943498,"tunerRsurprise1"
2943498,"tunerRpreso"
2943498,"tunerRdvsurprisepride"
2943498,"tunerRcorrimaopride"
2943498,"tunerRok"
2943498,"tunerRquiBoti"
2943498,"tunerRpeace"
2943498,"tunerRaguenta"
2943498,"tunerVaselina"
2943498,"tunerRage"
2943498,"tunerApanha"
2943498,"tuner3a"
2943498,"tunerCliente"
2943498,"tunerSmurf"
2943498,"tunerSmile"
2943498,"tunerFonte"
2943498,"tunerLingua"
2943498,"tunerBaby"
2943498,"tunerClip"
2943498,"tunerBeicinho"
2943498,"tunerPastaTermica"
2943498,"tunerEnfiar"
2943498,"tunerBosta"
2943498,"tunerTuTb"
2943498,"tunerLidar"
2943498,"tunerFesta"
2943498,"tunerDance"
2943498,"tunerComboio"
2943498,"tunerTelefone"
2943498,"tunerArranja10"
2962261,"hfcRetake"
2962261,"hfcSora"
2962261,"hfcWynaut"
2962261,"hfcDead"
2962261,"hfcBush"
2962261,"hfcBanjo"
2962261,"hfcCope"
2962261,"hfcHighro"
2962261,"hfcKing"
2962261,"hfcMALFOY"
2962261,"hfcHype"
2962261,"hfcDisappointed"
2982838,"sureChamp"
2982838,"sureAYAYA"
2982838,"sureAyaa"
2982838,"sureF"
2982838,"sureS"
2982838,"sureHA"
2982838,"sureGasm"
2982838,"sureDva"
2982838,"sureW"
2982838,"sureLick"
2982838,"sureRIP"
2982838,"sureSC"
2982838,"sureLURK"
2982838,"sureWOW"
2982838,"sureSHRUG"
2982838,"sureCF"
2982838,"sureCZZZ"
2982838,"sureNYEH"
2982838,"sureAHH"
2982838,"sureST"
2982838,"sureSIP"
2982838,"sureSAND"
2982838,"sureHUG"
2982838,"sureHEY"
2982838,"sureH"
2982838,"sureCRY"
2982838,"sureB"
2982838,"surePOMP"
2982838,"sureR"
2982838,"sureC"
2982838,"sureL"
2982838,"sureBANG"
2982838,"sureLUL"
2982838,"sureREE"
2982838,"sureGLA"
2982838,"sureMS"
2986688,"boyksDRINK"
2986688,"boyksEatASoda"
2986688,"boyksSmug"
2986688,"boyksYourSoulIsMine"
2986688,"boyksBubsy"
2986688,"boyksHug"
2986688,"boyksBaka"
2986688,"boyksGasp"
2986688,"boyksHi"
2986688,"boyksLove"
2986688,"boyksShrug"
2986688,"boyksThink"
2986688,"boyksJam"
2986688,"boyksLAW"
2986688,"boyksSpookyHi"
2986688,"boyksHamha"
2986688,"boyksBassChamp"
2986688,"boyksSip"
2986688,"boyksSpookyShrug"
2986688,"boyksOhNo"
2986688,"boyksSpookyBaka"
2986688,"boyksSalem"
2986688,"boyksFishing"
2986688,"boyksSpookyLove"
2986688,"boyksDoot"
2986688,"boyksSpookyThink"
3001738,"sglPloho"
3001738,"sglPepe"
3001738,"sglLenny"
3001738,"sglLuck"
3001738,"sglJim"
3001738,"sglRef"
3028810,"d88Story"
3028810,"d88Calm"
3028810,"d88Pog"
3028810,"d88BabyCalm"
3028810,"d88Chair"
3028810,"d88A"
3028810,"d88B"
3028810,"d88C"
3028810,"d88D"
3028810,"d881"
3028810,"d882"
3028810,"d883"
3028810,"d884"
3028810,"d88Hypers"
3028810,"d88Hi"
3028810,"d88Blind"
3028810,"d88Aww"
3028810,"d88Fail"
3028810,"d88Bless"
3028810,"d88Banger"
3028810,"d88Rage"
3028810,"d88Feels"
3028810,"d88Tea"
3028810,"d88Smug"
3028810,"d88Shh"
3028810,"d88Hype"
3028810,"d88Notes"
3028810,"d88Evil"
3028810,"d88Scared"
3028810,"d88Plot"
3028810,"d88PewPew"
3028810,"d88Hmm"
3028810,"d88Pew"
3028810,"d88Wut"
3028810,"d88Lurk"
3028810,"d88OldManDan"
3028810,"d88Pewpewpew"
3028810,"d88HandsUp"
3028810,"d88Smash"
3028810,"d88Happy"
3028810,"d88DED"
3028810,"d88Crazy"
3028810,"d88Scare"
3028810,"d88Gift"
3028810,"d88Greed"
3028810,"d88Snug"
3028810,"d88Sleep"
3028810,"d88Feast"
3028810,"d88Lost"
3088139,"baysolHI"
3088139,"baysolBits"
3088139,"baysolPog"
3088139,"baysolGG"
3088139,"baysolHype"
3088139,"baysolFine"
3088139,"baysolOne"
3088139,"baysolVibes"
3088139,"baysol1"
3088139,"baysolChill"
3088139,"baysolYeah"
3088139,"baysolDaddy"
3100409,"omegaevoYosh"
3100409,"omegaevoPopZ"
3100409,"omegaevoCry"
3100409,"omegaevoYeah"
3100409,"omegaevoLewd"
3100409,"omegaevoWut"
3100409,"omegaevoMode"
3100409,"omegaevoRIP"
3100409,"omegaevoRNG"
3100409,"omegaevoWave"
3100409,"omegaevoThink"
3100409,"omegaevoS"
3100409,"omegaevoDerp"
3100409,"omegaevoUwU"
3100409,"omegaevoNotLikeThis"
3100409,"omegaevoCute"
3100409,"omegaevoLurk"
3100409,"omegaevoP"
3100409,"omegaevoSmug"
3100409,"omegaevoMacho"
3100409,"omegaevoStupidBoy"
3100409,"omegaevoTeeHee"
3100409,"omegaevoJhobaited"
3100409,"omegaevoMrgrgr"
3100409,"omegaevoRage"
3100409,"omegaevoMash"
3100409,"omegaevoDerping"
3102991,"axialTips"
3102991,"axialGOLD"
3102991,"axialDonut"
3102991,"axialRaid"
3102991,"axialSugarCube"
3102991,"axialLiquid"
3102991,"axialReally"
3102991,"axialCrying"
3102991,"axialEYYYY"
3102991,"axialDronk"
3102991,"axialOak"
3102991,"axialPokenut"
3102991,"axialJigglyFear"
3102991,"axialJigglyWha"
3102991,"axialOwl"
3102991,"axialEhLink"
3102991,"axialMagical"
3102991,"axialMattBall"
3102991,"axialMidna"
3102991,"axialMagicalSmile"
3102991,"axialTingle"
3102991,"axialCrit"
3102991,"axialRIP"
3102991,"axialHillenborn"
3102991,"axialClutch"
3102991,"axialBusinessBear"
3102991,"axialBezosBear"
3102991,"axialSoup"
3102991,"axialRegal"
3102991,"axialTalon"
3102991,"axialCat"
3102991,"axialHappy"
3102991,"axialScared"
3102991,"axialSleep"
3102991,"axialCatRoyal"
3102991,"axialHype"
3102991,"axialMage"
3102991,"axialDive"
3102991,"axialMoonCrash"
3102991,"axialHydrate"
3102991,"axialShock"
3102991,"axialSharkHeart"
3102991,"axialBlankies"
3102991,"axialLaugh"
3102991,"axialHumbomb"
3102991,"axialRage"
3102991,"axialSad"
3102991,"axialLadderdorf"
3102991,"axialCatMajestic"
3102991,"axialCatLaugh"
3102991,"axialCatMage"
3119120,"bowlinLort"
3119120,"bowlinCookie"
3119120,"bowlinStory"
3119120,"bowlinChair"
3119120,"bowlinBcb"
3119120,"bowlinPole"
3119120,"bowlinRpuff"
3119120,"bowlinLpuff"
3119120,"bowlinYay"
3119120,"bowlinFin"
3119120,"bowlinTalks"
3119120,"bowlinMeng"
3119120,"bowlinTacobell"
3119120,"bowlinTmi"
3119120,"bowlinPepper"
3119120,"bowlinDadjoke"
3119120,"bowlinGoldmeng"
3119120,"bowlinCorn"
3119120,"bowlinBaby"
3119120,"bowlinBb"
3119120,"bowlinCheese"
3119120,"bowlinScaredmatty"
3119120,"bowlinScaredlissy"
3119120,"bowlinRaid"
3119120,"bowlinCourt"
3119120,"bowlinBat"
3119120,"bowlinBehw"
3119120,"bowlinBrunch"
3119120,"bowlinHKEH"
3119120,"bowlinNYAH"
3119120,"bowlinCircle"
3119120,"bowlinMatty"
3119120,"bowlinLissy"
3180852,"ankMONA"
3180852,"ankSB"
3180852,"ankHEA"
3180852,"ankSA"
3180852,"ankFCF"
3180852,"ankGR"
3180852,"ankCK"
3180852,"ankMonat"
3180852,"ankMonap"
3180852,"ankMonas"
3180852,"ankMonal"
3180852,"ankMonaL"
3180852,"ankMonaa"
3180852,"ankMonac"
3180852,"ankMonaq"
3180852,"ankMS"
3180852,"ankHi"
3180852,"ankMD"
3180852,"ankLG"
3180852,"ankS"
3180852,"ankOK"
3180852,"ankSadfri"
3180852,"ankCA"
3180852,"ankCry"
3180852,"ankAUS"
3180852,"ankHUH"
3180852,"ankHeya"
3180852,"ankPepe"
3180852,"ankMonafish"
3183629,"royalWig"
3183629,"royalSEN"
3183629,"royalPig"
3183629,"royalHype"
3183629,"royalPeeled"
3183629,"royalTilt"
3183629,"royalPog"
3183629,"royalGeo"
3183629,"royalFlex"
3183629,"royal2long"
3183629,"royalDemon"
3183629,"royalBark"
3183629,"royalClap"
3183629,"royalJail"
3240233,"vyoMad"
3240233,"vyoEnergy"
3240233,"vyoPopcorn"
3240233,"vyoBest"
3240233,"vyoBruh"
3240233,"vyoAngry"
3240233,"vyoHeart"
3240233,"vyoHype"
3240233,"vyoLurk"
3240233,"vyoWow"
3240233,"vyoHi"
3240233,"vyoCya"
3240233,"vyoFine"
3240233,"vyoNotes"
3240233,"vyoSip"
3240233,"vyoGun"
3240233,"vyoDance"
3240233,"vyoBeer"
3240233,"vyoHmm"
3240233,"vyoCozy"
3240233,"vyoShrug"
3240233,"vyoGg"
3282480,"warsThump"
3282480,"warsSmile"
3282480,"warsGold"
3282480,"warsNose"
3282480,"warsCool"
3282480,"warsHeh"
3282480,"warsJokerbaby"
3282480,"warsPiped"
3282480,"warsBaby"
3282480,"warsHead"
3282480,"warsFace"
3282480,"warsVeryPog"
3282480,"warsPog"
3282480,"warsBoop"
3282480,"warsXD"
3282480,"warsJoy"
3282480,"warsCutie"
3282480,"warsHey"
3282480,"warsStare"
3282480,"warsHuh"
3282480,"warsP"
3282480,"warsLads"
3282480,"warsChamp"
3286344,"dorrRage"
3286344,"dorrCry"
3286344,"dorrSleepin"
3286344,"dorrHey"
3286344,"dorrFaceG"
3286344,"dorrHand"
3286344,"dorrJank"
3286344,"dorrExcite"
3286344,"dorrBless"
3286344,"dorrAble"
3286344,"dorrLUL"
3286344,"dorrBubsy1"
3286344,"dorrBubsy2"
3286344,"dorrBubsy3"
3286344,"dorrDorrBubsy4"
3286344,"dorrRR"
3286344,"dorrMe"
3286344,"dorrOw"
3286344,"dorrD"
3286344,"dorrSniper"
3286344,"dorrJoy"
3286344,"dorrLurk"
3286344,"dorrVomit"
3286344,"dorrFace"
3286344,"dorrYay"
3286344,"dorrSerious"
3286344,"dorrHog"
3286344,"dorrGem"
3286344,"dorrLR"
3286344,"dorrGasm"
3286344,"dorrCreep"
3286344,"dorrOMG"
3286344,"dorrR"
3286344,"dorrL"
3286344,"dorrSunshine"
3286344,"dorrJoyAni"
3286344,"dorrFoil"
3286344,"dorrGemAni"
3286344,"dorrEviler"
3286344,"dorrSpook"
3286344,"dorrExciteAni"
3286344,"dorrRAni"
3286344,"dorrPet"
3286344,"dorrSad"
3286344,"dorrFast"
3286344,"dorrPsycho"
3314452,"nvyCold"
3314452,"nvyNVLIT"
3314452,"nvyGone"
3314452,"nvySmile"
3314452,"nvyLaugh"
3314452,"nvyGang"
3314452,"nvyWont"
3314452,"nvySwipe"
3314452,"nvyHeart"
3314452,"nvyThis"
3314452,"nvySpy"
3314452,"nvyWave"
3314452,"nvyHmm"
3314452,"nvyPoint"
3314452,"nvyHands"
3314452,"nvySmirk"
3314452,"nvyAww"
3314452,"nvyMonkas"
3314452,"nvyLurk"
3314452,"nvyWine"
3314452,"nvyCry"
3332786,"snooYa"
3332786,"snooUp"
3345556,"primNom"
3345556,"primS"
3345556,"primEZ"
3345556,"primWat"
3345556,"primRee"
3345556,"primList"
3345556,"primHue"
3345556,"primWork"
3345556,"primEvil"
3345556,"primHU"
3345556,"primL"
3345556,"primLurk"
3345556,"primSalt"
3345556,"primW"
3345556,"primWave"
3345556,"primYikes"
3345556,"primHmm"
3345556,"primSmile"
3345556,"primGold"
3345556,"primSpace"
3345556,"primPrime"
3345556,"primDab"
3345556,"primThump"
3345556,"primHype"
3345556,"primMDH"
3345556,"primH"
3345556,"primTriDance"
3345556,"primLost"
3345556,"primREEE"
3345556,"primShake"
3389768,"ph1lGasm"
3389768,"ph1lBIGPOG"
3389768,"ph1lHICCUP"
3389768,"ph1lThirst"
3389768,"ph1lYep"
3389768,"ph1lZombie"
3389768,"ph1lFail"
3389768,"ph1lOKthen"
3389768,"ph1lRIP"
3389768,"ph1lAmaze"
3389768,"ph1lExp"
3389768,"ph1lEnd3"
3389768,"ph1lEnd1"
3389768,"ph1lEnd2"
3389768,"ph1lPump"
3389768,"ph1lYikes"
3389768,"ph1lShe"
3389768,"ph1lHe"
3389768,"ph1lJoy"
3389768,"ph1lSalute"
3389768,"ph1lYay"
3389768,"ph1lFishing"
3389768,"ph1lLove"
3389768,"ph1lRekt"
3389768,"ph1lHydrate"
3389768,"ph1lPizza"
3389768,"ph1lScience"
3389768,"ph1lStonks"
3389768,"ph1lRIPsign"
3389768,"ph1lHeart"
3389768,"ph1lH2"
3389768,"ph1lH3"
3389768,"ph1lH4"
3389768,"ph1lH5"
3389768,"ph1lYeee"
3389768,"ph1lM"
3389768,"ph1lCoin"
3389768,"ph1lOoo"
3389768,"ph1lShock"
3389768,"ph1lEarly"
3389768,"ph1lS5"
3389768,"ph1lCrystal"
3389768,"ph1lGapple"
3389768,"ph1lGappleRare"
3389768,"ph1lMumza"
3389768,"ph1lEvilza"
3389768,"ph1lPogChamp"
3389768,"ph1lBruh"
3389768,"ph1lAww"
3389768,"ph1lBELT"
3389768,"ph1lStory"
3389768,"ph1lMad"
3389768,"ph1lOld"
3389768,"ph1lBall"
3389768,"ph1lWheeze"
3389768,"ph1lCrow1"
3389768,"ph1lWilba"
3389768,"ph1lPride"
3389768,"ph1lMparty"
3389768,"ph1lPetTheChat"
3389768,"ph1lClown"
3389768,"ph1lWAIT"
3389768,"ph1lSUS"
3389768,"ph1lTommy"
3389768,"ph1lChef"
3389768,"ph1lMgun"
3389768,"ph1lPopza"
3389768,"ph1lMlove"
3389768,"ph1lAmazeShake"
3389768,"ph1lPIG"
3389768,"ph1lMcrow"
3393813,"eevisuP3"
3393813,"eevisuP2"
3393813,"eevisuP"
3393813,"eevisuW"
3393813,"eevisuRAW"
3393813,"eevisuZ3"
3393813,"eevisuZ2"
3393813,"eevisuZ1"
3393813,"eevisuMOM"
3393813,"eevisuMIC"
3393813,"eevisuAYE"
3393813,"eevisuGasm"
3393813,"eevisuDBZ2"
3393813,"eevisuCMERE"
3393813,"eevisuMEAT2"
3393813,"eevisuHANK"
3393813,"eevisuLOOK"
3393813,"eevisuUMAR"
3393813,"eevisuMUTED"
3393813,"eevisuJMONEY"
3393813,"eevisuJ"
3393813,"eevisuO"
3393813,"eevisuRED"
3393813,"eevisuIZZY"
3393813,"eevisuSHOT"
3393813,"eevisuNOM"
3393813,"eevisuRIP"
3393813,"eevisuGONE"
3393813,"eevisuSUB"
3393813,"eevisuSS"
3393813,"eevisuBOOMER"
3393813,"eevisuCHEEKS"
3393813,"eevisuPOG"
3393813,"eevisuEE"
3393813,"eevisuCRAZY"
3393813,"eevisuYOUR"
3393813,"eevisuMM"
3393813,"eevisuMMF"
3393813,"eevisu7"
3393813,"eevisuClap"
3393813,"eevisuSplat"
3393813,"eevisuOD"
3393813,"eevisuTheif"
3393813,"eevisuS"
3393813,"eevisuBO"
3393813,"eevisuBernice"
3393813,"eevisuWave"
3393813,"eevisuNo"
3393813,"eevisuHype"
3393813,"eevisuBruh"
3395341,"omniHi"
3395341,"omniPanic"
3395341,"omniSad"
3395341,"omniSip"
3395341,"omniDerp"
3395341,"omniHeart"
3395341,"omniCool"
3395341,"omniNagito"
3395341,"omniLmao"
3395341,"omniLewd"
3395341,"omniAHHH"
3395341,"omniHMPH"
3395341,"omniGrin"
3395341,"omniGun"
3395341,"omniPog"
3395341,"omniBruh"
3395341,"omniWut"
3395341,"omniCringe"
3395341,"omniVegeta"
3395341,"omniIndi"
3395341,"omniW"
3395341,"omniY"
3395341,"omniPain"
3395341,"omniMiu"
3395341,"omniPogg"
3395341,"omniAH"
3395341,"omniScare"
3405855,"jjxMuchlove"
3405855,"jjxCarried"
3405855,"jjx10000"
3405855,"jjxBeaming"
3405855,"jjxMilk"
3405855,"jjxLets"
3405855,"jjxGet"
3405855,"jjxHype"
3405855,"jjxOMG"
3405855,"jjxEzcap"
3405855,"jjxSlimFitBaby"
3405855,"jjxPrayers"
3405855,"jjxCracked"
3405855,"jjxBS"
3405855,"jjxNade"
3405855,"jjxJP"
3405855,"jjxToxic"
3405855,"jjxDeleted"
3405855,"jjxJjxKobe"
3405855,"jjxChalked"
3405855,"jjxDoctor"
3405855,"jjxSirBerds"
3405855,"jjxSFB"
3405855,"jjxLUL"
3405855,"jjxFKeast"
3405855,"jjxChicken"
3405855,"jjxFiber"
3405855,"jjxVince"
3405855,"jjxFakeron"
3405855,"jjxCole"
3405855,"jjxFMJ"
3405855,"jjxWorldStar"
3405855,"jjxEpicrage"
3405855,"jjxB4k"
3405855,"jjxNick"
3405855,"jjxTopher"
3405855,"jjx2tap"
3405855,"jjxGhostMelee"
3405855,"jjxMeat"
3405855,"jjxExodus"
3405855,"jjxAssassin"
3405855,"jjxDoubter"
3405855,"jjxPerfect"
3405855,"jjxForehead"
3405855,"jjxNight"
3405855,"jjxSkillgap"
3405855,"jjxLata"
3481156,"valkW"
3481156,"valkG"
3481156,"valkLove"
3481156,"valkOk"
3481156,"valkFlex"
3481156,"valkBits"
3481156,"valkGift"
3481156,"valkSpy"
3481156,"valkDab"
3481156,"valkHyperz"
3481156,"valkCry"
3481156,"valkOut"
3481156,"valkNun"
3481156,"valkWood"
3481156,"valkHype"
3481156,"valkBrug"
3481156,"valkLePog"
3481156,"valkHey"
3481156,"valkGold"
3481156,"valkKush"
3481156,"valkVase"
3481156,"valkChrist"
3481156,"valkBear"
3481156,"valkChair"
3481156,"valkCrown"
3481156,"valkGoldCrown"
3481156,"valkBoom"
3481156,"valkNani"
3481156,"valkGBoom"
3481156,"valkGHype"
3481156,"valkAimLab"
3481156,"valkGFall"
3481156,"valkGulag"
3481156,"valkChute"
3481156,"valkCamp"
3481156,"valkMad"
3481156,"valkFP"
3481156,"valkOof"
3481156,"valkPogChamp"
3481156,"valkS"
3481156,"valkAimBot"
3481156,"valkD"
3481156,"valkM"
3481156,"valkBP1"
3481156,"valkBP2"
3481156,"valk1hp"
3481156,"valkOle"
3533438,"lipeimVem"
3533438,"lipeimAbs"
3533438,"lipeimMaravilhosos"
3533438,"lipeimGift"
3533438,"lipeimSub"
3533438,"lipeimVelocity"
3533438,"lipeimEscarnor"
3533438,"lipeimGg"
3533438,"lipeimGasm"
3533438,"lipeimMoney"
3533438,"lipeimBad"
3533438,"lipeimBullet"
3533438,"lipeimPog"
3533438,"lipeimSuggardaddy"
3533438,"lipeimBits"
3533438,"lipeimLol"
3533438,"lipeimMeus"
3533438,"lipeimLove"
3533438,"lipeimBan"
3533438,"lipeimMara"
3666651,"x0rReee"
3666651,"x0rDerp"
3666651,"x0rCozy"
3666651,"x0rYes"
3666651,"x0rMadd"
3666651,"x0rArf"
3666651,"x0rPotato"
3666651,"x0rYikes"
3666651,"x0rAyaya"
3666651,"x0rMonka"
3666651,"x0rHmm"
3666651,"x0rF"
3666651,"x0rFat"
3666651,"x0rNom"
3666651,"x0rLick"
3666651,"x0rR"
3666651,"x0rL"
3666651,"x0rLewd"
3666651,"x0rD"
3666651,"x0rSip"
3666651,"x0rMadge"
3666651,"x0rSuffer"
3666651,"x0rBlap"
3666651,"x0rBush"
3666651,"x0rBug"
3666651,"x0rLove"
3666651,"x0rCry"
3666651,"x0rLewds"
3666651,"x0rHug"
3666651,"x0rShy"
3666651,"x0rCheer"
3666651,"x0rCopium"
3666651,"x0rSurprise"
3666651,"x0rKek"
3666651,"x0rDink"
3666651,"x0rBlind"
3666651,"x0rWait"
3713327,"hocBumhardt"
3713327,"hocRip"
3713327,"hocF4ml"
3713327,"hocDontstart"
3713327,"hocTeamkill"
3713327,"hocLie"
3713327,"hocBerry"
3713327,"hocBlessUp"
3713327,"hocHaHa"
3713327,"hocGotem"
3713327,"hocWtf"
3713327,"hocOoonoo"
3713327,"hocPower"
3713327,"hocSex"
3713327,"hocG2G"
3713327,"hocCD"
3713327,"hocCAWKS"
3713327,"hocDamn"
3713327,"hocKing"
3713327,"hocMS"
3713327,"hocNNNN"
3713327,"hocOOOO"
3713327,"hocYouDeD"
3713327,"hocNega"
3713327,"hocPain"
3713327,"hocRobbery"
3713327,"hocBackpack"
3713327,"hocBumHype"
3713327,"hoc5head"
3713327,"hocBum"
3713327,"hocBday"
3713327,"hocHappyBday"
3713327,"hocAngryViper"
3713327,"hocZZZZ"
3713327,"hocInJail"
3713327,"hocBop2"
3713327,"hocBBB2022"
3713327,"hocLETSROCK"
3713327,"hocHeatWave"
3713327,"hocBop"
3713327,"hocMFER"
3713327,"hocShoot"
3713327,"hocTTT"
3723004,"koldeFace"
3723004,"koldePino"
3723004,"koldeBtn"
3723004,"koldeFold"
3723004,"koldeHi"
3723004,"koldeOTN"
3753678,"biitterPandaLove"
3753678,"biitterHYPE"
3753678,"biitterFLEX"
3753678,"biitterRAGE"
3753678,"biitterCHOKE"
3814122,"himiHimiWoah"
3814122,"himiHimiOuch"
3814122,"himiObie"
3814122,"himiDabing"
3814122,"himiSterling"
3814122,"himiRaid"
3814122,"himiShidd"
3814122,"himiKing"
3814122,"himiCarry"
3814122,"himiHor"
3814122,"himiGitgud"
3814122,"himiSUS"
3814122,"himiCry"
3814122,"himiChad"
3814122,"himiSaint"
3814122,"himiHoldingbacktears"
3814122,"himiTea"
3814122,"himiHelmet"
3814122,"himiJam"
3814122,"himiPog"
3814122,"himiDab2"
3814122,"himiBlankie"
3814122,"himiNi"
3814122,"himiDance"
3814122,"himiGift"
3814122,"himiWave"
3818382,"savyQI"
3818382,"savyBASTA"
3818382,"savyTron"
3818382,"savyChegi"
3818382,"savyCute"
3818382,"savyDim"
3818382,"savyGg"
3818382,"savyLetsgo"
3818382,"savyShark"
3818382,"savyLamaschera"
3818382,"savyPinna"
3818382,"savyPresidente"
3818382,"savyScoteca"
3818382,"savyAngry"
3818382,"savyTriglia"
3818382,"savyVUAII"
3818382,"savyLadyshark"
3818382,"savyQuestafaccia"
3832093,"c7nNWET"
3832093,"c7nNwut"
3832093,"c7nNEGO"
3832093,"c7nNLove"
3832093,"c7nNWUT"
3832093,"c7nNut"
3832093,"c7nNHappy"
3832093,"c7nNStonks"
3832093,"c7nNSlothPitt"
3832093,"c7nN3rdParty"
3832093,"c7nNEZ"
3832093,"c7nNRage"
3832093,"c7nNLurk"
3832093,"c7nNMonos"
3832093,"c7nNnervous"
3832093,"c7nNBONK"
3832093,"c7nNSass"
3832093,"c7nN5Head"
3832093,"c7nNBitesLip"
3832093,"c7nNHmm"
3832093,"c7nNREVSLEEPER"
3832093,"c7nNHOT2"
3832093,"c7nNHOT1"
3832093,"c7nWiggle"
3832093,"c7nNSmoke"
3832093,"c7nNNade"
3832093,"c7nNClown"
3966575,"l19Gbear"
3966575,"l19Sheryl"
3966575,"l19Daxiu"
3966575,"l19Kaban"
3966575,"l19Chingkung"
3966575,"l19Serval"
3966575,"l19Kanna"
3966575,"l19Umaru"
4034015,"itsprH"
4034015,"itsprTrash"
4034015,"itsprSpit"
4034015,"itsprRage1"
4034015,"itsprLuv"
4034015,"itsprCaster"
4034015,"itsprOO"
4034015,"itsprXG"
4034015,"itsprDERP"
4034015,"itsprF"
4034015,"itsprHYPE"
4073179,"shofuEwbaby"
4073179,"shofuWife"
4073179,"shofuTea"
4073179,"shofuGunleft"
4073179,"shofuGunright"
4073179,"shofuConceited"
4073179,"shofuPika"
4073179,"shofuSnitch"
4073179,"shofuAids"
4073179,"shofuWhy"
4073179,"shofuHaha"
4073179,"shofuSus"
4073179,"shofuHandrub"
4073179,"shofuSleep"
4073179,"shofuBlam"
4073179,"shofuTool"
4073179,"shofuSmile"
4073179,"shofuWater"
4073179,"shofuHuh"
4073179,"shofuTrash"
4073179,"shofuAAAAA"
4073179,"shofuWoke"
4073179,"shofuPog"
4073179,"shofuLying"
4073179,"shofuDisgust"
4073179,"shofuShorts"
4073179,"shofuSleepgold"
4073179,"shofuSleepshiny"
4073179,"shofuPac1"
4073179,"shofuPac2"
4073179,"shofuPac3"
4073179,"shofuPac4"
4073179,"shofuDance"
4073179,"shofuLove"
4073179,"shofuHandsleft"
4073179,"shofuHandsright"
4073179,"shofuFight"
4073179,"shofuSuperfight"
4073179,"shofuCoin"
4073179,"shofuPacman"
4073179,"shofuBlankie"
4073179,"shofuHooplah"
4073179,"shofuMillyrock"
4073179,"shofuW"
4073179,"shofuL"
4073179,"shofuNODDERS"
4073179,"shofuHandrubEX"
4073179,"shofuPooper"
4073179,"shofuYouFool"
4102418,"bnzRly"
4102418,"bnzHap"
4102418,"bnzPrds"
4102418,"bnzSun"
4102418,"bnzNova"
4102418,"bnzRon"
4102418,"bnz145"
4102418,"bnzRis"
4102418,"bnzFox"
4102418,"bnzT"
4102418,"bnzJpp"
4102418,"bnzTex"
4102418,"bnzOO"
4102418,"bnzDp"
4102418,"bnzThot"
4102418,"bnzJm"
4102418,"bnzDev"
4102418,"bnzHc"
4102418,"bnzPls"
4102418,"bnzBoss"
4102418,"bnzSfv"
4102418,"bnzJuno"
4102418,"bnzMcdo"
4102418,"bnzVegeta"
4102418,"bnzGrr"
4102418,"bnzZambla"
4102418,"bnzCata"
4102418,"bnzGrl"
4102418,"bnzNeo"
4115004,"otgLliam"
4115004,"otgLeets"
4115004,"otgRekt"
4115004,"otgAlright"
4115004,"otgLeet"
4115004,"otgFail"
4115004,"otgCount"
4115004,"otgCat"
4115004,"otgShkNHor"
4115004,"otgHype"
4115004,"otgPipeUp"
4115004,"otgZippo"
4115004,"otgPipeDown"
4115004,"otgCope"
4123340,"ajsHi"
4123340,"ajsSad"
4123340,"ajsOjoe"
4123340,"ajsMod"
4123340,"ajsPalm"
4123340,"ajsGun"
4123340,"ajsChair"
4123340,"ajsAlex"
4123340,"ajscage"
4123340,"ajsXtc"
4123340,"ajsSuperAngry"
4123340,"ajsGoogly"
4123340,"ajsBadAss"
4123340,"ajsEpicFail"
4123340,"ajsOJChamp"
4123340,"ajsPoopFace"
4123340,"ajsSTEALTH"
4123340,"ajsHONOR"
4123340,"ajsKHAN"
4123340,"ajsNOS"
4123340,"ajsDoc"
4123340,"ajsFOUR"
4123340,"ajsBlameOJ"
4123340,"ajsBilly"
4123340,"ajsCyberJoe"
4123340,"ajsCyberOJ"
4123340,"ajsCyberAlex"
4123340,"ajsCap"
4123340,"ajsWAAGH"
4123340,"ajsWHIFF"
4123340,"ajsCRIT"
4123340,"ajsHERESY"
4123340,"ajsMORE"
4123340,"ajsTank"
4123340,"ajsJet"
4123340,"ajsDel"
4123340,"ajsSuper"
4123340,"ajsUsa"
4123340,"ajsFighter"
4123340,"ajsHype"
4123340,"ajsRekt"
4123340,"ajsShip"
4123340,"ajsFire"
4123340,"ajsCorp"
4123340,"ajsFlag"
4123340,"ajsLook"
4123340,"ajsRage"
4123340,"ajsRambo"
4123340,"ajsSurprise"
4123340,"ajsDM"
4123340,"ajsAJChamp"
4123340,"ajsNoticed"
4123340,"ajsShake"
4123340,"ajsHitTheNOS"
4123340,"ajsTiredFace"
4123340,"ajsMushmouth"
4125711,"thabSass"
4125711,"thabCute"
4125711,"thabLove"
4125711,"thabCmon"
4125711,"thabRigged"
4125711,"thabLUL"
4125711,"thabW"
4125711,"thabF"
4125711,"thabWelp"
4125711,"thabT"
4125711,"thabPog"
4125711,"thabHowdy"
4125711,"thabS"
4125711,"thabDerp"
4125711,"thabCheese"
4125711,"thabULTRALUL"
4125711,"thabCool"
4125711,"thabPiggy"
4125711,"thabBan"
4125711,"thabGasp"
4125711,"thabWhy"
4125711,"thabRip"
4125711,"thabSip"
4125711,"thabIQ"
4125711,"thabSleep"
4125711,"thabFoodComa"
4125711,"thabGift"
4125711,"thabShrug"
4125711,"thabWhatTheHeck"
4125711,"thabBlind"
4125711,"thabQI"
4125711,"thabUwu"
4125711,"thabStraightUpVibin"
4125711,"thabGoomba"
4125711,"thabAngry"
4125711,"thabGreed"
4125711,"thabHi"
4125711,"thabGG"
4125711,"thabHype"
4125711,"thabNote"
4125711,"thabCarry"
4125711,"thabNo"
4125711,"thabJam"
4125711,"thabSmile"
4125711,"thabChicken"
4125711,"thabGetRonned"
4125711,"thabAllAboard"
4125711,"thabCheer"
4125711,"thabSanta"
4125711,"thabSad"
4125711,"thabFlex"
4125711,"thabSmash"
4125711,"thabSnack"
4125711,"thabCozy"
4125711,"thabGoodEmote"
4125711,"thabLurking"
4125711,"thabYummy"
4125711,"thabWee"
4213120,"markmanSup"
4213120,"markmanBLUES"
4213120,"markmanWHAT"
4213120,"markman69"
4213120,"markmanSLIME"
4213120,"markmanSUPPY"
4213120,"markmanBARS"
4213120,"markmanFrogChamp"
4213120,"markmanKICKS"
4213120,"markmanHEITHUMP"
4213120,"markmanBROFIST"
4213120,"markmanGS"
4213120,"markmanMETAL"
4213120,"markmanAHA"
4213120,"markmanTE"
4213120,"markmanJJBA"
4213120,"markmanSMIRK"
4213120,"markmanCRY"
4213120,"markmanFROGGERS"
4213120,"markmanRUN"
4221521,"djwOneMoreGame"
4221521,"djwZap"
4221521,"djweg4life"
4221521,"djwBaked"
4221521,"djwRAGE"
4221521,"djwSCIENCE"
4221521,"djwTOAST"
4221521,"djwLOL"
4221521,"djwWUT"
4221521,"djwSAD"
4221521,"djwCAKE"
4221521,"djwRH"
4221521,"djwHEART"
4221521,"djwYELL"
4221521,"djwCloud"
4221521,"djwFAIL"
4221521,"djwBONBON"
4221521,"djwEYES"
4231183,"alan7Chicken"
4231183,"alan7Leg"
4231183,"alan7Rice"
4231183,"alan7Nomoney"
4231183,"alan7BB"
4280060,"bbhDannyS"
4280060,"bbhMilky"
4280060,"bbhSpyL"
4280060,"bbhSpyR"
4280060,"bbhDayo"
4280060,"bbhWuh"
4280060,"bbhJulia"
4280060,"bbhNo"
4280060,"bbhYes"
4280060,"bbhKilmer"
4280060,"bbhGasm"
4280060,"bbhMano"
4280060,"bbhK4"
4280060,"bbhK3"
4280060,"bbhK2"
4280060,"bbhK1"
4280060,"bbhBalloon"
4280060,"bbhRyo2"
4280060,"bbhRyo1"
4280060,"bbhRoll"
4280060,"bbhSad1"
4280060,"bbhSpin"
4280060,"bbhV"
4280060,"bbhCloud"
4280060,"bbhFlame"
4280060,"bbhDrunk"
4280060,"bbhSad2"
4280060,"bbh95"
4329660,"kroytzOk"
4329660,"kroytzLove"
4329660,"kroytzInspection"
4329660,"kroytzHmm"
4329660,"kroytzAYAYA"
4329660,"kroytz2BNs"
4329660,"kroytzOwO"
4329660,"kroytzH"
4329660,"kroytzGLove"
4329660,"kroytzYah"
4329841,"harbFeels"
4329841,"harbCut"
4329841,"harbScammed"
4329841,"harbLove"
4329841,"harbKappa"
4329841,"harbPrime"
4329841,"harbW"
4329841,"harbVisor"
4329841,"harbThink"
4329841,"harbTilt"
4329841,"harbGrav"
4329841,"harbDerpy"
4329841,"harbListen"
4329841,"harbGasm"
4329841,"harbLazy"
4329841,"harbSip"
4329841,"harbWow"
4329841,"harbCool"
4329841,"harbMald"
4329841,"harbCheerH"
4329841,"harbMerry"
4329841,"harbLate"
4329841,"harbLUL"
4329841,"harbSmart"
4329841,"harbCheer"
4329841,"harbBusiness"
4329841,"harbSheesh"
4329841,"harbSheesh2"
4329841,"harbChain"
4329841,"harbHook"
4329841,"harbJeb"
4329841,"harbLab"
4329841,"harbFist"
4329841,"harbWeebs"
4329841,"harbCozy"
4329841,"harbFeed"
4329841,"harbCree"
4329841,"harbCry"
4329841,"harbHappy"
4329841,"harb2cool"
4331474,"nadedGo"
4331474,"nadedLove"
4331474,"nadedBomb"
4331474,"nadedDude"
4331474,"nadedFaded"
4331474,"nadedCarry"
4331474,"nadedHype"
4331474,"nadedRekt"
4331474,"nadedLurk"
4331474,"nadedSticky"
4331474,"nadedCreep"
4331474,"nadedGoose"
4331474,"nadedSteak"
4331474,"nadedNinja"
4331474,"nadedSnipe"
4331474,"nadedDouble"
4331474,"nadedTriple"
4331474,"nadedOver"
4331474,"nadedFace"
4331474,"nadedTac"
4331474,"nadedTroc"
4331474,"nadedJaro"
4331474,"nadedTast"
4331474,"nadedPoc"
4331474,"nadedNaire"
4331474,"nadedLogo"
4331474,"nadedGG"
4331474,"nadedBoom"
4331474,"nadedCrow"
4331474,"nadedW"
4331474,"nadedRage"
4331474,"nadedHollywood"
4331474,"nadedDAH"
4331474,"nadedSmile"
4331474,"nadedPerf"
4331474,"nadedExterm"
4331474,"nadedYell"
4331474,"nadedWart"
4331474,"nadedHog"
4331474,"nadedBald"
4331474,"nadedSword"
4331474,"nadedLaser"
4331474,"nadedMVP"
4331474,"nadedVIP"
4331474,"nadedDino"
4331474,"nadedGift"
4331474,"nadedHair"
4331474,"nadedRealgoose"
4331474,"nadedWug"
4331474,"nadedRoar"
4331474,"nadedWort"
4331474,"nadedTilt"
4331474,"nadedPog"
4331474,"nadedB"
4331474,"nadedR"
4331474,"nadedDerp"
4331474,"nadedFW"
4331474,"nadedHey"
4331474,"nadedThumb"
4331474,"nadedCraig"
4331474,"nadedClown"
4331474,"nadedBrain"
4331474,"nadedCamo"
4331474,"nadedAHH"
4331474,"nadedSpree"
4331474,"nadedFrenzy"
4331474,"nadedMusic"
4331474,"nadedBF"
4331474,"nadedFp"
4331474,"nadedBag"
4331474,"nadedChief"
4331474,"nadedDance"
4331474,"nadedCraiglove"
4331474,"nadedEye"
4331474,"nadedRun"
4343626,"eddaRage"
4343626,"eddaLurk"
4343626,"eddaCry"
4343626,"eddaShake"
4343626,"eddaGold"
4343626,"eddaHi"
4343626,"eddaLove"
4343626,"eddaMiss"
4343626,"eddaNLT"
4343626,"eddaWut"
4343626,"eddaZ"
4343626,"eddaBless"
4343626,"eddaGasp"
4343626,"eddaPet"
4343626,"eddaOh"
4343626,"eddaGift"
4343626,"eddaDab"
4343626,"eddaQuizTime"
4343626,"eddaTilt"
4343626,"eddaLeft"
4343626,"eddaRight"
4343626,"eddaSmug"
4343626,"eddaOGQuizTime"
4343626,"eddaOGTilt"
4343626,"eddaKEK"
4343626,"eddaWTF"
4343626,"eddaGoldShake"
4343626,"eddaKec"
4343626,"eddaRIP"
4343626,"eddaThink"
4343626,"eddaOMG"
4343626,"eddaRoll"
4343626,"eddaRatio"
4343626,"eddaDabFlip"
4363967,"pkroseZoom"
4363967,"pkrosePlan"
4363967,"pkroseRly"
4363967,"pkroseThink"
4363967,"pkroseFeels"
4363967,"pkrosePsychic"
4363967,"pkroseDOOM"
4363967,"pkroseSneeze"
4363967,"pkroseGG"
4363967,"pkroseSleep"
4363967,"pkroseDrink"
4363967,"pkroseLurk"
4363967,"pkroseCash"
4363967,"pkroseHype"
4363967,"pkroseWHAT"
4363967,"pkroseDerp"
4363967,"pkroseParrot"
4363967,"pkroseWOTH"
4363967,"pkroseBloop"
4363967,"pkroseHeart"
4363967,"pkroseFine"
4363967,"pkroseManic"
4363967,"pkroseBroken"
4363967,"pkroseHello"
4363967,"pkroseFury"
4363967,"pkroseJams"
4363967,"pkroseShowtime"
4363967,"pkroseGlitch"
4363967,"pkroseCharlotte"
4363967,"pkroseOhoho"
4363967,"pkroseGameBroke"
4363967,"pkroseMega"
4363967,"pkroseCruel"
4363967,"pkroseSpinZoom"
4363967,"pkroseSalute"
4363967,"pkroseBigSneeze"
4363967,"pkroseYes"
4363967,"pkroseBOOM"
4363967,"pkroseHammer"
4363967,"pkroseMeatball"
4363967,"pkroseBigWHAT"
4363967,"pkroseScience"
4363967,"pkroseLilChest"
4363967,"pkroseLurkPeek"
4535698,"zileaKill"
4535698,"zileaAie"
4535698,"zileaTroll"
4535698,"zileaBilly"
4535698,"zileaIcky"
4535698,"zileaTirion"
4535698,"zileaGasm"
4535698,"zileaHorse"
4535698,"zileaFish"
4535698,"zileaCat"
4599111,"noidFiver"
4599111,"noidCHEEZ"
4599111,"noidUMAG"
4599111,"noidHigher"
4599111,"noid123kid"
4599111,"noidBallin"
4599111,"noid09er"
4599111,"noidPlayer2"
4599111,"noidHYPE"
4599111,"noidMegaSpooky"
4599111,"noidSagato"
4599111,"noidM4dbug"
4599111,"noidOhNoo"
4599111,"noidBodega"
4599111,"noidChoco"
4599111,"noidBeavRuRu"
4599111,"noidChangGang"
4599111,"noidLilMans"
4599111,"noid2kuul"
4599111,"noidHuhuhmaru"
4599111,"noidSABMary"
4599111,"noidDariaDagger"
4599111,"noidChea"
4599111,"noidAuthentic"
4599111,"noidChizU"
4645150,"mvlzR"
4645150,"mvlzNot"
4645150,"mvlzYes"
4645150,"mvlzH"
4645150,"mvlzF"
4645150,"mvlzM"
4645150,"mvlzG"
4645150,"mvlzP"
4645150,"mvlzT"
4645150,"mvlzT2"
4645150,"mvlzW"
4645150,"mvlzV"
4645150,"mvlzO"
4645150,"mvlzT1"
4645150,"mvlzT3"
4645150,"mvlzFr"
4645150,"mvlzU"
4645150,"mvlzB"
4666862,"sugoiSchleep"
4666862,"sugoiLain"
4666862,"sugoiBardiel"
4666862,"sugoiPunk"
4666862,"sugoiKanbaru"
4666862,"sugoiDemdy"
4666862,"sugoiWoah"
4666862,"sugoiCool"
4666862,"sugoiLethargy"
4666862,"sugoiZilla"
4666862,"sugoiDon"
4666862,"sugoiDwagon"
4666862,"sugoiSadguts"
4666862,"sugoiMiura"
4666862,"sugoiEhhh"
4666862,"sugoiSelvaria"
4666862,"sugoiGuts"
4666862,"sugoiSmugsnake"
4666862,"sugoiBestgirl"
4666862,"sugoiRi"
4666862,"sugoiYu"
4666862,"sugoiPunpun"
4666862,"sugoiPunpun2"
4666862,"sugoiAwawa"
4666862,"sugoiPino2"
4666862,"sugoiHuh"
4666862,"sugoiEmil"
4666862,"sugoiKute"
4666862,"sugoiPino"
4666862,"sugoiVom"
4666862,"sugoiRage"
4666862,"sugoiDansu"
4666862,"sugoiPeace"
4666862,"sugoiMakima"
4666862,"sugoiMmm"
4666862,"sugoiDansuhyper"
4666862,"sugoiGirugamesh"
4699174,"chipOwO"
4699174,"chipThink"
4699174,"chipSip"
4699174,"chipRage"
4699174,"chipFail"
4699174,"chipHypers"
4699174,"chipRiot"
4699174,"chipFG"
4699174,"chipEH"
4699174,"chipShrug"
4699174,"chipRPG"
4699174,"chipPet"
4699174,"chipRose"
4699174,"chipGasm"
4699174,"chipCozy"
4699174,"chipHug"
4699174,"chipLurk"
4699174,"chipGrumpy"
4699174,"chipS"
4699174,"chipJam"
4699174,"chipWut"
4699174,"chipDerp"
4699174,"chipChaos"
4699174,"chipRip"
4699174,"chipUwU"
4699174,"chipXD"
4699174,"chipPls"
4699174,"chipBlind"
4699174,"chipSalt"
4699174,"chipAYAYA"
4699174,"chipLove"
4699174,"chipSad"
4699174,"chipHi"
4699174,"chipDrugs"
4699174,"chipLurkin"
4699174,"chipNope"
4699174,"chipSuperrose"
4699174,"chipChaoss"
4803446,"exvskBickette"
4803446,"exvskCookie"
4803446,"exvskDisco"
4803446,"exvskEvoli"
4803446,"exvskSick"
4803446,"exvskRIP"
4803446,"exvskHihi"
4803446,"exvskFond"
4803446,"exvskGoth"
4803446,"exvskPet"
4803446,"exvskDead"
4803446,"exvskBave"
4803446,"exvskJugement"
4803446,"exvskCry"
4803446,"exvskPika"
4803446,"exvskZZz"
4803446,"exvskSwag"
4803446,"exvskWhat"
4803446,"exvskPleure"
4803446,"exvskHehe"
4803446,"exvskYuri"
4803446,"exvskOupas"
4803446,"exvskFury"
4803446,"exvskDance"
4824157,"kottiClone"
4824157,"kottiMoses"
4824157,"kottiShutup"
4824157,"kottiDiana"
4824157,"kottiSmile"
4824157,"kottiGasm"
4824157,"kottiAli"
4824157,"kottiKing"
4824157,"kottiAAA"
4830932,"br00dWELP"
4830932,"br00dENERGY"
4830932,"br00dKNIFE"
4830932,"br00dBLESS"
4830932,"br00dSUS"
4830932,"br00dHYPE"
4830932,"br00dEZ"
4830932,"br00dAYAYA"
4830932,"br00dRAGE"
4830932,"br00dFOCUS"
4830932,"br00dUWU"
4830932,"br00dSLEEP"
4830932,"br00dFLEX"
4830932,"br00dSADGE"
4830932,"br00dPIKA"
4830932,"br00dPF"
4830932,"br00dHYPERS"
4830932,"br00dCROWN"
4830932,"br00dOLD"
4830932,"br00dAHH"
4830932,"br00dGIFT"
4830932,"br00dBITTY"
4830932,"br00dY"
4830932,"br00dGG"
4830932,"br00dBLESSOG"
4830932,"br00dBlankie"
4830932,"br00dBIGBRAIN"
4830932,"br00dSOFT"
4830932,"br00dDANCE"
4830932,"br00dCOZY"
4830932,"br00dPET"
4830932,"br00d7"
4830932,"br00dFINE"
4830932,"br00dTACO"
4830932,"br00dYE"
4830932,"br00dSLURPIE"
4830932,"br00dHUG"
4830932,"br00dDAB"
4830932,"br00dNOTES"
4830932,"br00dLURK"
4867723,"wolskBag"
4867723,"wolskBlech"
4867723,"wolskBless"
4867723,"wolskComfy"
4867723,"wolskEZ"
4867723,"wolskHonk"
4867723,"wolskLove"
4867723,"wolskLUL"
4867723,"wolskWOW"
4867723,"wolskNom"
4867723,"wolskAYAYA"
4867723,"wolskUhh"
4867723,"wolskWoke"
4867723,"wolsk1"
4867723,"wolsk2"
4867723,"wolsk3"
4867723,"wolsk4"
4867723,"wolskHands"
4867723,"wolskThisDog"
4867723,"wolskEyes"
4867723,"wolskGasm"
4867723,"wolskPat"
4867723,"wolskCola"
4867723,"wolskGloom"
4867723,"wolskNoted"
4867723,"wolskMan"
4867723,"wolskLeft"
4867723,"wolskSeiso"
4867723,"wolskAmazing"
4867723,"wolskScott"
4867723,"wolskOK"
4867723,"wolskAww"
4867723,"wolskPeek"
4867723,"wolskNotLikeThis"
4867723,"wolskD"
4867723,"wolskGRAB"
4867723,"wolskYo"
4867723,"wolskWO"
4867723,"wolskDenko"
4867723,"wolskStare"
4867723,"wolskRave"
4870654,"zalPop"
4870654,"zalDoh"
4870654,"zalCoach"
4870654,"zalBlind"
4870654,"zalMano"
4870654,"zalGrump"
4870654,"zalRU"
4870654,"zalMad"
4870654,"zalR"
4870654,"zalDK"
4870654,"zalHonk"
4870654,"zalEw"
4870654,"zalA3"
4870654,"zalA2"
4870654,"zalA1"
4870654,"zalGold"
4870654,"zalA4"
4870654,"zalH20"
4870654,"zalBogus"
4870654,"zalYay"
4870654,"zalGL"
4870654,"zalLuck"
4870654,"zalAran"
4870654,"zalWink"
4870654,"zalHOOONK"
4870654,"zalL"
4870654,"zalMAAAD"
4870654,"zalSmug"
4870654,"zalTerror"
4870654,"zalPunch"
4870654,"zalMac"
4977677,"lolobrSexy"
4977677,"lolobrScared"
4977677,"lolobrHam"
4977677,"lolobrVaca2"
4977677,"lolobrStonks"
4977677,"lolobrChifrudo"
4977677,"lolobrRainbow"
4977677,"lolobrBolado"
4977677,"lolobrRica"
4977677,"lolobrChora"
4977677,"lolobrClown"
4977677,"lolobrPig"
4977677,"lolobrNerd"
4977677,"lolobrImpatient"
4977677,"lolobrLoove"
4977677,"lolobrPiggy"
4977677,"lolobrNote"
4977677,"lolobrPsycho"
4977677,"lolobrRich"
4977677,"lolobrFear"
4977677,"lolobrRagee"
4977677,"lolobrEat"
5010735,"pbtNagui"
5010735,"pbtJeremstar"
5010735,"pbtFiesta"
5010735,"pbtArthur"
5010735,"pbtJoue"
5010735,"pbtClap"
5010735,"pbtCoeur"
5010735,"pbtLogo"
5010735,"pbtTex"
5010735,"pbtMarine"
5010735,"pbtDarbois"
5010735,"pbtLagaf"
5010735,"pbtJul"
5010735,"pbtMelenchon"
5010735,"pbtRick"
5010735,"pbtOk"
5010735,"pbtOmg"
5010735,"pbtSad"
5010735,"pbtReichmann"
5010735,"pbtTop"
5010735,"pbtTiti"
5010735,"pbtPavly"
5010735,"pbtHein"
5010735,"pbtFrance"
5010735,"pbtKappaRamzy"
5010735,"pbtPrime"
5010735,"pbtJarry"
5010735,"pbtClaudeAlexis"
5010735,"pbtTFC"
5010735,"pbtTatie"
5010735,"pbtRoux"
5010735,"pbtPhilou"
5010735,"pbtBenz"
5010735,"pbtHihi"
5010735,"pbtSadNoel"
5010735,"pbtChoque"
5010735,"pbtLillois"
5010735,"pbtBruno"
5010735,"pbtWejdene"
5010735,"pbtSourire"
5010735,"pbtBan"
5010735,"pbtAuchan"
5010735,"pbtOmgNoel"
5029275,"sefaK"
5029275,"sefaFail"
5029275,"sefaPride"
5029275,"sefaSicti"
5029275,"sefaSatti"
5029275,"sefaVac"
5029275,"sefaO7"
5029275,"sefaBayrak"
5029275,"sefaLogo"
5029275,"sefaOyunSefasi"
5029275,"sefaTuruncuLevye"
5029275,"sefaSiker"
5029275,"sefaGg"
5029275,"sefaTurk"
5029275,"sefaBeyin"
5029275,"sefa200iq"
5029275,"sefaSlm"
5029275,"sefaToxic"
5029275,"sefaSis"
5029275,"sefaVurdu"
5029275,"sefaOof"
5029275,"sefa200iq2"
5029275,"sefaTuz"
5029275,"sefaAlkis"
5029275,"sefaHype"
5029275,"sefaCop"
5029275,"sefaRage"
5029275,"sefaRip"
5029275,"sefaGg2"
5115151,"thorraceCadeira"
5115151,"thorraceSub"
5115151,"thorraceGod"
5115151,"thorraceGg"
5115151,"thorraceTier3"
5115151,"thorraceKisses"
5115151,"thorraceRage"
5115151,"thorraceComoAssim"
5115151,"thorraceWhatsApp"
5115151,"thorraceMentira"
5115151,"thorraceKisPrincesa"
5115151,"thorraceNeon"
5115151,"thorraceTier1"
5115151,"thorracePirudeoculus"
5115151,"thorraceKappa"
5115151,"thorraceWhat"
5115151,"thorraceTap"
5115151,"thorraceMeuPiru"
5115151,"thorraceSusto"
5115151,"thorraceTier2"
5115151,"thorraceCry"
5115151,"thorraceAaaa"
5115151,"thorraceRei"
5115151,"thorracePorra"
5115151,"thorraceCores"
5305213,"miekAgents"
5305213,"miekWaxl"
5313783,"fnatvAudie"
5313783,"fnatvSprinklesSmash"
5313783,"fnatvKirbymad"
5313783,"fnatvSpongefu"
5313783,"fnatvNaughtylist"
5313783,"fnatvGG"
5313783,"fnatvSnowball"
5313783,"fnatvCornholio"
5313783,"fnatvBarney"
5313783,"fnatvPizzabobby"
5313783,"fnatvPizzamurph"
5313783,"fnatvCop"
5313783,"fnatvSprinkles"
5313783,"fnatvKoolaid"
5313783,"fnatvRaidenfu"
5313783,"fnatvSleepshantae"
5313783,"fnatvWakefubucksssss"
5313783,"fnatvWakefuwack"
5313783,"fnatvTurkey"
5313783,"fnatvBan"
5345890,"inklingsLove"
5345890,"inklingsHiHi"
5345890,"inklingsRage"
5345890,"inklingsLurk"
5345890,"inklingsNo"
5345890,"inklingsCry"
5345890,"inklingsDeity"
5345890,"inklingsMimic"
5345890,"inklingsRealm"
5345890,"inklingsThief"
5345890,"inklingsHeretic"
5345890,"inklingsMage"
5345890,"inklingsWarrior"
5345890,"inklingsCerus"
5345890,"inklingsCarl"
5345890,"inklingsMorrigan"
5345890,"inklingsSummoner"
5345890,"inklingsBeo"
5345890,"inklingsGilga"
5375465,"jibboFail"
5375465,"jibboLUL"
5375465,"jibboWoo"
5375465,"jibboLock"
5375465,"jibboG"
5375465,"jibbo2Old"
5375465,"jibboDelight"
5375465,"jibboDP"
5375465,"jibboGood"
5375465,"jibboSuccess"
5375465,"jibboRRage"
5375465,"jibbo1mo"
5375465,"jibboBless"
5375465,"jibboHugoS"
5375465,"jibboThump"
5375465,"jibboTomwtf"
5375465,"jibboSrs"
5375465,"jibboTup"
5375465,"jibboCorazon"
5375465,"jibboGains"
5375465,"jibboCup"
5375465,"jibboD2"
5375465,"jibboAngle"
5375465,"jibbo10"
5375465,"jibboRock"
5375465,"jibboJam"
5375465,"jibboHAH"
5375465,"jibboLab"
5375465,"jibboD1"
5390829,"bibi300OK"
5390829,"bibi300rire"
5390829,"bibi300GG"
5390829,"bibi300brun"
5390829,"bibi300nieuh"
5390829,"bibi300noel"
5390829,"bibi300love"
5390829,"bibi300lapin"
5390829,"bibi300cm"
5390829,"bibi300moteur"
5390829,"bibi300gpalu"
5390829,"bibi300AH"
5390829,"bibi300OH"
5390829,"bibi300EH"
5390829,"bibi300oeil"
5390829,"bibi300pff"
5390829,"bibi300pf"
5390829,"bibi300hum"
5390829,"bibi300AAH"
5559094,"nenenCantora"
5559094,"nenenXonada"
5559094,"nenenChorando"
5559094,"nenenFacepalm"
5559094,"nenenGada"
5559094,"nenenRaiva"
5559094,"nenenGoku"
5559094,"nenenSenta"
5611501,"kycuCebula"
5611501,"kycuBan"
5611501,"kycuSzynka"
5611501,"kycuHehe"
5611501,"kycuBad"
5611501,"kycuPiwo"
5611501,"kycuFocus"
5611501,"kycuSmuteszek"
5611501,"kycuHej"
5611501,"kycuCyk"
5611501,"kycuUj"
5611501,"kycuUo"
5611501,"kycuGasm"
5611501,"kycuD"
5611501,"kycuC"
5611501,"kycuLov"
5611501,"kycuOzzy"
5611501,"kycuWeed"
5611501,"kycuW"
5611501,"kycuKuzwa"
5611501,"kycuUstawione"
5611501,"kycuEksperci"
5611501,"kycuChrystus"
5611501,"kycuPOLICE"
5611501,"kycuWut"
5611501,"kycuFuj"
5611501,"kycuT"
5611501,"kycuJprdl"
5611501,"kycuDEVIL"
5611501,"kycuBle"
5611501,"kycuNice"
5611501,"kycuFail"
5611501,"kycuN"
5611501,"kycuM"
5611501,"kycuSus"
5611501,"kycuShake"
5781823,"shinkDaddy"
5781823,"shinkMAD"
5781823,"shinkXMAS"
5781823,"shinkHYPE"
5781823,"shinkRIOT"
5781823,"shinkLEWD"
5781823,"shinkEYYYY"
5781823,"shinkDab"
5781823,"shinkHeart"
5834235,"ncshappyGumshoe"
5834235,"ncshappyHeart"
5834235,"ncshappyFinkle"
5834235,"ncshappyBee"
5834235,"ncshappyGas"
5834235,"ncshappySing"
5834235,"ncshappyFunk"
5834235,"ncshappyChugga"
5834235,"ncshappyEdge"
5834235,"ncshappySwiss"
5834235,"ncshappyMonado"
5834235,"ncshappyShulk"
5834235,"ncshappyCookie"
5834235,"ncshappyBowser"
5834235,"ncshappyMakesSense"
5834235,"ncshappyMommy"
5834235,"ncshappyLemmy"
5834235,"ncshappyMa"
5834235,"ncshappyEma"
5834235,"ncshappyGlare"
5834235,"ncshappyNiagara"
5834235,"ncshappyRoxanne"
5834235,"ncshappyCojiro"
5834235,"ncshappyDing"
5834235,"ncshappyChocobo"
5834235,"ncshappyFried"
5834235,"ncshappyWhat"
5834235,"ncshappyMilk"
5834235,"ncshappyOasis"
5834235,"ncshappyThings"
5834235,"ncshappyYes"
5834235,"ncshappyCD"
5834235,"ncshappyJam"
5834235,"ncshappyDeal"
5834235,"ncshappySpin"
5834235,"ncshappyAngry"
5834235,"ncshappyPoint"
5834235,"ncshappyDanc3"
5834235,"ncshappyMark"
5834235,"ncshappyPog"
5834235,"ncshappyBeee"
5834235,"ncshappyTetris"
5834235,"ncshappyKirby"
5856979,"br2kZeno"
5856979,"br2kMiniBrakou"
5856979,"br2kChester"
5856979,"br2kMandan"
5856979,"br2kQuezac"
5856979,"br2kElite"
5856979,"br2kZOUGLOU"
5856979,"br2kChipos"
5856979,"br2kMamaAfrica"
5873521,"rawiioRIP"
5873521,"rawiioMoin"
5873521,"rawiioFirstTry"
5873521,"rawiio3dfx"
5873521,"rawiioShock"
5873521,"rawiioFail"
5873521,"rawiioLaser"
5873521,"rawiioLUL"
5873521,"rawiioRage"
5873521,"rawiioGasm"
5873521,"rawiioGood"
5873521,"rawiioTOP"
5873521,"rawiioRib"
5873521,"rawiioSchmoen"
5873521,"rawiioSmart"
5873521,"rawiioMad"
5873521,"rawiioWoot"
5873521,"rawiioFleisch"
5873521,"rawiioHi"
5873521,"rawiioLove"
5873521,"rawiioWoop"
5873521,"rawiioWin"
5895485,"jensLOVE"
5895485,"jensRAGE"
5895485,"jensHYPE"
5895485,"jensGG"
5895485,"jensYIKES"
5895485,"jensLOL"
5895485,"jensHUH"
5895485,"jensFACEPALM"
5895485,"jensSTRETCH"
5895485,"jensMVP"
5895485,"jensCRY"
5895485,"jensNOOO"
5895485,"jensWTF"
5895485,"jensEZ"
5895485,"jensLGBT"
5925801,"dtoidDed"
5925801,"dtoidRetro"
5925801,"dtoidGus"
5925801,"dtoidDonJedi"
5925801,"dtoidcoxx"
5925801,"dtoidFiteme"
5925801,"dtoidPanic"
5925801,"dtoidDab"
5925801,"dtoidPadoru"
5925801,"dtoidDTOID"
5925801,"dtoidRun"
5925801,"dtoidPet"
5925801,"dtoidEyeRoll"
5925801,"dtoidQuagPog"
5925801,"dtoidAsbyOops"
5925801,"dtoidBeard"
6094619,"jankosNYE"
6094619,"jankosFB"
6094619,"jankosOH"
6094619,"jankos200iq"
6094619,"jankosRAGE"
6094619,"jankosAYAYA"
6094619,"jankosBanana"
6094619,"jankosIQ"
6094619,"jankosBlush"
6094619,"jankosCheer"
6094619,"jankosD"
6094619,"jankosFat"
6094619,"jankosG"
6094619,"jankosHands"
6094619,"jankosHmm"
6094619,"jankosHype"
6094619,"jankosPog"
6094619,"jankosSalami"
6094619,"jankosSO"
6094619,"jankosYep"
6094619,"jankosZ"
6094619,"jankosLO"
6094619,"jankosSmug"
6094619,"jankosGasm"
6094619,"jankosDD"
6094619,"jankosGa"
6094619,"jankosGe"
6094619,"jankosGmbl"
6094619,"jankosHey"
6094619,"jankosLee"
6094619,"jankosQQ"
6094619,"jankosMine"
6094619,"jankosG2"
6094619,"jankosOh"
6094619,"jankosT"
6094619,"jankosS"
6094619,"jankosXD"
6094619,"jankosL"
6094619,"jankosFlag"
6094619,"jankosJD"
6094619,"jankosP"
6094619,"jankosV"
6094619,"jankosMadge"
6094619,"jankosB"
6162110,"schenkWeird"
6162110,"schenkBirthday"
6162110,"schenkYarr"
6162110,"schenkChadge"
6162110,"schenkMad"
6162110,"schenkShy"
6162110,"schenkEZ"
6162110,"schenkG"
6162110,"schenkSit"
6162110,"schenkHey"
6162110,"schenkSalami"
6162110,"schenkBlind"
6162110,"schenkCorpa"
6162110,"schenkSadge"
6162110,"schenkBased"
6162110,"schenkJudgeKing"
6162110,"schenkSussy"
6162110,"schenkRiot"
6162110,"schenkWokege"
6162110,"schenkLife"
6162110,"schenkPrayge"
6162110,"schenkCopium"
6162110,"schenkAww"
6162110,"schenkBedge"
6162110,"schenkNodders"
6162110,"schenkL"
6162110,"schenkSalute"
6162110,"schenkLurk"
6162110,"schenkALO"
6162110,"schenkStare"
6162110,"schenkAim"
6162110,"schenkSip"
6162110,"schenkComfy"
6162110,"schenkJudge"
6162110,"schenkCreepy"
6176776,"aircrissNOT"
6176776,"aircrissGREEN"
6176776,"aircrissShow"
6176776,"aircrissTime"
6176776,"aircrissF"
6176776,"aircrissTrato"
6176776,"aircrissLLOROS"
6176776,"aircrissUH"
6176776,"aircrissFLOTADORA"
6176776,"aircrissFalcons"
6176776,"aircrissGGfalcons"
6176776,"aircrissRISA"
6176776,"aircrissSerio"
6176776,"aircrissPau"
6176776,"aircrissJeje"
6176776,"aircrissUff"
6176776,"aircrissOjito1"
6176776,"aircrissOjito2"
6176776,"aircrissOohhh"
6176776,"aircrissWow"
6176776,"aircrissGreeen"
6176776,"aircrissAh"
6225897,"makowskiPOG"
6225897,"makowskiG1"
6225897,"makowskiHAPPY"
6225897,"makowskiCRACKED"
6225897,"makowskiUBET"
6225897,"makowskiKEEKACHU"
6225897,"makowskiKEEKTAR"
6225897,"makowskiDARCI"
6225897,"makowskiARF"
6225897,"makowskiCLIPIT"
6225897,"makowskiGamerChair"
6225897,"makowskiDED"
6225897,"makowskiAscendantGamer"
6225897,"makowskiBetterGamingChair"
6225897,"makowskiNIGHTBOT"
6225897,"makowskiWeirdChamp"
6225897,"makowskiBestGamerChair"
6225897,"makowskiSIR"
6225897,"makowskiWHO"
6225897,"makowski3"
6225897,"makowski6"
6225897,"makowski0"
6225897,"makowskiGGOLD"
6225897,"makowskiULTAGG"
6225897,"makowskiGOLDKEEKTAR"
6225897,"makowskiULTAKEEKTAR"
6225897,"makowskiReee"
6225897,"makowskiTier2reee"
6225897,"makowskiTier3reeee"
6225897,"makowskiBIGBRAIN"
6225897,"makowskiBarrel"
6225897,"makowskiStasis"
6225897,"makowskiSAM"
6225897,"makowskiDROIDRAGE"
6225897,"makowskiGG"
6225897,"makowskiSNAPMAV"
6225897,"makowskiKeekasadge"
6225897,"makowskiChiefKAPPA"
6225897,"makowskiMAMADEATH"
6225897,"makowskiMLGPOGLASER"
6225897,"makowskiHEADBANG"
6225897,"makowskiDancepartypog"
6225897,"makowskiKILLSINTHENIGHT"
6225897,"makowskiLFG"
6307389,"stalOld"
6307389,"stalGasm"
6307389,"stalWife"
6307389,"stalPunch"
6307389,"stalHands"
6307389,"stalHomies"
6307389,"stalAchieve3"
6307389,"stalMeat"
6307389,"stalHappy"
6307389,"stalSip"
6307389,"stalCat"
6307389,"stalSour"
6307389,"stalHype"
6307389,"stalTrashCat"
6307389,"stalAchieve"
6307389,"stalPalm"
6307389,"stalCoffee"
6307389,"stalRage"
6307389,"stalHappyToon"
6307389,"stalBoom"
6307389,"stalShakefist"
6307389,"stalPie"
6307389,"stalEvil"
6307389,"stalBazooka"
6307389,"stalFaptain"
6307389,"stalBro"
6307866,"hjmxpSimadebu"
6307866,"hjmxpHjmsleep"
6307866,"hjmxpThehjmhjm"
6307866,"hjmxpUraproni"
6307866,"hjmxpUraprosanbolkun"
6307866,"hjmxpUraprosanjyou"
6316569,"feebLOVE"
6316569,"feebSTARE"
6316569,"feebGRIN"
6316569,"feebHYPE"
6353604,"klutchIlluminati"
6353604,"klutchHello"
6353604,"klutchSus"
6353604,"klutchPost"
6353604,"klutchJesus"
6353604,"klutchThirst"
6353604,"klutchWave"
6353604,"klutchCry"
6353604,"klutchHydrate"
6353604,"klutchWiggle"
6353604,"klutchHype"
6353604,"klutchMDM"
6353604,"klutchTurnUp"
6353604,"klutchMDM2"
6353604,"klutchAired"
6353604,"klutchRaid"
6353604,"klutchWHAT"
6353604,"klutchEnoughh"
6353604,"klutchEnough"
6353604,"klutchMonkaW"
6353604,"klutch4K"
6353604,"klutchEliRP"
6353604,"klutchHappy"
6579262,"raychulLOL"
6579262,"raychulHYPE"
6579262,"raychulLOVE"
6579262,"raychulRAGE"
6579262,"raychulYOSHI"
6611839,"fatSplit"
6611839,"fatWave"
6611839,"fatNightmare"
6611839,"fatHype"
6611839,"fatMidnalol"
6611839,"fatMidnarage"
6611839,"fatYeto"
6611839,"fatMidnaWink"
6611839,"fatDerp"
6611839,"fatClassicFalcoTactic"
6611839,"fatWtf"
6611839,"fatKatLuv"
6611839,"fatSmirk"
6611839,"fatKatHype"
6611839,"fatSukiLuv"
6611839,"fatSukiEyes"
6611839,"fatSokkaButtHeart"
6611839,"fatKatRage"
6611839,"fatSokkaButt"
6611839,"fatKatSweat"
6611839,"fatSukiHeart"
6611839,"fatSukiMad"
6611839,"fatSukiFire"
6611839,"fatSukiTwist"
6645925,"esubaPata"
6645925,"esubaBuch"
6645925,"esubaLOGO"
6645925,"esubaRaf"
6645925,"esubaHYPE"
6645925,"esubaESU"
6645925,"esubaUBA"
6645925,"esubaPWS"
6645925,"esubaKiss"
6645925,"esubaHEART"
6645925,"esubaPEPE"
6653219,"avehouKiko"
6653219,"avehouCerdo"
6653219,"avehouSal"
6653219,"avehouAve"
6653219,"avehouLol"
6653219,"avehouAZUCAR"
6653219,"avehouClown"
6653219,"avehouDino"
6653219,"avehouRaw"
6659152,"oroLUL"
6659152,"oroDerp"
6659152,"oroThink"
6659152,"oroRIP"
6659152,"oroDC"
6659152,"oroThump"
6659152,"oroSpooky"
6659152,"oroXD"
6659152,"oroLurk"
6659152,"oroHype"
6659152,"oroPH"
6659152,"oroGood"
6659152,"oroBlind"
6659152,"oroGreed"
6659152,"oroNote"
6659152,"oroR1"
6659152,"oroYo"
6659152,"oroZelda"
6659152,"oroHug"
6659152,"oroLove"
6659152,"oroCute"
6659152,"oroYea"
6659152,"oroLegend"
6659152,"oroBan"
6659152,"oroRage"
6659152,"oroClap"
6659152,"oroBonk"
6659152,"oroSmart"
6659152,"oroVigor"
6659152,"oroSleeper"
6659152,"oroSad"
6659152,"oroRoll"
6659152,"oroJar"
6659152,"oroOut"
6659152,"oroYeah"
6659152,"oroNah"
6659152,"oroCake"
6659152,"oroCool"
6659152,"oroPet"
6659152,"oroEvil"
6659152,"oroHey"
6659152,"oroPoint"
6659152,"oroFast"
6659152,"oroDung"
6659152,"oroGasm"
6659152,"oroD"
6659152,"oroGun"
6659152,"oroFail"
6659152,"oroWink"
6659152,"oroPraise"
6659152,"oroHeart"
6659152,"oroPog"
6659152,"oroChug"
6659152,"oroMad"
6659152,"oroCozy"
6659152,"oroJAM"
6659152,"oroSmug"
6659152,"oroHavel"
6659152,"oroPizza"
6659366,"brettuSmug"
6659366,"brettuD"
6659366,"brettuBaka"
6659366,"brettuCult"
6659366,"brettuAYAYA"
6659366,"brettu7"
6659366,"brettuCool"
6659366,"brettuEat"
6659366,"brettuYes"
6659366,"brettuHmm"
6659366,"brettuSad"
6659366,"brettuDab"
6659366,"brettuGold"
6659366,"brettuSip"
6659366,"brettuPog"
6659366,"brettuLurk"
6659366,"brettuLUL"
6659366,"brettuHi"
6659366,"brettuAww"
6659366,"brettuLove"
6659366,"brettu20"
6659366,"brettu1"
6659366,"brettuCozy"
6659366,"brettuSuffer"
6659366,"brettuHug"
6659366,"brettuGift"
6659366,"brettuCheer"
6659366,"brettuHammer"
6659366,"brettuHyperWaddle"
6659366,"brettuRage"
6659366,"brettuRyn"
6659366,"brettuDM"
6659366,"brettuAnya"
6659366,"brettuChef"
6659366,"brettuWaddle"
6659366,"brettuHowdy"
6659366,"brettuGlasses"
6659366,"brettuOMEGALUL"
6659366,"brettuSmile"
6659366,"brettuAckshually"
6659366,"brettuClap"
6659366,"brettuRACC"
6659366,"brettuBlankies"
6659366,"brettuNotes"
6663444,"clinksSip"
6663444,"clinksRage"
6663444,"clinksHey"
6663444,"clinksMald"
6663444,"clinksDude"
6663444,"clinksOhno"
6663444,"clinksDairy"
6663444,"clinksPenny"
6663444,"clinksHands"
6663444,"clinksBob"
6663444,"clinksHmm"
6663444,"clinksAYAYA"
6663444,"clinksF"
6663444,"clinksHYPERS"
6663444,"clinksNose"
6663444,"clinksLove"
6663444,"clinksREE"
6663444,"clinksXL"
6663444,"clinksSippy"
6663444,"clinksEww"
6663444,"clinksMac"
6663444,"clinksBiker"
6663444,"clinksBoneXL"
6663444,"clinksKpop"
6663444,"clinksAsdf"
6663444,"clinksBigelvis"
6663444,"clinksTake"
6663444,"clinksDis3"
6663444,"clinksMlerp"
6663444,"clinksFancy"
6663444,"clinksFb"
6663444,"clinksPeek"
6663444,"clinksShuffle"
6663444,"clinksMama"
6663444,"clinksCath"
6663444,"clinksLoops"
6663444,"clinksDon"
6663444,"clinksYames"
6663444,"clinksMarge"
6663444,"clinksBangs"
6663444,"clinksRoll"
6663444,"clinksCreep"
6663444,"clinksJam"
6663444,"clinksBabe"
6663444,"clinksDrink"
6663444,"clinksTakeaway"
6687410,"padWave"
6687410,"padCry"
6687410,"padFF"
6687410,"padLul"
6687410,"padRee"
6687410,"padUwu"
6687410,"padNunuWave"
6687410,"padWow"
6687410,"padDuck"
6687410,"padRlyTho"
6687410,"padHAhaa"
6756520,"queenx3Torched"
6756520,"queenx3Kappa"
6756520,"queenx3King"
6756520,"queenx3Love"
6756520,"queenx3Chief"
6756520,"queenx3Rage"
6756520,"queenx3Laser"
6756520,"queenx3BigBrain"
6756520,"queenx3Milk"
6756520,"queenx3Durag"
6756520,"queenx3Broken"
6756520,"queenx3Shake"
6756520,"queenx3Thrust"
6756520,"queenx3Belt"
6768122,"jahHey"
6768122,"jahW"
6768122,"jahLul"
6768122,"jahMee"
6768122,"jahDegil"
6768122,"jah7"
6768122,"jahAgla"
6768122,"jahEle"
6768122,"jahFes"
6768122,"jahFred2"
6768122,"jahGasm"
6768122,"jahGoril"
6768122,"jahIq"
6768122,"jahGurur"
6768122,"jahMuz"
6768122,"jahNo"
6768122,"jahOis"
6768122,"jahRage"
6768122,"jahOk"
6768122,"jahSneak"
6768122,"jahUdi"
6768122,"jahWut"
6768122,"jahEyw"
6768122,"jah10"
6768122,"jah20"
6768122,"jahEgo"
6768122,"jahFred"
6768122,"jahS"
6768122,"jahUganda"
6768122,"jahSleeper"
6768122,"jahPleb"
6768122,"jahFeels"
6768122,"jahPride"
6768122,"jahBalta"
6768122,"jahAim"
6768122,"jahFail"
6768122,"jahKoku"
6777588,"tksPreachL"
6777588,"tksPreach"
6777588,"tksPreachR"
6777588,"tksHYB"
6777588,"tksLag"
6777588,"tksB1"
6777588,"tksB2"
6777588,"tksB3"
6777588,"tksYeet"
6777588,"tksSell"
6777588,"tksYGI"
6777588,"tksMoney"
6777588,"tksHands"
6777588,"tksOut"
6777588,"tksDive"
6777588,"tksDope"
6777588,"tksClap"
6777588,"tksMink"
6777588,"tksBlick"
6777588,"tksSS1"
6777588,"tksSS2"
6777588,"tksLincoln"
6777588,"tksActivate"
6777588,"tksGaming"
6777588,"tksPogChampion"
6777588,"tksTF"
6777588,"tksBodied"
6777588,"tksBarz"
6777588,"tksG"
6777588,"tksChamp"
6777588,"tksJam"
6777588,"tksOneMore"
6807075,"dreyaWo"
6807075,"dreyaTired"
6807075,"dreyaEvil"
6807075,"dreyaSmug"
6807075,"dreyaFluff"
6807075,"dreyaHands"
6807075,"dreyaBonk"
6807075,"dreyaTears"
6807075,"dreyaSing"
6807075,"dreyaSip"
6807075,"dreyaThink"
6807075,"dreyaHug"
6807075,"dreyaBlush"
6807075,"dreyaFine"
6807075,"dreyaRIP"
6807075,"dreyaHappy2"
6807075,"dreyaHi"
6807075,"dreyaPat"
6807075,"dreyaRage"
6807075,"dreyaLove"
6817358,"deanYo"
6817358,"deanHmm"
6817358,"deanOneMore"
6817358,"deanBald"
6817358,"deanGood"
6817358,"deanLoveIt"
6817358,"deanPoint"
6817358,"deanCrown"
6817358,"deanSad"
6817358,"deanRage"
6817358,"deanWave"
6817358,"deanGasm"
6817358,"deanPeek"
6817358,"deanShy"
6817358,"deanSmirk"
6817358,"deanRly"
6817358,"deanDJ"
6827010,"nekCat"
6827010,"nekT"
6827010,"nekSureThing"
6827010,"nekPalm"
6855857,"safada1SUB1"
6855857,"safada1SUB2"
6855857,"safada1SUB3"
6864499,"farmhoPlantfood"
6864499,"farmhoStop"
6864499,"farmhoSte"
6864499,"farmhoVen"
6864499,"farmhoEee"
6864499,"farmhoIcecream"
6864499,"farmhoBday"
6864499,"farmhoThumbsup"
6864499,"farmhoHypeani"
6864499,"farmhoRaid"
6864499,"farmhoHug"
6864499,"farmhoWash"
6864499,"farmhoSkittle"
6864499,"farmhoLewd"
6864499,"farmhoBurger"
6864499,"farmhoDed"
6864499,"farmhoSad"
6864499,"farmhoBdaycake"
6864499,"farmhoFacepalm"
6864499,"farmhoWeird"
6864499,"farmhoFine"
6864499,"farmhoHyperainbow"
6864499,"farmhoLurk"
6864499,"farmhoPopcornani"
6864499,"farmhoO7"
6864499,"farmhoAw"
6864499,"farmhoWigglesteven"
6864499,"farmhoHype"
6864499,"farmhoDevil"
6864499,"farmhoBdayhat"
6864499,"farmhoCozy"
6864499,"farmhoScooburger"
6864499,"farmhoScared"
6864499,"farmhoMad"
6864499,"farmhoNotlikethis"
6864499,"farmhoBdaygift"
6864499,"farmhoLove"
6864499,"farmhoSpray"
6864499,"farmhoHydrate"
6864499,"farmhoJudge"
6864499,"farmhoSleep"
6864499,"farmhoStevenhead"
6864499,"farmhoButtquack"
6864499,"farmhoSip"
6864499,"farmhoEvil"
6864499,"farmhoWiggle"
6864499,"farmhoLol"
6864499,"farmhoSing"
6864499,"farmhoPopcorn"
6864499,"farmhoBooo"
6864499,"farmhoSus"
6864499,"farmhoSteven"
6864499,"farmhoBdayballoon"
6864499,"farmhoShock"
6864499,"farmhoNoice"
6864499,"farmhoEink"
6864499,"farmhoWhat"
6896654,"artoTerran"
6896654,"artoChat"
6896654,"artoSalt"
6896654,"artoPog"
6896654,"artoLose"
6896654,"artoSmug"
6896654,"artoClown"
6896654,"artoDoctor"
6896654,"artoShrug"
6896654,"arto1"
6896654,"arto2"
6896654,"arto3"
6896654,"arto4"
6896654,"artoBan"
6896654,"artoUnban"
6896654,"artoCry"
6896654,"artoDanger"
6896654,"artoBaby"
6896654,"artoGiraffe"
6896654,"artoSus"
6896654,"artoCursed"
6896654,"artoTP"
6896654,"artoPylon"
6896654,"artoFace"
6896654,"artoStache"
6896654,"artoTrash"
6896654,"artoKing"
6896654,"artoNick"
6896654,"artoDan"
6896654,"artoGg"
6896654,"artoProtoss"
6896654,"artoWow"
6896654,"artoNaga"
6896654,"artoGenius"
6896654,"artoGrumpy"
6896654,"artoRusty"
6896654,"artoGoon"
6896654,"artoBird"
6896654,"artoEvilduck"
6896654,"artoWhoa"
6896654,"artoAgony"
6896654,"artoUSA"
6896654,"artoEpic"
6896654,"artoTurret"
6896654,"artoDance"
6896654,"artoWorld"
6896654,"artoFeels"
6952852,"oneeSnakk"
6952852,"oneeSword"
6952852,"oneeSkd"
6952852,"oneeJiyuna"
6952852,"oneeScumbag"
6952852,"oneeBonjour"
6952852,"oneeBro"
6952852,"oneeShantae"
6952852,"oneeGat"
6952852,"oneeMonkas"
6952852,"oneeAraara"
6952852,"oneePawg"
6952852,"onee5head"
6952852,"oneeSleep"
6952852,"oneeWhat"
6952852,"oneeBlush"
6952852,"oneeCozy"
6952852,"oneeDonte"
6952852,"oneeBye"
6952852,"oneePunished"
6952852,"oneeHello"
6952852,"oneeSus"
6952852,"oneeHappy"
6952852,"oneeGalaxybrain"
6954795,"kibbeAlexParker"
6954795,"kibbeEyes"
6954795,"kibbeBaby"
6954795,"kibbeSadge"
6954795,"kibbeTYFYS"
6958615,"honzoThirst"
6958615,"honzoFeelskongman"
6958615,"honzoHuehue"
6958615,"honzoAtoq"
6958615,"honzoAC"
6958615,"honzoChatting"
6958615,"honzoCressen"
6958615,"honzoDrugs"
6958615,"honzoJokermode"
6958615,"honzoPunished"
6958615,"honzoJoker"
6958615,"honzoStrut"
6958615,"honzoSleep"
6958615,"honzoBigman"
6958615,"honzoXD"
6958615,"honzo5Head"
6958615,"honzoDunce"
6971281,"jaynemThink"
6971281,"jaynemHi"
6971281,"jaynemStonks"
6971281,"jaynemNotstonks"
6971281,"jaynemLaugh"
6971281,"jaynemSweat"
6971281,"jaynemAngel"
6971281,"jaynemJaysus"
6971281,"jaynemMoney"
6971281,"jaynemAngry"
6994238,"felishaPout"
6994238,"felishaCop"
6994238,"felishaEars"
6994238,"felishaHype"
6994238,"felishaLove"
6994238,"felishaZena"
6994238,"felishaThirst"
6994238,"felishaTux"
7010591,"uhnBan"
7010591,"uhnS"
7010591,"uhnMoney"
7010591,"uhnSax"
7010591,"uhnGasm"
7010591,"uhnSiz"
7010591,"uhnGheart"
7010591,"uhnSG"
7010591,"uhnSun"
7010591,"uhnMac"
7010591,"uhnYou"
7010591,"uhnMe"
7010591,"uhnDesk"
7010591,"uhnSip"
7010591,"uhnGiga"
7010591,"uhn1"
7010591,"uhn2"
7010591,"uhn3"
7010591,"uhn4"
7010591,"uhnAw"
7010591,"uhnNom"
7010591,"uhnPog"
7010591,"uhnV"
7010591,"uhnWk"
7010591,"uhnFat"
7010591,"uhnOld"
7010591,"uhnBadge"
7010591,"uhnY"
7010591,"uhn78"
7010591,"uhnRat"
7010591,"uhnChoke2"
7010591,"uhnHead"
7010591,"uhnLol"
7010591,"uhnTos"
7010591,"uhnDead"
7010591,"uhnH"
7010591,"uhnCry"
7010591,"uhnHoa"
7010591,"uhnChad2"
7010591,"uhnFine"
7010591,"uhnBayo"
7010591,"uhnRee"
7010591,"uhnCozy"
7010591,"uhnHeart"
7010591,"uhnNotes"
7010591,"uhnGift"
7010591,"uhnKek"
7010591,"uhnCorgi2"
7010591,"uhnGun"
7010591,"uhnCorgi"
7010591,"uhnIq"
7010591,"uhnWiggle"
7010591,"uhnBb"
7010591,"uhnRip"
7010591,"uhnRot"
7010591,"uhnOg"
7010591,"uhnD"
7010591,"uhnKiss"
7010591,"uhnSuffer"
7010591,"uhnTrain"
7010591,"uhnPeep"
7010591,"uhnChad"
7010591,"uhnEvil"
7010591,"uhnWiggle2"
7010591,"uhnCorgi3"
7010591,"uhnWicked"
7010591,"uhnBless"
7010591,"uhnWheeze"
7010591,"uhnMeta"
7010591,"uhnSalute"
7010591,"uhnHug"
7010591,"uhnShifty"
7010591,"uhnFin"
7010591,"uhnLore"
7030126,"doomPUN"
7030126,"doomSHAKER"
7030126,"doomSHAKE"
7030126,"doomGOLD"
7030126,"doomSENPAI"
7030126,"doomFAST"
7030126,"doomRIP"
7030126,"doomYOLO"
7030126,"doomTRAIN"
7030126,"doomRNG"
7030126,"doomBROKE"
7030126,"doomNINJA"
7036025,"cronoThink"
7036025,"cronoB"
7036025,"crono3"
7036025,"cronoGun"
7036025,"cronoPog"
7036025,"cronoSip"
7036025,"cronoEz"
7036025,"cronoHi"
7036025,"cronoSleep"
7036025,"cronoPeek"
7036025,"cronoTriggered"
7081264,"aryBlush"
7081264,"aryYass"
7081264,"arySlay"
7081264,"aryTaco"
7081264,"aryGaco"
7081264,"aryBit"
7081264,"aryHey"
7081264,"aryWow"
7081264,"arySad"
7081264,"aryHype"
7081264,"aryUgh"
7081264,"arySip"
7081264,"aryShook"
7081264,"aryRage"
7081264,"aryS"
7081264,"aryM"
7081264,"aryHonk"
7093315,"slop3IDIOT"
7093315,"slop3GLOBAL"
7093315,"slop3PUTTE"
7093315,"slop3TYST"
7093315,"slop3KULA"
7093315,"slop3TIMELL"
7093315,"slop3PETRA"
7093315,"slop3ROXY"
7093315,"slop3L"
7093315,"slop3R"
7093315,"slop3UPP"
7093315,"slop3POG"
7093315,"slop3LOW"
7093315,"slop3FX"
7093315,"slop3KIKI"
7093315,"slop3HEYNOW"
7093315,"slop3LOVE"
7093315,"slop3MUMS"
7093315,"slop3LOL"
7093315,"slop3HEYNU"
7093315,"slop3GOOD"
7093315,"slop3BAN"
7093315,"slop3TO"
7093315,"slop3TRYCK"
7093315,"slop3BURGER"
7093315,"slop3FORTNITE"
7093315,"slop3KLASS"
7093315,"slop3EFFEKT"
7093315,"slop3VIN"
7093315,"slop3HEY"
7093315,"slop3KS"
7093315,"slop3KOEVI"
7093315,"slop3JINX"
7093315,"slop3PUMP"
7093315,"slop3RA"
7093315,"slop3KA"
7093315,"slop3HUH"
7093315,"slop3BUSS"
7093315,"slop3KQLLE"
7093315,"slop3DANSAR"
7093315,"slop3HOJ"
7093315,"slop3VOI"
7120627,"migueloveOk"
7120627,"migueloveOjo"
7120627,"migueloveMeta"
7120627,"migueloveMiedo"
7120627,"migueloveAdmin"
7120627,"migueloveGod"
7120627,"migueloveWut"
7120627,"migueloveNotFun"
7120627,"miguelovePurete"
7120627,"miguelove7"
7120627,"miguelovePog"
7120627,"migueloveSleeper"
7120627,"migueloveAw"
7120627,"migueloveKEK"
7120627,"migueloveBAN"
7120627,"migueloveFiscalizando"
7120627,"migueloveKhe"
7120627,"migueloveAplauso"
7120627,"migueloveHype"
7120627,"migueloveStare"
7120627,"migueloveMove"
7120627,"migueloveKekw"
7120627,"migueloveCara"
7136043,"sudGTR"
7136043,"sudHusky"
7136043,"sudOne"
7136043,"sudBig"
7136043,"sudCaution"
7136043,"sudWin"
7136043,"sudTires"
7136043,"sudHeart"
7143499,"val22Albanian"
7143499,"val22Rage"
7143499,"val22Joy"
7143499,"val22Shenhua"
7143499,"val22ADAWait"
7143499,"val22Vanille"
7143499,"val22SexyFang"
7143499,"val22RebeccaCoolstory"
7143499,"val22CatherineVal22"
7143499,"val22RachelAmber"
7143499,"val22ChloePrice"
7143499,"val22Cube"
7143499,"val22BeautifulGirl"
7143499,"val22Patty"
7143499,"val22JudithMaid"
7143499,"val22JudyBra"
7143499,"val22Rita"
7143499,"val22RitaBatGirl"
7143499,"val22YuliaHeir"
7143499,"val22ValandLadyHOTICE"
7143499,"val22VALHEART"
7143499,"val22QUIETSEXYGAL"
7143499,"val22MaxineCaulfieldHI"
7143499,"val22MaxAmber"
7143499,"val22RACHELLEWD"
7143499,"val22KATEMARSHBIBLE"
7143499,"val22TearsVal"
7143499,"val22Landi"
7143499,"val22JoyPose"
7143499,"val22Jill"
7150119,"dinkyDude"
7150119,"dinkyRekt"
7150119,"dinkyGG"
7150119,"dinkyHype"
7150119,"dinkyChair"
7150119,"dinkyH"
7150119,"dinkyHug"
7150119,"dinkyGasp"
7150119,"dinkyFail"
7150119,"dinkyTen"
7150119,"dinkyCheers"
7150119,"dinkyDance"
7150119,"dinkyTroll"
7150119,"dinkySad"
7150119,"dinkyNope"
7150119,"dinkyHrea"
7150119,"dinkyLove"
7150119,"dinkyPoke"
7150119,"dinkyOneMore"
7167763,"unsKool"
7167763,"unsWelp"
7167763,"unsWat"
7167763,"unsHappy"
7167763,"unsAd"
7167763,"unsDespair"
7167763,"unsGross"
7167763,"unsMustacheYouAQuestion"
7167763,"unsAHH"
7167763,"unsGasm"
7167763,"unsDee"
7167763,"unsHow"
7167763,"unsGun"
7167763,"unsSaw"
7167763,"unsNort"
7167763,"unsHAHA"
7167763,"unsFingies"
7167763,"unsDURNK"
7167763,"unsHi"
7167763,"unsGrump"
7167763,"unsFear"
7167763,"unsThink"
7167763,"unsWin"
7167763,"unsHYPE"
7167763,"unsChilly"
7167763,"unsPit"
7167763,"unsAneGold"
7167763,"unsAneOld"
7167763,"unsKing"
7167763,"unsHonk"
7167763,"unsPitGold"
7167763,"unsIp"
7167763,"unsKazoo"
7167763,"unsPeep"
7167763,"unsGoldBertha"
7167763,"unsBertha"
7167763,"unsCreep"
7167763,"unsSmile"
7167763,"unsHeart"
7167763,"unsHAKE"
7167763,"unsCongaRats"
7167763,"unsCheater"
7167763,"unsToonPeep"
7167763,"unsPop"
7167763,"unsUre"
7167763,"unsRat"
7167763,"unsPower"
7167763,"unsTorch"
7167763,"unsCringe"
7167763,"unsANGY"
7167763,"unsBurgift"
7167763,"unsOwo"
7167763,"unsCult"
7176704,"ghostkaiPog"
7176704,"ghostkaiOhmy"
7176704,"ghostkaiKing"
7176704,"ghostkaiModLove"
7176704,"ghostkaiPogkai"
7176704,"ghostkaiP0g"
7176704,"ghostkaiJoinUs"
7176704,"ghostkaiYES"
7176704,"ghostkaiShock"
7176704,"ghostkaiNotLikeThis"
7176704,"ghostkaiSuperspy"
7176704,"ghostkaiGoodJob"
7176704,"ghostkaiPout"
7176704,"ghostkaiDisappoint"
7176704,"ghostkaiPog2"
7176704,"ghostkaiDance"
7176704,"ghostkaiConfuse"
7176704,"ghostkaiSleeper"
7176704,"ghostkaiIntense"
7176704,"ghostkaiDancing2"
7176704,"ghostkaiSalute"
7176704,"ghostkaiMegagasm"
7176704,"ghostkaiShot"
7176704,"ghostkaiHehehe"
7176704,"ghostkaiSuperSpies"
7176704,"ghostkaiRigged"
7176704,"ghostkaiHello"
7176704,"ghostkaiPraying"
7176704,"ghostkaiHands"
7176704,"ghostkaiFashionShow"
7176704,"ghostkaiDespair"
7176704,"ghostkaiLove"
7176704,"ghostkaiSmug"
7176704,"ghostkaiLUL"
7176704,"ghostkaiGhost"
7176704,"ghostkaiCheek"
7176704,"ghostkaiSausage"
7176704,"ghostkaiRage"
7176704,"ghostkaiCringe"
7183375,"l33tYaku"
7183375,"l33tTaisiya"
7183375,"l33tMegumi"
7183375,"l33tPing"
7183375,"l33tErika"
7183375,"l33tTounomoto"
7183375,"l33tPanda"
7183375,"l33tMugi"
7183375,"l33tMiho"
7203246,"tekkPat"
7203246,"tekkThink"
7203246,"tekkMad"
7203246,"tekkGib"
7203246,"tekkDoge"
7203246,"tekkRage"
7203246,"tekkThump"
7203246,"tekkSmug"
7203246,"tekkWah"
7203246,"tekkNasty"
7203246,"tekkBlush"
7203246,"tekkTub"
7203246,"tekkWaaah"
7203246,"tekkZZZ"
7203246,"tekkWink"
7203246,"tekkBBB"
7203246,"tekkBlushier"
7203246,"tekkNaut"
7203246,"tekk1"
7203246,"tekk2"
7203246,"tekk3"
7203246,"tekk4"
7203246,"tekkComfy"
7203246,"tekkC"
7203246,"tekkB"
7203246,"tekkD"
7203246,"tekkLove"
7203246,"tekkHype"
7203246,"tekkHi"
7203246,"tekkExtraMad"
7203246,"tekkAwuga"
7203246,"tekkBlep"
7203246,"tekkExtraWah"
7203246,"tekkExtraThump"
7203246,"tekkExtraHype"
7203246,"tekkWin"
7203246,"tekkNotes"
7203246,"tekkSip"
7203246,"tekkExtraD"
7203429,"alukardHmph"
7203429,"alukardJTimb"
7203429,"alukardKHeart"
7203429,"alukardKHello"
7203429,"alukardBRUH"
7203429,"alukardBillsEat"
7203429,"alukardBillsCry"
7203429,"alukardBillsPOG"
7203429,"alukardGUN"
7203429,"alukardSAUCE"
7203429,"alukardTest"
7203429,"alukardSleep"
7203429,"alukardHatred"
7203429,"alukard21Gasm"
7203429,"alukardBlessed"
7203429,"alukard18Gasm"
7203429,"alukardDAB"
7203429,"alukardViperH"
7203429,"alukardGhost"
7203429,"alukardPAIN"
7203429,"alukardVIOLENCE"
7203429,"alukardMONKE"
7203429,"alukardEDBOY"
7203429,"alukardGOD"
7203429,"alukardPEWPEW"
7203429,"alukardPEWPEW2"
7203429,"alukardDIE"
7203429,"alukard4Frames"
7203429,"alukardCHEST"
7203429,"alukardEDBOYSHAKE"
7203429,"alukardLUL"
7203429,"alukardZamFACE"
7203429,"alukardBanger"
7203429,"alukardZamCry"
7203429,"alukardKill"
7203429,"alukardNOPE"
7203429,"alukardTP"
7203429,"alukardJustice"
7203429,"alukardFriezaRAGE"
7203429,"alukardDrill"
7203429,"alukardBOJ"
7203429,"alukardPotara"
7203429,"alukardCome"
7208800,"yuriJosh"
7208800,"yuriThirst"
7208800,"yuriReggie"
7208800,"yuriFatd"
7208800,"yuriGoro"
7208800,"yuriOfwind"
7208800,"yuriKai"
7208800,"yuriPika"
7208800,"yuriKman"
7208800,"yuriNo"
7208800,"yuriAh"
7208800,"yuriSeto"
7208800,"yuriBruh"
7208800,"yuriLove"
7208800,"yuriWhat"
7208800,"yuriHm"
7208800,"yuriEw"
7208800,"yuriLeon"
7208800,"yuriGaim"
7208800,"yuriLucky"
7208800,"yuriDan"
7208800,"yuriKen"
7208800,"yuriEvol"
7208800,"yuriMomo"
7208800,"yuriPoison"
7208800,"yuriJump"
7208800,"yuriNice"
7208800,"yuriHey"
7208800,"yuriBang"
7208800,"yuriKabuto"
7208800,"yuriBen"
7213316,"bigbossChun"
7213316,"bigbossCreepster"
7213316,"bigbossDurr"
7213316,"bigbossWtfisihis"
7213316,"bigbossMMMHMM"
7213316,"bigbossHurr"
7213316,"bigbossBigbrain"
7213316,"bigbossHyuck"
7236692,"danSgame"
7236692,"danK"
7236692,"danGachi"
7236692,"dan7"
7236692,"dan8"
7236692,"dan9"
7236692,"danOld"
7236692,"danCry"
7236692,"danLurk"
7236692,"dan6"
7236692,"danComfy"
7236692,"danKEK"
7236692,"danSad"
7236692,"danBlush"
7236692,"danKappa"
7236692,"danEvil"
7236692,"danBlank"
7236692,"danCringe"
7236692,"danHmm"
7236692,"danGreed"
7236692,"danNice"
7236692,"danSip"
7236692,"danYes"
7236692,"danLove"
7236692,"danF"
7236692,"danHeh"
7236692,"danHuh"
7236692,"danBrain"
7236692,"danMad"
7236692,"danBobble"
7236692,"danHero"
7236692,"danMods"
7236692,"danSpy"
7236692,"danCreep"
7236692,"danD"
7236692,"danP"
7236692,"danCopium"
7236692,"danDespair"
7236692,"danPhone"
7236692,"danClueless"
7236692,"danRude"
7236692,"danKona"
7236692,"danHype"
7236692,"danLUL"
7236692,"danEasy"
7236692,"danJudge"
7236692,"danChad"
7236692,"danBongos"
7236692,"danS"
7236692,"danCute"
7236692,"danLizard"
7236692,"danJulia"
7236692,"danGross"
7236692,"danSuffer"
7236692,"danAware"
7236692,"danW"
7236692,"danPunch"
7236692,"danWow"
7236692,"danCe"
7236692,"danHa"
7236692,"danBaited"
7236692,"danPls"
7236692,"danSus"
7236692,"danCoffee"
7236692,"danDerp"
7236692,"danCorpa"
7236692,"danNom"
7236692,"danTired"
7236692,"danDuck"
7236692,"danSmug"
7236692,"danHi"
7236692,"danPanic"
7236692,"danDrool"
7236692,"danPray"
7275079,"nvcAfk"
7275079,"nvcTree"
7275079,"nvcHi"
7275079,"nvcRage"
7275079,"nvcCry"
7275079,"nvcGold"
7275079,"nvcZoom"
7275079,"nvcBall"
7275079,"nvcSnow"
7275079,"nvcOmg"
7275079,"nvcPotat"
7275079,"nvcGG"
7275079,"nvcRage1"
7275079,"nvcZoom1"
7275079,"nvcDragon"
7275079,"nvcPotat1"
7275079,"nvcRave"
7275079,"nvcDA"
7275079,"nvcBall1"
7313723,"chitaiHey"
7313723,"chitaiDbz"
7313723,"chitaiHuntress"
7313723,"chitaiPtitbat"
7313723,"chitaiJane"
7313723,"chitaiDemo"
7313723,"chitaiMyers"
7313723,"chitaiMoundir"
7313723,"chitaiFrog"
7313723,"chitaiLurk"
7313723,"chitaiHaha"
7313723,"chitaiFraise"
7313723,"chitaiMonkas"
7313723,"chitaiUwU"
7313723,"chitaiGasm"
7313723,"chitaiPixelShake"
7313723,"chitaiHatchet"
7313723,"chitaiOni"
7313723,"chitaiPixelO"
7313723,"chitaiHypers"
7313723,"chitaiBravo"
7313723,"chitaiAC"
7313723,"chitaiPride"
7313723,"chitaiJaneDance"
7313723,"chitaiRage"
7313723,"chitaiPogRoll"
7313723,"chitaiOno"
7313723,"chitaiSmirk"
7346493,"unyPls"
7346493,"unyHype"
7346493,"unyLove"
7346493,"unyWut"
7346493,"unyBeam"
7346493,"unyCry"
7346493,"unyGo"
7346493,"unyLUL"
7346493,"unyPWN"
7346493,"unyCarry"
7346493,"uny50"
7346493,"unySmile"
7346493,"unyClown"
7346493,"unyRamboo"
7346493,"unyKing"
7346493,"unyChef"
7346493,"unyLurk"
7346493,"unyFall"
7346493,"unyRIPP"
7346493,"unyRagee"
7346493,"unyCool"
7346493,"unyBan"
7346493,"unyWave"
7346493,"unyDance"
7346493,"unyGG"
7346493,"unyHypee"
7346493,"unyOne"
7402190,"auroralKuro"
7402190,"auroralLOL"
7402190,"auroralHype"
7402190,"auroralHi"
7402190,"auroralDead"
7402190,"auroralLvl"
7402190,"auroralHaha"
7402190,"auroralHeart"
7402190,"auroralComfy"
7402190,"auroralLurk"
7402190,"auroralSip"
7402190,"auroralNom"
7402190,"auroralSave"
7402190,"auroralScared"
7402190,"auroralPewpew"
7402190,"auroral7"
7402190,"auroralEw"
7402190,"auroralEyeroll"
7402190,"auroralNelsha"
7402190,"auroralMad"
7402190,"auroralYell"
7402190,"auroralISP"
7402190,"auroralMasa"
7402190,"auroralDrain"
7402190,"auroralGlasses"
7402190,"auroralHeeho"
7402190,"auroralMune"
7402190,"auroralCry"
7402190,"auroralSus"
7402190,"auroralKnife"
7402190,"auroralRage"
7402190,"auroralMara"
7402190,"auroralWhat"
7402190,"auroralOMG"
7402190,"auroralJam"
7422873,"shaqHand"
7422873,"shaqNessie"
7422873,"shaqDonimals"
7430756,"elite2x7"
7430756,"elite2xKINGDJ"
7430756,"elite2xHEART"
7430756,"elite2xPIKALOVE"
7430756,"elite2xGasm"
7430756,"elite2xAYAYA"
7430756,"elite2xREE"
7430756,"elite2xD"
7430756,"elite2xW"
7430756,"elite2xCRY"
7430756,"elite2xHUG"
7430756,"elite2xHEY"
7430756,"elite2xCHEER"
7430756,"elite2xGUN"
7430756,"elite2xPAT"
7430756,"elite2xSNACK"
7430756,"elite2xCOMFY"
7430756,"elite2xXP"
7430756,"elite2xRAGE"
7430756,"elite2xLUL"
7430756,"elite2xEASY"
7430756,"elite2xPEEPO"
7430756,"elite2xWOO"
7430756,"elite2xBANGER"
7430756,"elite2xCOMEONENGLAND"
7430756,"elite2xWOW"
7430756,"elite2xPEWPEW"
7430756,"elite2xGG"
7430756,"elite2xSIMULATION"
7438094,"layLurk"
7438094,"layCry"
7438094,"layCute"
7438094,"layWaifu"
7438094,"layDumb"
7438094,"layPog"
7438094,"laySweat"
7438094,"layGimme"
7438094,"layGasm"
7438094,"laySpray"
7438094,"layRage"
7438094,"layNom"
7438094,"layYikes"
7438094,"layCringe"
7438094,"layMusic"
7438094,"laySip"
7438094,"layFood"
7438094,"layRIP"
7438094,"layPraise"
7438094,"layBit"
7438094,"layStare"
7438094,"layOk"
7438094,"layDoit"
7438094,"layHello"
7438094,"layFire"
7438094,"laySad"
7438094,"layPanic"
7443503,"pennyRageGabe"
7443503,"pennyRageTycho"
7443503,"pennySleepyKemper"
7443503,"pennyTilt"
7443503,"pennyWhat"
7443503,"pennyCrabgod"
7443503,"pennySnowbwomp"
7443503,"pennyHohoho"
7443503,"pennyCuss"
7443503,"pennyYesChicken"
7443503,"pennyHong"
7443503,"pennyPitCrew"
7443503,"pennyRedline"
7443503,"pennyAcqintglass"
7443503,"pennyPico"
7443503,"pennyPicorub"
7443503,"pennyPicosing"
7443503,"pennyBwomp"
7443503,"pennyGreenflame"
7443503,"pennyPleased"
7443503,"pennyFeed"
7443503,"pennyDark"
7443503,"pennyWortex"
7443503,"pennyNochicken"
7514798,"carolesLove"
7514798,"caroles190"
7514798,"carolesKiller"
7514798,"carolesCheer"
7514798,"carolesCry"
7514798,"carolesMorta"
7514798,"carolesKekw"
7514798,"carolesRefri"
7514798,"carolesDance"
7555574,"crendorChair"
7555574,"crendorSkittles"
7555574,"crendorRee"
7555574,"crendorWtf"
7555574,"crendorHyena"
7555574,"crendorTurtle"
7555574,"crendorOld"
7555574,"crendorAhh"
7555574,"crendorPotato"
7555574,"crendorHuh"
7555574,"crendorFeelsgood"
7555574,"crendorMamamia"
7555574,"crendorCrocky"
7555574,"crendorAyaya"
7555574,"crendorHmm"
7555574,"crendorCritter"
7555574,"crendorSith"
7555574,"crendorCat"
7555574,"crendorMonkaBugs"
7555574,"crendorDebt"
7555574,"crendorUhh"
7555574,"crendorOldcat2"
7555574,"crendorThunk"
7555574,"crendorLuckydo"
7555574,"crendorFishing3"
7555574,"crendorFishing2"
7555574,"crendorFishing1"
7555574,"crendorSiren"
7555574,"crendorBreakfast"
7555574,"crendorOmegalul"
7555574,"crendorAmericano"
7555574,"crendorFrog1"
7555574,"crendorNerd"
7555574,"crendorHi"
7555574,"crendorShocked"
7555574,"crendorSmile"
7555574,"crendorPog"
7555574,"crendorFeelsbad"
7555574,"crendorWuh"
7555574,"crendorBrain"
7555574,"crendorLurk"
7555574,"crendorRip"
7555574,"crendorFrog2"
7555574,"crendorCatwat"
7555574,"crendorHypers"
7555574,"crendorNotThatDrunk"
7555574,"crendorCatjam"
7555574,"crendorBongocat"
7555574,"crendorUgh"
7555574,"crendorHappy"
7555574,"crendorCringe"
7555574,"crendorClap"
7555574,"crendorSpoon"
7555574,"crendorPopcat"
7555574,"crendorHoggers"
7555574,"crendorRatjam"
7555574,"crendorSausage"
71336,"rbzWC"
71336,"rbzCoinA"
73018,"ygrDerp"
73018,"ygrTip"
73018,"ygrNiceguy"
73018,"ygrB"
73018,"ygrRage"
73018,"ygrLove"
73018,"ygrBb"
73018,"ygrSad"
73018,"ygrWat"
73018,"ygrHey"
73018,"ygrTap"
73018,"ygrWord"
73018,"ygrGood"
73018,"ygrBad"
73018,"ygrYe"
73018,"ygrScare"
73018,"ygrOh"
73018,"ygrCreep"
73018,"ygrGasm"
73018,"ygrTapper"
74859,"gothixWRONG"
74859,"gothixCRYBABY"
74859,"gothixSip"
74859,"gothixMoist"
74859,"gothixDyinginside"
74859,"gothixPika"
74859,"gothixWhiteboard"
74859,"gothixAnnoyed"
74859,"gothixOscarTheDumpsterCat"
74859,"gothixEvil"
74859,"gothixLove"
74859,"gothixThinking"
74859,"gothixAmazing"
81012,"babylonFrog"
81012,"babylonGoblet"
81012,"babylonBoots"
81012,"babylonPog"
81012,"babylonBrico"
81012,"babylonSleepy"
81012,"babylonCrush"
81012,"babylonMouth"
81012,"babylonStarbit"
81012,"babylonChunks"
81012,"babylonJoker"
81012,"babylonLad"
81012,"babylonSus"
81012,"babylonOobie"
81012,"babylonCarmisato"
81012,"babylonRNG"
81012,"babylonNick"
81012,"babylonHeart"
81012,"babylonLadPls"
81012,"babylonScoutPunch"
81012,"babylonYagoobPet"
81012,"babylonYagoobian"
81012,"babylonScout"
81012,"babylonBone"
196858,"omieCheer"
241636,"dnkRage"
268652,"colIcon"
268652,"colApple"
268652,"colRWF"
268652,"colMax"
268652,"colTHD"
268652,"colThe"
268652,"colPit"
268652,"colShake"
268652,"colPium"
268652,"colBoysway"
268652,"colChickendippies"
268652,"colChicken"
390384,"danogW"
390384,"danogM"
471453,"s00Dead"
471453,"s00Rekt"
471453,"s00Hype"
471453,"s00Salty"
471453,"s00Ruined"
471453,"s00Saved"
471453,"s00Good"
471453,"s00Bad"
471453,"s00Cheeki"
471453,"s00Breeki"
471453,"s00Tasty"
471453,"s00Praise"
471453,"s00Boned"
471453,"s00LPraise"
473396,"sourPepe"
473396,"sourYee"
473396,"sourBoss"
473396,"sourPoggers"
473396,"sourBoomer"
473396,"sourWeird"
473396,"sourLaugh"
473396,"sourJam"
473396,"sourNotes"
473396,"sourHhhehehe"
473396,"sourRIP"
473396,"sourGG"
473396,"sourSivir"
473396,"sourClemon"
473396,"sourREE"
473396,"sourVirus"
473396,"sourWave"
473396,"sourConfused"
473396,"sourPuddin"
473396,"sourS"
473396,"sourKappa"
473396,"sourSweat"
473396,"sourClap"
473396,"sourPls"
473396,"sourPoggersss"
473396,"sourCreep"
473396,"sourREEEE"
477897,"ilyterrorPosted"
497952,"fishCake"
497952,"fishCaw"
497952,"fishClassy"
497952,"fishFine"
497952,"fishGold"
497952,"fishGull"
497952,"fishHugs"
497952,"fishHuh"
497952,"fishKid"
497952,"fishKrap"
497952,"fishLove"
497952,"fishNinja"
497952,"fishOOO"
497952,"fishPro"
497952,"fishRant"
497952,"fishScience"
497952,"fishSip"
497952,"fishSMRT"
497952,"fishSoon"
497952,"fishWut"
497952,"fishDat"
597725,"terduGaviota"
901260,"chumGasm"
901260,"chumRip"
901260,"chumCheers"
901260,"chumSausage"
901260,"chumHorses"
901260,"chumWiz"
901260,"chumCoj"
901260,"chumDevil"
901260,"chumVip"
901260,"chumSqueezl"
901260,"chumSad"
901260,"chumFist"
901260,"chumLurk"
901260,"chumLove"
901260,"chumBob"
901260,"chumBS"
901260,"chumHype"
901260,"chumRighton"
901260,"chumLUL"
901260,"chumLurking"
901260,"chumGoogly"
901260,"chumHYPE2"
901260,"chumWhy"
901260,"chumTechnowiz"
901260,"chumHI"
901260,"chumGG"
901260,"chumYes"
901260,"chumHYPE3"
931568,"blargLUL"
931568,"blargEats"
931568,"blargLove"
931568,"blargUm"
931568,"blargThink"
931568,"blargPaints"
931568,"blargFred"
931568,"blargVincent"
931568,"blargDsweat"
931568,"blargDbye"
931568,"blargDlol"
931568,"blargThis"
931568,"blargReally"
931568,"blargDangry"
931568,"blargDbod"
931568,"blargDlarm"
931568,"blargDrarm"
931568,"blargNothing"
931568,"blargMBlue"
931568,"blargMRed"
931568,"blargJimmy"
931568,"blargMFall"
931568,"blargZCool"
931568,"blargDGen"
931568,"blargDOwO"
931568,"blargCry"
931568,"blargGrr"
931568,"blargHNGH"
931568,"blargBoo"
931568,"blargCTH"
931568,"blargTOS"
931568,"blargLurk"
931568,"blargPenith"
931568,"blargScare"
931568,"blargBlitz"
931568,"blargVWLink"
931568,"blargStan"
931568,"blargSword"
931568,"blargLOL"
931568,"blargMM"
931568,"blargCreepy"
931568,"blargEllipses"
931568,"blargWakka"
931568,"blargBlitzball"
931568,"blargLuv"
1194004,"karter1Angy"
1251709,"complexANGRY"
1251709,"complexCONFUSED"
1251709,"complexSLEEPY"
1251709,"complexLOL"
1251709,"complexLOVE"
1251709,"complexEXCITED"
1251709,"complexShuudo"
1251709,"complexFlexPoint"
1251709,"complexFlex"
1251709,"complexFlop"
1251709,"complexHannahHoller"
1251709,"complexAlexisSmile"
1251709,"complexTinoHmm"
1251709,"complexJakeLOL"
1251709,"complexTinolol"
1251709,"complexHannahsmile"
1251709,"complexAidanDEALWITHIT"
1255896,"enableHands"
1255896,"enableCAT"
1255896,"enableThumb"
1255896,"enableBanhammer"
1255896,"enableHB"
1255896,"enableTjstaavin"
1255896,"enableThrottle"
1255896,"enableBrain"
1255896,"enableCool"
1255896,"enable100"
1255896,"enableCash"
1255896,"enableHappy"
1255896,"enableStonks"
1255896,"enableGgs"
1255896,"enableMvp"
1255896,"enableAyo"
1255896,"enableClown"
1255896,"enableGift"
1255896,"enablePXL"
1255896,"enableL"
1255896,"enableButt"
1255896,"enableFlex"
1255896,"enableSus"
1255896,"enableLove"
1255896,"enableHype"
1255896,"enableMad"
1423946,"gjakeDerp"
1423946,"gjakeEat"
1744036,"mikwenKappa"
1744036,"mikwenBro"
1744036,"mikwenUnreal"
1744036,"mikwenSub"
1744036,"mikwenFace"
1744036,"mikwenMug"
1744036,"mikwenSad"
1744036,"mikwenGuilty"
1744036,"mikwenExcite"
1744036,"mikwenSleep"
1744036,"mikwenAngry"
1744036,"mikwenJudge"
1744036,"mikwenScared"
1744036,"mikwenInnocent"
1744036,"mikwenBadFriend"
1744036,"mikwenThumbs"
1744036,"mikwenHi"
1744036,"mikwenLove"
1744036,"mikwenMusic"
1744036,"mikwenDWE"
1744036,"mikwenEB"
1744036,"mikwenL"
1845004,"zeroyalCactus"
1845004,"zeroyalVibes"
1845004,"zeroyalW"
1914888,"hotashiSpicy"
1914888,"hotashiCool"
2128782,"krazyDon"
2128782,"krazyGo"
2128782,"krazyDona"
2128782,"krazyThug"
2128782,"krazyVi"
2128782,"krazyXao"
2128782,"krazyPatan"
2128782,"krazyRip"
2128782,"krazyKk"
2128782,"krazyRafa"
2128782,"krazyNv"
2128782,"krazyP"
2128782,"krazyRata"
2128782,"krazyD"
2128782,"krazyKappa"
2128782,"krazyLove"
2128782,"krazyBoom"
2128782,"krazyIndio"
2128782,"krazyBang"
2128782,"krazyNoot"
2128782,"krazyCrying"
2128782,"krazyMao"
2128782,"krazyNada"
2128782,"krazyBan"
2128782,"krazyCrab"
2142933,"spraggGO"
2261919,"crreamOWO"
2261919,"crreamChef"
2261919,"crreamGun"
2261919,"crreamTrash"
2261919,"crreamStare"
2261919,"crreamCool"
2261919,"crreamFoil"
2261919,"crreamLick"
2261919,"crreamOhno"
2261919,"crreamSnug"
2305215,"bartgeoPouletbg"
2305215,"bartgeoClape"
2305215,"bartgeoTutu"
2305215,"bartgeoPleurs"
2400710,"membFAIL"
2605276,"haveocC"
3028810,"d88Love"
3028810,"d88Sip"
3028810,"d88Stab"
3028810,"d88Sketti"
3102991,"axialHumBomb"
3182169,"hammersBurp"
3182169,"hammersYeah"
3182169,"hammersHam"
3182169,"hammersMark"
3182169,"hammersScatola"
3182169,"hammersGrande"
3182169,"hammersRage"
3182169,"hammersFear"
3182169,"hammersCristo"
3182169,"hammersSpane"
3182169,"hammersWash"
3286344,"dorrHideAni"
3286344,"dorrSpookAni"
3286344,"dorrStein"
3286344,"dorrFog"
3286344,"dorrDied"
3286344,"dorrPsychoAni"
3286344,"dorrHide"
3703798,"pneuroseFrango"
3703798,"pneuroseRaposa"
3703798,"pneuroseTropeco"
3703798,"pneuroseLsronald"
3703798,"pneuroseTropeserio"
3703798,"pneuroseTropeLSD"
3703798,"pneuroseTropeangel"
3703798,"pneuroseTeclado"
3703798,"pneuroseBrothers"
3703798,"pneuroseFrangonamesa"
3703798,"pneuroseNOJO"
3703798,"pneuroseTROPELOVE"
3703798,"pneuroseFRANGOCHATO"
3703798,"pneuroseSEMI"
3703798,"pneuroseTRAN"
3703798,"pneuroseQUILO"
3703798,"pneuroseFlowerFlow"
3814122,"himiRry"
4255808,"shtickyCREEP"
4255808,"shtickyLEWD"
4255808,"shtickyDUCKS"
4255808,"shtickyBURRITO"
4255808,"shtickyRAD"
4255808,"shtickyERROR"
4255808,"shtickySUP"
4255808,"shtickyGORD"
4255808,"shtickyTRIGGERED"
4255808,"shtickyBUFFER"
4255808,"shtickyWUT"
4255808,"shtickyLOVE"
4255808,"shtickyHYPE"
4255808,"shtickyLURK"
4255808,"shtickyRING"
4410337,"kamaTofuRee"
4410337,"kamaSobiBlep"
4410337,"kamaTofuPeek"
4410337,"kamaNosepick"
4410337,"kamaHuff"
4410337,"kamaGrab"
4410337,"kamaCheer"
4410337,"kamaSweat"
4410337,"kamaTired"
4410337,"kamaWaah"
4410337,"kamaHuh"
4410337,"kamaHeh"
4410337,"kamaDance"
4410337,"kamaLove"
4410337,"kamaLOL"
4410337,"kamaPet"
4410337,"kamaSweatwipe"
4410337,"kamaHmph"
4410337,"kamaSoToxic"
4410337,"kamaWat"
4410337,"kamaNice"
4410337,"kamaDepress"
4410337,"kamaDrool"
4410337,"kamaHeart"
4410337,"kamaEat"
4410337,"kamaPeek"
4410337,"kamaWave"
4410337,"kamaMeltdown"
4410337,"kamaDrink"
4410337,"kamaSleep"
4410337,"kamaHug"
4410337,"kamaLay"
4410337,"kamaHmm"
4410337,"kamaStare"
4410337,"kamaSmug"
4410337,"kamaWaterfall"
4410337,"kamaNosebleed"
4410337,"kamaBless"
4410337,"kamaWoa"
4410337,"kamaComfy"
4410337,"kamaWut"
4410337,"kamaRun"
4410337,"kamaTofuZOOM"
4599111,"noidRiseUp"
4599111,"noidKappa"
4599111,"noidMAYNKEY"
5010735,"pbt5h"
5010735,"pbtLove"
5010735,"pbtYo"
5313783,"fnatvBananagun"
5313783,"fnatvFootballfu"
5313783,"fnatvKittycam"
5313783,"fnatvRonaldd"
5315168,"blueeGG"
5315168,"blueeMonkaS"
5315168,"blueePride"
5315168,"blueeHawai"
5315168,"blueePog"
5315168,"blueeClown"
5315168,"blueePop1"
5315168,"blueeSad"
5315168,"blueeDerp"
5315168,"blueeSnipe"
5315168,"blueeNT"
5315168,"blueeHypers"
5315168,"blueeOjo"
5315168,"blueeCash"
5315168,"blueeDiff"
5315168,"blueeHype"
5315168,"blueeLove"
5315168,"blueeACE"
5453691,"pistolMoney"
5453691,"pistolStoryT"
5453691,"pistolCop"
5453691,"pistolPumpkin"
5453691,"pistolPuff"
5453691,"pistolPenta"
5453691,"pistolSuh"
5453691,"pistolUmbra"
5453691,"pistolWhip"
5453691,"pistolDOIT"
5453691,"pistolHey"
5453691,"pistolSub"
5453691,"pistolAmmo"
5453691,"pistolPower"
5453691,"pistolWater"
5453691,"pistolGlasses"
5453691,"pistolASMR"
5453691,"pistolLessThan3"
5453691,"pistolWTF"
5453691,"pistolChair"
5453691,"pistolPog"
5453691,"pistolHax"
5453691,"pistolFurry"
5453691,"pistolCobra"
5453691,"pistolMonkaS"
5453691,"pistolSdaddy"
5453691,"pistolSamus"
5453691,"pistolBan"
5453691,"pistolPika"
5453691,"pistolPoggers"
5453691,"pistolF"
5453691,"pistolLove"
5453691,"pistolHowl"
5453691,"pistolBad"
5453691,"pistolOmg"
5500597,"nyxEw"
5500597,"nyxH"
5500597,"nyxReally"
5500597,"nyxMilo"
5500597,"nyxSmirk"
5500597,"nyxScared"
5500597,"nyxChamp"
5500597,"nyxBelieve"
5500597,"nyxLove"
5611501,"kycuSpac"
5644937,"frynautD"
5644937,"frynautV"
5644937,"frynautH"
5644937,"frynautNom"
5644937,"frynautBL"
5644937,"frynautKEK"
5644937,"frynautNote"
5644937,"frynautNerd"
5644937,"frynautMEGALUL"
5644937,"frynautLook"
5644937,"frynautBlush"
5644937,"frynautDab"
5644937,"frynautCope"
5644937,"frynautL"
5644937,"frynautBless"
5644937,"frynautCry"
5644937,"frynautLurk"
5644937,"frynautPat"
5644937,"frynautGift"
5644937,"frynautW"
5644937,"frynautDespair"
5644937,"frynautG"
5644937,"frynautWiggle"
5644937,"frynautCozy"
5644937,"frynaut7"
5644937,"frynautS"
5644937,"frynautLess"
5644937,"frynautPain"
5690948,"franHey"
5690948,"franPride"
5690948,"franLook"
5690948,"franMilk"
5690948,"franS"
5690948,"franHmm"
5690948,"franHands"
5690948,"franSlurp"
5690948,"franClap"
5690948,"franFine"
5690948,"franSweat"
5690948,"franD"
5690948,"franA"
5690948,"franCash"
5690948,"franPrime"
5690948,"franL"
5690948,"franSip"
5690948,"franThump"
5690948,"franLUL"
5690948,"franThink"
5690948,"franP"
5690948,"franBoo"
5690948,"franHi"
5690948,"franGasm"
5690948,"franHeart"
5690948,"franPog"
5690948,"franDerp"
5690948,"franDab"
5690948,"franLurk"
5690948,"franGG"
5690948,"franYay"
5690948,"franToxic"
5690948,"franHYPERS"
5690948,"franGun"
5756604,"noclipvidFace"
5756604,"noclipvidHero"
5756604,"noclipvidMischief"
5756604,"noclipvidHype"
5756604,"noclipvidDoomer"
5756604,"noclipvidDoomer2"
5756604,"noclipvidCoaster"
5756604,"noclipvidJeremy"
5756604,"noclipvidCamera"
5756604,"noclipvidDannyWave"
5756604,"noclipvidFrankWave"
5756604,"noclipvidJeremyWave"
5876516,"moatGoomp"
5876516,"moatW"
5876516,"moatBoggers"
6123084,"shinowolfSad"
6123084,"shinowolfLove"
6123084,"shinowolfZzz"
6123084,"shinowolfGG"
6123084,"shinowolfHype"
6123084,"shinowolfHi"
6123084,"shinowolfYatta"
6123084,"shinowolfLOL"
6123084,"shinowolfGift"
6123084,"shinowolfWut"
6123084,"shinowolfRIP"
6123084,"shinowolfRage"
6123084,"shinowolfFail"
6123084,"shinowolfTea"
6123084,"shinowolfCool"
6162110,"schenkBruh"
6611839,"fatMaceFace"
6611839,"fatSok"
6611839,"fatKate"
6611839,"fatRage"
6611839,"fatSuki"
6611839,"fatRipcube"
6659152,"oroPuke"
6659152,"oroNOED"
6659152,"oroMori"
6659152,"oroOK"
6659152,"oroPope"
6659152,"oroThis"
6659152,"oroFlirt"
6659152,"oroF"
6804133,"magsFACE"
6804133,"magsSADS"
6804133,"magsWOW"
6804133,"magsWUT"
6804133,"magsCREEP"
6804133,"magsMAGGA"
6804133,"magsSLEEP"
6804133,"magsHYOE"
6804133,"magsLEEK"
6804133,"magsFAIL"
6804133,"magsGASM"
6804133,"magsAYE"
6804133,"magsHMM"
6804133,"magsSADFACE"
6804133,"magsNUT"
6804133,"mags1"
6804133,"mags2"
6804133,"mags3"
6804133,"mags4"
6804133,"magsGOLDCREEP"
6804133,"magsSAD"
6804133,"magsLUL"
6804133,"magsLUUL"
6804133,"magsHERT"
6804133,"magsSWEAT"
6804133,"magsHI"
6804133,"magsHEP"
6804133,"magsRIGHT"
6804133,"magsLEFT"
6804133,"magsPOG"
6804133,"magsEYES"
6804133,"magsGG"
6804133,"magsCLAP"
6804133,"magsSQUINT"
6804133,"magsDANCE"
6804133,"magsPIRATE"
6804133,"magsFACE3"
6804133,"magsDERP"
6804133,"magsALIEN"
6804133,"magsOO"
6804133,"magsFACE1"
6804133,"magsFACE4"
6804133,"magsFACE2"
6804133,"magsYEAHBUDDY"
6804133,"magsTOOT"
6864499,"farmhoAwstars"
6864499,"farmhoTrudat"
6978352,"skaPOGU"
6978352,"skaSAD"
6978352,"skaIQ"
6978352,"skaPOG"
6978352,"skaMAD"
6978352,"skaSorry"
6978352,"skaROG"
6978352,"skaFOOD"
6978352,"skaGOD"
6978352,"skaSLEEP"
6978352,"skaS"
6978352,"skaH"
6978352,"skaAWP"
6978352,"skaRIP"
6978352,"skaEZ"
6978352,"skaHMM"
6978352,"skaHI"
6978352,"skaCOFFEE"
6978352,"skaFOCUS"
6978352,"skaLOVE"
6978352,"skaWIN"
6978352,"skaEVIL"
6978352,"skaFORGOT"
6978352,"skaLIAR"
6978352,"skaREKT"
6978352,"skaVIPER"
6978352,"skaSOON"
6978352,"ska5HEAD"
6978352,"skaBLIND"
6978352,"skaCHILL"
6978352,"skaFAT"
6978352,"skaLURK"
6978352,"skaPOPO"
6978352,"skaHappy"
6978352,"skaWHIFF"
6978352,"skaFACEPALM"
7016034,"abisMug"
7016034,"abisW"
7016034,"abisGod"
7016034,"abisGold"
7016034,"abisSway"
7016034,"abisPurp"
7016034,"abisSix"
7016034,"abisLurk"
7016034,"abisLuL"
7016034,"abis3"
7016034,"abis2"
7016034,"abisGasm"
7016034,"abisOg"
7016034,"abis4"
7016034,"abisShock"
7016034,"abisHide"
7016034,"abisDog"
7016034,"abisPink"
7016034,"abisCat"
7016034,"abis1"
7016034,"abisPinktop"
7016034,"abisLove"
7016034,"abisPunch"
7134678,"ifdeezYa"
7134678,"ifdeezMlg"
7134678,"ifdeezRage"
7134678,"ifdeezPubg"
7134678,"ifdeezHorny"
7134678,"ifdeezClaps"
7134678,"ifdeezRelaxed"
7134678,"ifdeezGundam"
7134678,"ifdeezGlizzy"
7134678,"ifdeezBrim"
7134678,"ifdeezWT"
7134678,"ifdeezWisa"
7134678,"ifdeezSalty"
7134678,"ifdeezTrain1"
7134678,"ifdeezTrain2"
7134678,"ifdeezTrain3"
7134678,"ifdeezTrain4"
7134678,"ifdeezIhe"
7134678,"ifdeezChair"
7134678,"ifdeezHacks"
7134678,"ifdeezSquad"
7134678,"ifdeezDinner"
7134678,"ifdeezMad"
7134678,"ifdeezScared"
7135329,"praWUT"
7135329,"praHYPE"
7135329,"praLUV3K"
7135329,"praPERFECT"
7135329,"praNICE"
7135329,"praFAM"
7135329,"praGG"
7135329,"praGG2"
7135329,"praRAGE"
7135329,"praROSE"
7167763,"unsDespairs"
7167763,"unsJoy"
7176704,"ghostkaiLoserLoser"
7176704,"ghostkaiWinner"
7176704,"ghostkaiTrust"
7236692,"danEye2"
7236692,"danMore"
7236692,"danEye"
7243387,"pythDoge"
7243387,"pythG2"
7243387,"pythDustin"
7243387,"pythClassic"
7243387,"pyth1way"
7243387,"pythTrap"
7243387,"pythCroqueta"
7243387,"pythKappa"
2497,"tzlvGAMER"
2497,"tzlvCRY"
2497,"tzlvSTAR"
2497,"tzlvRAINBOWDANCE"
2497,"tzlvLOVE"
2497,"tzlvGIGACHAD"
2497,"tzlvSLEEPY"
2497,"tzlvCHEER"
2497,"tzlvCONFUSED"
2497,"tzlvRAID"
2497,"tzlvSERIOUS"
2497,"tzlvTANTRUM"
2497,"tzlvBEER"
2497,"tzlvSNOWBOARDER"
2497,"tzlvONIGIRI"
2497,"tzlvBASS"
2497,"tzlvANGRY"
2497,"tzlvGRIM"
2497,"tzlvSING"
2497,"tzlvGHOST"
2497,"tzlvAWKWARD"
2497,"tzlvPEACE"
12519,"bwnaEngineer"
12519,"bwnaBonk"
12519,"bwnaQuestion"
12519,"bwnaFine"
12519,"bwnaL"
12519,"bwnaMusic"
12519,"bwnaWiggle"
12519,"bwnaNoted"
12519,"bwnaClown"
12519,"bwnaDisco"
12519,"bwnaJam"
12519,"bwnaCarried"
12519,"bwnaPat"
12519,"bwnaScout"
12519,"bwnaDerp"
12519,"bwnaHowdare"
12519,"bwnaStab"
12519,"bwnaDoit"
12519,"bwnaSalty"
12519,"bwnaFacepalm"
12519,"bwnaSnap"
12519,"bwnaBan"
12519,"bwnaGunner"
12519,"bwnaLOL"
12519,"bwnaBday"
12519,"bwnaDigger"
12519,"bwnaLetsgoo"
12519,"bwnaPepega"
12519,"bwnaLaugh"
12519,"bwnaAyy"
12519,"bwnaConfetti"
122083,"booferDidnidoitforu"
122083,"booferTeehee"
122083,"booferEyes"
122083,"booferDab"
122083,"booferOMEGALUL"
122083,"booferBwah"
122083,"booferFlushed"
122083,"booferPoint"
122083,"booferParty"
140658,"fnaticRekkles"
196858,"omieLost"
196858,"omieJam"
196858,"omieUWAA"
196858,"omieGrinch"
196858,"omieSpin"
216037,"svxnStar"
232217,"steelserieLint"
232217,"steelserieChris"
236583,"jxhO"
236583,"jxhHeart"
236583,"jxhT"
236583,"jxhLOL"
236583,"jxhHood"
236583,"jxhUnder"
236583,"jxhMink"
236583,"jxhHello"
236583,"jxhFriends"
236583,"jxhRaid"
236583,"jxhHAA"
236583,"jxhSink"
236583,"jxhSwamp"
236583,"jxhBlue"
236583,"jxhRed"
236583,"jxhYellow"
236583,"jxhGreen"
236583,"jxhAwk"
236583,"jxhLUL"
236583,"jxhPalm"
236583,"jxhDang"
236583,"jxhBean"
236583,"jxhCops"
236583,"jxhSauce"
236583,"jxhSus"
236583,"jxhTrain"
236583,"jxhM2"
236583,"jxh100"
236583,"jxhPooPoo"
236583,"jxhDee"
236583,"jxhBwire"
236583,"jxhMeemee"
236583,"jxhFlex"
236583,"jxhOpe"
236583,"jxhRS"
236583,"jxhWontons"
236583,"jxhHG"
236583,"jxhFlex2"
241636,"dnkAllergies"
477897,"ilyterrorClown"
477897,"ilyterrorEater"
477897,"ilyterrorWsg"
477897,"ilyterrorHUHH"
477897,"ilyterrorBaddie"
504182,"tsunam11evil"
504182,"tsunam12evil"
528871,"fuzerA"
528871,"fuzerMonki"
590386,"juanlu3Saludando"
590386,"juanlu3Triste"
590386,"juanlu3Enfadado"
590386,"juanlu3Uuoo"
590386,"juanlu3F"
590386,"juanlu3Mentiroso"
590386,"juanlu3Pelota"
590386,"juanlu3Fantasma"
590386,"juanlu3Lose"
590386,"juanlu3Impostor"
590386,"juanlu3Lloroamor"
590386,"juanlu3Botaoro"
590386,"juanlu3Betis"
590386,"juanlu3Corazonverde"
590386,"juanlu3Revisionvar"
590386,"juanlu3Blondeoro"
590386,"juanlu3Mododiablo"
590386,"juanlu3Friki"
590386,"juanlu3Delocos"
590386,"juanlu3Mmmno"
590386,"juanlu3Cancelado"
597725,"terduAVER"
796883,"mazzikFIRE"
796883,"mazzikAvePrets"
796883,"mazzikPYAT"
796883,"mazzikOKUN"
796883,"mazzikKorol"
796883,"mazzikPRIVET"
796883,"mazzikScary"
796883,"mazzikCrown"
796883,"mazzikAngry"
796883,"mazzikWhoTF"
942975,"scribSip"
942975,"scribRaid"
942975,"scribBlank"
942975,"scribPog"
942975,"scribPuke"
942975,"scribLove"
942975,"scrib7"
942975,"scribAYAYA"
942975,"scribCheers"
942975,"scribTrig"
942975,"scribOmega"
942975,"scribWOW"
942975,"scribA"
942975,"scribHYPE"
942975,"scribThump"
942975,"scribRock"
942975,"scribGG"
942975,"scribLurk"
942975,"scribLUL"
942975,"scribPewR"
942975,"scribPewL"
942975,"scribToast"
942975,"scribPls"
942975,"scribLaugh"
942975,"scribMASH"
942975,"scribD"
1001461,"dezeRage"
1220595,"privitaHaha"
1220595,"privitaAhh"
1220595,"privitaBebe"
1220595,"privitaMimir"
1220595,"privitaCassetamedica"
1220595,"privitaHalo"
1220595,"privitaTriste"
1220595,"privitaBalao2"
1220595,"privitaBaila"
1220595,"privitaCega2"
1220595,"privitaOmegahaha"
1220595,"privitaOh"
1220595,"privitaDanca"
1220595,"privitaNoobs2"
1220595,"privitaKappa"
1220595,"privitaChloe"
1220595,"privitaRage"
1220595,"privitaNhac"
1220595,"privitaNooboculos"
1220595,"privitaMorgan"
1220595,"privitaBf"
1220595,"privitaAff"
1220595,"privitaGg"
1220595,"privitaSplinter"
1220595,"privitaCega1"
1220595,"privitaReza"
1220595,"privitaGeralt"
1240997,"pupashi1"
1240997,"pupashi2"
1255896,"enableYeeks1"
1255896,"enableJammies"
1314939,"activToph"
1375841,"floralisSwoon"
1375841,"floralisKya"
1375841,"floralisSweat"
1423946,"gjakeLfg"
1527327,"sajamBoots"
1527327,"sajamS"
1608986,"egptVIBE"
1608986,"egptGears"
1845004,"zeroyalPeach2"
1845004,"zeroyalKerbal"
1845004,"zeroyalWater"
1845004,"zeroyalPeach1"
1845004,"zeroyalJammies"
1845004,"zeroyalSauce"
2000180,"tougieMeep"
2000180,"tougieAvs"
2135545,"fallouttGIGAJON"
2135545,"fallouttFALLVIK"
2135545,"fallouttDERP"
2135545,"fallouttVIKWHY"
2135545,"fallouttFOCUS"
2142933,"spraggSick"
2143603,"ggaBlob"
2143603,"ggaWow"
2143603,"ggaNotLikeThis"
2143603,"ggaChillin"
2143603,"ggaGiggle"
2143603,"ggaShake"
2143603,"ggaZote"
2143603,"ggaHug"
2143603,"ggaComfy"
2143603,"ggaClown"
2143603,"ggaDisciple"
2143603,"ggaWaha"
2143603,"ggaWave"
2143603,"ggaCloth"
2143603,"ggaSit"
2143603,"ggaHypies"
2143603,"ggaSad"
2143603,"ggaClap"
2143603,"ggaSaberL"
2143603,"ggaSaberR"
2143603,"ggaEvil"
2143603,"ggaBonk"
2143603,"ggaThumbsUp"
2143603,"ggaCopium"
2143603,"ggaPray"
2143603,"ggaBongo"
2143603,"ggaWoo"
2143603,"ggaPog"
2261919,"crreamGlitch"
2261919,"crreamRufus"
2261919,"crreamSIS"
2261919,"crreamUppie"
2261919,"crreamWeewoo"
2261919,"crreamBiz"
2261919,"crreamBizsus"
2261919,"crreamClip"
2261919,"crreamArtemis"
2305215,"bartgeoChampignon"
2305215,"bartgeoLicrone"
2378320,"iochiHyperRRR"
2378320,"iochiTomoWanan"
2378320,"iochiIausiu"
2378320,"iochiHuh"
2378320,"iochiSongla"
2378320,"iochiHelp"
2962261,"hfcBlinky"
2986688,"boyksPipo"
2986688,"boyksSaturn"
2986688,"boyksUpdog"
2986688,"boyksYamcha"
3028810,"d88Sassy"
3028810,"d88Bunny"
3028810,"d88Sass"
3028810,"d88Fine"
3028810,"d88Yell"
3102991,"axialButterFeet"
3102991,"axialFemur"
3102991,"axialSon"
3102991,"axialFool"
3102991,"axialBeaver"
3102991,"axialBabySeed"
3161895,"pojoPraxis"
3161895,"pojoMerchant"
3161895,"pojoScarf"
3161895,"pojoLetsGo"
3161895,"pojoWave"
3161895,"pojoDin"
3161895,"pojoWump"
3161895,"pojoBite"
3161895,"pojoCrown"
3161895,"pojoRolant"
3161895,"pojoRNG"
3161895,"pojoBang"
3161895,"pojoGem"
3161895,"pojoShift"
3161895,"pojoThrone"
3180852,"ankGERSLEEPER"
3183629,"royalFaze"
3183629,"royalNice"
3282480,"warsBaz"
3286344,"dorrSky"
3437365,"yogiBully"
3437365,"yogiGunny"
3437365,"yogiOMI"
3437365,"yogiHuh"
3437365,"yogiSnap"
3437365,"yogiLeader"
3666651,"x0rKey"
3814122,"himiChoas"
3814122,"himiNOU"
3814122,"himiDumpy"
3814122,"himiClown"
3814122,"himiRIP"
3814122,"himiAstro"
3814122,"himiBonk"
3814122,"himiShhh"
3814122,"himiChef"
3814122,"himiDerp"
3814122,"himiFacepalm"
3814122,"himiChoked"
3814122,"himiOrg"
3814122,"himiSweat"
3814122,"himiTroll"
3814122,"himiSnackin"
3814122,"himiConductor"
3814122,"himiRage"
3814122,"himiBOZO"
3814122,"himiSadge"
3832093,"c7nSlothMas"
3832093,"c7nNade"
3832093,"c7nWetFloorMas"
3832093,"c7nSassMas"
4123340,"ajsHornyLurk"
4363967,"pkroseEvil"
4363967,"pkroseLaugh"
4363967,"pkroseTopSpin"
4599111,"noidBedDog"
4666862,"sugoiGeoff"
4867723,"wolskSit"
5010735,"pbtPleure"
5010735,"pbtLol"
5313783,"fnatvMonkeyeyes"
5313783,"fnatvNowakefu"
5313783,"fnatvHOGANBROTHER"
5313783,"fnatvNapnap"
5313783,"fnatvLaugh"
5313783,"fnatvNope"
5313783,"fnatvLola"
5315168,"blueeUFF"
5375465,"jibboHello"
5453691,"nephaniMoney"
5453691,"nephaniStoryT"
5453691,"nephaniCop"
5453691,"nephaniPenta"
5453691,"nephaniUmbra"
5453691,"nephaniPower"
5453691,"nephaniGlasses"
5453691,"nephaniLessThan3"
5453691,"nephaniWTF"
5453691,"nephaniChair"
5453691,"nephaniPoggers"
5453691,"nephaniRaid"
5453691,"nephaniBurp"
5453691,"nephaniPog"
5453691,"nephaniRage"
5453691,"nephaniHax"
5453691,"nephaniFurry"
5453691,"nephaniCobra"
5453691,"nephaniMonkaS"
5453691,"nephaniUhoh"
5453691,"nephaniPain"
5453691,"nephaniSdaddy"
5453691,"nephaniSamus"
5453691,"nephaniBan"
5453691,"nephaniBlood"
5453691,"nephaniParty"
5453691,"nephaniLurk"
5453691,"nephaniF"
5453691,"nephaniWhat"
5453691,"nephaniLol"
5453691,"nephaniSadge"
5453691,"nephaniEvil"
5453691,"nephaniHype"
5453691,"nephaniGun"
5453691,"nephaniLove"
5453691,"nephaniHowl"
5453691,"nephaniPentaS"
5453691,"nephaniPat"
5453691,"nephaniBad"
5463775,"hootsCheers"
5463775,"hootsZzz"
5463775,"hootsHi"
5463775,"hootsLUL"
5463775,"hootsLove"
5463775,"hootsR"
5463775,"hootsBuddy"
5463775,"hootsPizzacake"
5463775,"hootsPew"
5463775,"hootsShak"
5463775,"hootsLoving"
5463775,"hootsJerk"
5463775,"hootsArrive"
5463775,"hootsYheah"
5605575,"meticWhy"
5605575,"meticGasm"
5605575,"meticLOL"
5605575,"meticSad"
5605575,"meticDab"
5605575,"meticNano"
5605575,"meticShrug"
5605575,"meticOoh"
5605575,"meticBless"
5605575,"meticNom"
5605575,"meticStudy"
5605575,"meticFrozen"
5605575,"meticUp"
5605575,"meticBirthday"
5605575,"meticSoup"
5605575,"meticHug"
5605575,"meticEvil"
5605575,"meticCool"
5605575,"meticParty"
5605575,"meticHugs"
5605575,"meticDances"
5605575,"meticKiss"
5605575,"meticWow"
5605575,"meticShy"
5605575,"meticSweat"
5605575,"meticDance"
5605575,"meticCute"
5605575,"meticThicc"
5605575,"meticPeek"
5605575,"meticBrain"
5605575,"meticWows"
5605575,"meticHey"
5605575,"meticSip"
5605575,"meticHype"
5605575,"meticCozy"
5605575,"meticScared"
5605575,"meticCheer"
5605575,"meticLove"
5605575,"meticLoves"
5644937,"frynautHop"
5644937,"frynautGL"
5644937,"frynautVibe"
5644937,"frynautRave"
5644937,"frynautCheer"
5781823,"shinkBooty"
5781823,"shinkPLAYS"
5781823,"shinkPANTS"
5925801,"dtoidLogo"
5925801,"dtoidFly"
5925801,"dtoidRAGE"
5925801,"dtoidHD"
5925801,"dtoidGameBoy"
5925801,"dtoidShow"
5925801,"dtoidSuit"
5925801,"dtoidFake"
6094619,"jankosHT"
6123084,"shinowolfPog"
6123084,"shinowolfSup"
6162110,"schenkHmm"
6162110,"schenkBan"
6162110,"schenkWicked"
6162110,"schenkDedem"
6162110,"schenkGiggles"
6264493,"quickG"
6264493,"quickG1"
6264493,"quickSub"
6264493,"quickWhoa"
6264493,"quickWow"
6264493,"quickSlow"
6264493,"quickPickle"
6264493,"quickPenguin"
6264493,"quickPMniac"
6264493,"quickBoat"
6264493,"quickHype"
6264493,"quickPingu"
6264493,"quickDuck"
6264493,"quickMario"
6264493,"quickCool"
6264493,"quickSpicy"
6264493,"quickWarp"
6307389,"stalAchievement"
6307866,"hjmxpBikkuri"
6307866,"hjmxpS2"
6307866,"hjmxpIkki2"
6307866,"hjmxpIkki"
6307866,"hjmxpSndb"
6431685,"kontro5LG"
6431685,"kontro5Kyle"
6431685,"kontro5LetsGo"
6659366,"brettuGrump"
6661046,"hudzNTG"
6661046,"hudzSNAKE"
6661046,"hudzLOVE"
6661046,"hudzEXCUSES"
6661046,"hudzDW"
6663444,"clinksClean"
6663444,"clinksGimme"
6663444,"clinksPig"
6663444,"clinksCorg"
6663444,"clinksChong"
6663444,"clinksCute"
6807075,"dreyaGib"
6807075,"dreyaNOM"
6807075,"dreyaNerd"
6807075,"dreyaGremlin"
6807075,"dreyaBoop"
6807075,"dreyaGiggle"
6864499,"farmhoNuggies"
6864499,"farmhoSkittleB"
6896654,"artoKek"
6896654,"artoCringe"
6896654,"artoPogE"
6896654,"artoCrourb"
6896654,"artoParty"
6896654,"artoPain"
6896654,"artoWelp"
6952852,"oneePoggers"
6952852,"oneePause"
6977216,"jedPika"
6977216,"jedSmug"
6977216,"jedPups"
6977216,"jedCheater"
7036025,"cronoHuh"
7036025,"cronoHug"
7036025,"cronoNotes"
7036025,"cronoBap"
7036025,"cronoBlush"
7036025,"cronoComfy"
7036025,"cronoBless"
7036025,"cronoHeh"
7036025,"cronoPride"
7036025,"cronoRage"
7081264,"aryUni"
7081264,"aryLove"
7081264,"aryGrowl"
7081264,"aryWand"
7093315,"slop3G"
7120627,"migueloveF"
7120627,"migueloveSaltito"
7143499,"val22Chrissssssssssssssss"
7143499,"val22DD"
7143499,"val22QUIETSHOOTER"
7143499,"val22OMG"
7143499,"val22BABY"
7143499,"val22Ashley"
7143499,"val22Jigzaw"
7143499,"val22RAID"
7143499,"val22SexyClaire"
7143499,"val22QuietThumbsup"
7143499,"val22Sherry"
7167025,"bl00dyTooLate"
7167025,"bl00dyRowRow"
7167025,"bl00dyBadMeme"
7167025,"bl00dyHaHaYe"
7167025,"bl00dyChamp"
7167025,"bl00dySilver"
7167025,"bl00dyGold"
7167025,"bl00dyGift"
7167025,"bl00dySpeed"
7167025,"bl00dyLewd"
7167025,"bl00dySnug"
7167025,"bl00dyGiggle"
7167025,"bl00dyFeels"
7167025,"bl00dyBananaBoy"
7167025,"bl00dyLore"
7167025,"bl00dyREEEE"
7167025,"bl00dyStare"
7167025,"bl00dyBless"
7167025,"bl00dyKEKW"
7167025,"bl00dyHiya"
7167025,"bl00dyGasm"
7167025,"bl00dyPat"
7167025,"bl00dyLurk"
7167025,"bl00dyLove"
7167763,"unsPog"
7167763,"unsClap"
7176704,"ghostkaiHeh"
7176704,"ghostkaiNICE"
7176704,"ghostkaiDaddy"
7176704,"ghostkaiFace"
7176704,"ghostkaiWellDone"
7176704,"ghostkaiVR"
7176704,"ghostkaiKitty"
7176704,"ghostkaiPotato"
7176704,"ghostkaiLook"
7203429,"alukardBeats"
7203429,"alukardSHMOOVE"
379382,"flameHey"
379382,"flameGoat"
379382,"flameSnub"
379382,"flameSize"
379382,"flameRage"
379382,"flameGasm"
379382,"flameBaby"
379382,"flameHeart"
466769,"lagfilesCocomiel"
466769,"lagfilesLukeNdeaaa"
466769,"lagfilesPeterF"
466769,"lagfilesTemeit"
466769,"lagfilesCodigoCake"
466769,"lagfilesSopite"
466769,"lagfilesCafesuli"
466769,"lagfilesHolis"
466769,"lagfilesRichy"
466769,"lagfilesZoey"
466769,"lagfilesSisi"
466769,"lagfilesRocko"
488567,"gtamenXTC"
2143603,"ggaLove"
2305215,"bartgeoPopcorn"
3672899,"guidesIQ"
3672899,"guidesBTW"
3672899,"guidesLOVE"
3672899,"guidesMonka"
3672899,"guidesCool"
3672899,"guidesCheer"
3672899,"guidesMad"
3672899,"guidesCash"
3672899,"guidesGasm"
3672899,"guidesShock"
3672899,"guidesConfused"
3672899,"guidesSad"
3672899,"guidesBored"
3672899,"guidesSpoon"
3672899,"guidesHey"
3672899,"guidesNotJojo"
3672899,"guidesMEME"
3672899,"guidesEmo"
4255808,"shtickyDUM"
4255808,"shtickyGROOVE"
4255808,"shtickyNICEU"
5313783,"fnatvMonkey"
5313783,"fnatvSuperbowl"
5313783,"fnatvPhilly"
5313783,"fnatvSprinklesHypno"
5313783,"fnatvKC"
5313783,"fnatvTouchdown"
5925801,"dtoidShame"
12519,"bwnaLetsGooo"
12519,"bwna1x"
12519,"bwnaKCoin"
12519,"bwnaLetsgo"
12519,"bwnaLOLROLL"
12519,"bwnaPoggers"
12519,"bwnaKH"
12519,"bwnaPogDance"
12519,"bwnaDriving"
12519,"bwna4x"
12519,"bwnaPepegaGiggle"
12519,"bwnaClem"
12519,"bwnaNani"
12519,"bwna2x"
12519,"bwnaKFire"
12519,"bwnaColdTires"
12519,"bwnaZoomin"
12665,"scoAdeline"
12665,"scoChad"
12665,"scoGF"
41652,"mrkMarbles"
41652,"mrkTheo"
47213,"davekaMarble"
47213,"davekaPoopo"
47213,"davekaBowl"
47213,"davekaOne"
47213,"davekaAse"
47213,"davekaX"
47213,"davekaBed"
47213,"davekaLUL"
47213,"davekaTwo"
47213,"davekaMa"
47213,"davekaPogg"
47213,"davekaV"
47213,"davekaStare"
47213,"davekaCucumber"
47213,"davekaDonk"
47213,"davekaPle"
47213,"davekaDoug"
47213,"davekaWAT"
47213,"davekaStan"
47213,"davekaYeah"
47213,"davekaPavel"
47213,"davekaPoosy"
47213,"davekaGetOn"
47213,"davekaJer"
61127,"pirilloLike"
122083,"booferHUH"
122083,"booferHHHHH"
122083,"booferLeggy"
122083,"booferCHAOS"
122083,"booferGABBA"
122083,"booferMaomaomao"
122083,"booferSlay"
122083,"booferBoop"
122083,"booferPopsicle"
122083,"booferBIGOLEYES"
122083,"booferWAWAWA"
122083,"booferLUL"
122083,"booferLeggyR"
122083,"booferSilly"
122083,"booferWOO"
122083,"booferPwease"
122083,"booferGremlin"
122083,"booferEWWWUH"
122083,"booferLilguy"
122083,"booferCSH"
122083,"booferMaw"
122083,"booferClown"
122083,"booferFERAL"
122083,"booferRLM"
122083,"booferKissu"
122083,"booferTap"
122083,"booferDance"
122083,"booferKissy"
122083,"booferNodders"
122083,"booferAAAA"
122083,"boofer4HeadKiss"
122083,"booferNuzzle"
122083,"booferNotLikeThis"
122083,"booferSweat"
122083,"booferLuv"
122083,"booferDabbing"
122083,"booferPuppyBrained"
122083,"booferChipiChapa"
122083,"booferOrz"
122083,"booferBoing"
122083,"booferOtthug"
122083,"booferBrows"
122083,"booferSNIFFA"
122083,"booferTea"
127800,"pstarsWCOOP"
127800,"pstarsChicken"
127800,"pstarsTissues"
127800,"pstarsMB"
127800,"pstarsBP"
127800,"pstarsSCOOP"
127800,"pstarsGP"
127800,"pstarsMoney"
127800,"pstarsSP"
127800,"pstarsSM"
127800,"pstarsNicky"
127800,"pstarsNick"
156248,"dreamSmug"
156248,"dreamSlime"
156248,"dreamBLIMEY"
156248,"dreamSnooze"
156248,"dreamWeird"
156248,"dreamLezard"
165785,"hermitHotDogLeft"
165785,"hermitThis"
165785,"hermitLISSEN"
165785,"hermitLULAnimated"
165785,"hermitNoted"
165785,"hermitDrive"
165785,"hermitHotDog"
165785,"hermitRage"
165785,"hermitHermitNotedAnimated"
165785,"hermitPopcorn"
165785,"hermitShreep"
165785,"hermitUwU"
165785,"hermitDerp"
165785,"hermitHotDogRight"
165785,"hermitMariahCarey2"
165785,"hermitBoogerEater"
165785,"hermitHork"
196858,"omieDanse"
196858,"omieSussy"
196858,"omieBidness"
196858,"omieEvil"
196858,"omieGoofy"
196858,"omieDent"
196858,"omieSad"
196858,"omieSip"
196858,"omieSEXO"
196858,"omiePain"
196858,"omieNerd"
196858,"omieCringe"
196858,"omieLette"
196858,"omieOMEGA"
196858,"omieAngy"
196858,"omieFancy"
196858,"omiePat"
196858,"omieWicked"
236583,"jxhHeart2"
236583,"jxhYo"
236583,"jxhCoco"
236583,"jxhHeart1"
236583,"jxhAWKS"
236583,"jxhHearts"
236583,"jxhCOCOS"
236583,"jxhLeaf"
241636,"dnkBaby"
241636,"dnkNope"
241636,"dnkBot2"
241636,"dnkJuggle2"
241636,"dnkPop"
241636,"dnkBleh"
241636,"dnkSwealthy"
241636,"dnkAstley"
241636,"dnkNod"
241636,"dnkClown"
241636,"dnkOOF"
241636,"dnkPeasant"
241636,"dnkPoint"
241636,"dnkPeek"
241636,"dnkJuggle1"
241636,"dnk7"
241636,"dnkSnail"
241636,"dnkDuck"
241636,"dnkCursed"
241636,"dnkBin"
268652,"colStar2"
268652,"colCrr"
268652,"colFlopzerk"
268652,"colVamoss"
268652,"colPog"
268652,"colFloppy"
268652,"colGrim"
268652,"colVa"
268652,"colStar"
268652,"colGrimzerk"
268652,"colZerk"
268652,"colZerkRave"
268652,"colLightBlue"
268652,"colReys"
268652,"colStar3"
268652,"colMos"
268652,"colJTzerk"
268652,"colJT"
274625,"swiftTix"
274625,"swiftClues"
274625,"swiftDrax"
274625,"swiftGg"
274625,"swiftChucky"
274625,"swiftPain"
274625,"swiftRighty"
274625,"swiftLefty"
274625,"swiftChill"
274625,"swiftChair"
274625,"swiftNitro"
274625,"swiftLaser"
274625,"swiftGift"
274625,"swiftRun"
274625,"swiftTato"
274625,"swiftOhbaby"
274625,"swiftHowdy"
274625,"swiftOldsad"
296682,"cousDantegeez"
296682,"cousLUL"
296682,"cousCoffee"
296682,"cousGroovin"
296682,"cousRaid"
296682,"cousLove"
296682,"cousOfalifetime"
296682,"cousPopmonk"
296682,"cousWink"
296682,"cousTrisxxx"
296682,"cousGrrr"
296682,"cousChug"
296682,"cousEccool"
296682,"cousLadymaycry"
296682,"cousUgh"
296682,"cousJeez"
296682,"cousYeaaaaa"
296682,"cousTwack"
296682,"cousBang"
296682,"cousReikohai"
296682,"cousCry"
296682,"cousYeah"
296682,"cousWheelcult"
296682,"cousSnakedamn"
320878,"protonDoorGods"
320878,"protonDuke"
320878,"protonNya"
320878,"protonUwU"
320878,"protonMerp"
320878,"protonSpin"
320878,"protonThrow"
320878,"protonPaw"
320878,"protonPat"
320878,"protonPout"
333507,"tsgtvPhil"
333507,"tsgtvChase"
333507,"tsgtvTyler"
333507,"tsgtvCaden"
333507,"tsgtvNib"
333507,"tsgtvHyrule"
333507,"tsgtvLorule"
333507,"tsgtvMomo"
333507,"tsgtvBless"
333507,"tsgtvSnubble"
333507,"tsgtvBear"
333507,"tsgtvRuju"
333507,"tsgtvRob"
333507,"tsgtvJasef"
333507,"tsgtvAlan"
333507,"tsgtvLocal"
333507,"tsgtvBritt"
333507,"tsgtvJd"
366735,"polygo24RainbowLogo"
366735,"polygo24Polygon"
366735,"polygo24PossumScream"
366735,"polygo24Pissless"
366735,"polygo24Keighley"
418737,"gooddayiSev"
418737,"gooddayiSawyer"
418737,"gooddayiTheatreMonkey"
418737,"gooddayiSevdance"
418737,"gooddayiRobb"
447814,"xgames9Jack"
477897,"ilyterrorSad"
477897,"ilyterrorTight"
477897,"ilyterrorLook"
477897,"ilyterrorSmacked"
477897,"ilyterrorCheese"
477897,"ilyterrorLuh"
477897,"ilyterrorSoft"
477897,"ilyterrorAww"
477897,"ilyterrorLOL"
477897,"ilyterrorCloud"
477897,"ilyterrorBread"
477897,"ilyterrorUnc"
477897,"ilyterrorKick"
477897,"ilyterrorStack"
477897,"ilyterrorBlinkr"
477897,"ilyterrorSip"
477897,"ilyterrorSkrilla"
477897,"ilyterrorSun"
477897,"ilyterrorSof"
477897,"ilyterrorMeow"
477897,"ilyterrorCoolin"
477897,"ilyterrorLight"
477897,"ilyterrorType"
477897,"ilyterrorShook"
477897,"ilyterrorSadd"
477897,"ilyterrorWink"
477897,"ilyterrorLel"
477897,"ilyterrorAHT"
477897,"ilyterrorFit"
477897,"ilyterrorCount"
477897,"ilyterrorDrippy"
477897,"ilyterrorRaaah"
477897,"ilyterrorHat"
477897,"ilyterrorPce"
477897,"ilyterrorK"
477897,"ilyterrorThink"
477897,"ilyterrorRgb"
477897,"ilyterrorNou"
477897,"ilyterrorDown"
477897,"ilyterrorTective"
477897,"ilyterrorGamer"
477897,"ilyterrorDinner"
477897,"ilyterrorDance"
477897,"ilyterrorMCH"
477897,"ilyterrorHard"
477897,"ilyterrorVamp"
477897,"ilyterrorBus"
477897,"ilyterrorAchtually"
477897,"ilyterrorHmm"
477897,"ilyterrorTucked"
477897,"ilyterrorFosho"
477897,"ilyterrorFog"
477897,"ilyterrorSw"
477897,"ilyterrorHello"
477897,"ilyterrorBump"
477897,"ilyterrorTired"
477897,"ilyterrorLIKE"
477897,"ilyterrorSit"
477897,"ilyterrorCat"
477897,"ilyterrorIce"
477897,"ilyterrorLife"
477897,"ilyterrorPain"
477897,"ilyterrorOh"
477897,"ilyterrorMimis"
477897,"ilyterrorMewhen"
477897,"ilyterrorHug"
477897,"ilyterrorDark"
477897,"ilyterrorFitcheck"
477897,"ilyterrorWater"
477897,"ilyterrorAgent"
477897,"ilyterrorWatch"
477897,"ilyterrorFeels"
477897,"ilyterrorNeed"
477897,"ilyterrorAngy"
477897,"ilyterrorFriedt"
477897,"ilyterrorHer"
477897,"ilyterrorRoller"
477897,"ilyterrorManic"
477897,"ilyterrorPeriodt"
477897,"ilyterrorSchitzo"
477897,"ilyterrorF"
477897,"ilyterrorPack"
477897,"ilyterrorHungy"
477897,"ilyterrorWsp"
477897,"ilyterrorBless"
482893,"laphinSneeze"
482893,"laphinLick"
482893,"laphinJoy"
482893,"laphinFeelsbad"
482893,"laphinJason"
482893,"laphinCool"
482893,"laphinRiendo"
482893,"laphinHydrate"
482893,"laphinBean"
482893,"laphinGhostie"
482893,"laphinPumpkin"
482893,"laphinBloodyPaw"
482893,"laphinHi"
488567,"gtamenSmug"
488567,"gtamenJohnGlasses"
488567,"gtamenShades"
488567,"gtamenSlowClap2"
488567,"gtamenJohnHammer"
488567,"gtamenHyperBounce"
488567,"gtamenFacepalm"
488567,"gtamenDance2"
488567,"gtamenJohnHere"
488567,"gtamenThumbsUp"
488567,"gtamenHyperDance"
488567,"gtamenGlasses"
488567,"gtamenFastClap3"
488567,"gtamenPeek2"
488567,"gtamenVanish"
488567,"gtamenSlowClap"
488567,"gtamenLove2"
488567,"gtamenOK"
488567,"gtamenGSmile"
488567,"gtamenCheer"
488567,"gtamenCrazy"
488567,"gtamenSlowClap3"
488567,"gtamenExplain"
488567,"gtamenFastClap2"
488567,"gtamenYap"
488567,"gtamenCool"
488567,"gtamenWave"
488567,"gtamenFastClap"
488567,"gtamenDance3"
488567,"gtamenSus"
488567,"gtamenW"
504182,"tsunam1Timber"
504182,"tsunam1Cube"
504182,"tsunam1Blink"
504182,"tsunam1WAYTOOAGI"
504182,"tsunam1SUSSY"
528871,"fuzerI"
528871,"fuzerOverheat"
528871,"fuzerFuzerO"
588408,"robbydKY"
588408,"robbydLUC"
588408,"robbydSCARED"
588408,"robbydBOBO"
588408,"robbydRAVEN"
588408,"robbydDOGGY"
588408,"robbydMIB"
588408,"robbydHANGMAN"
588408,"robbydGOATCHI"
588408,"robbydUGOOD"
588408,"robbydSHOW"
588408,"robbydBOBBY"
588408,"robbydLINK"
588408,"robbydPRIDE"
588408,"robbydZOOM"
588408,"robbydHodor"
588408,"robbydCORRECT"
588408,"robbydSTORE"
588408,"robbydNERD"
588408,"robbydRICKY"
588408,"robbydEDDIE"
588408,"robbydFRED"
588408,"robbydPOINT4"
588408,"robbydSANDLER"
588408,"robbydWATASE"
588408,"robbydSHORTS"
597725,"terduAAAA"
597725,"terduKosmos"
597725,"terduJunisorbito"
597725,"terduSing"
597725,"terduSumi"
597725,"terduDevil"
597725,"terduHoli"
634237,"nexyR"
634237,"nexyHeater"
634237,"nexyWeeb"
634237,"nexySenpai"
634237,"nexyQ"
634237,"nexySmile"
634237,"nexyMilly"
634237,"nexySimp"
634237,"nexyPaniik"
634237,"nexyJupe"
634237,"nexyFood"
842396,"cyrixGG"
842396,"cyrixHYPE"
852884,"alecafDance"
852884,"alecafUnholy"
852884,"alecafStare"
852884,"alecafRave"
852884,"alecafHEH"
852884,"alecafL"
852884,"alecafSleepy"
852884,"alecafBuff"
852884,"alecafWut"
852884,"alecafSmug"
852884,"alecafChad"
852884,"alecafPump"
852884,"alecafBust"
852884,"alecafStomp"
852884,"alecafCringe"
852884,"alecafWTF"
852884,"alecafGasm"
852884,"alecafKawaii"
852884,"alecafUwu"
852884,"alecafSmh"
852884,"alecafMADGE"
852884,"alecafBlush"
852884,"alecafConcern"
852884,"alecafMad"
852884,"alecafKekw"
852884,"alecafShy"
852884,"alecafLol"
852884,"alecafCry"
852884,"alecafLurk"
928025,"finhbeHyperlaugh"
928025,"finhbeUwa"
928025,"finhbeDespair"
928025,"finhbeSadcat"
928025,"finhbeTea"
928025,"finhbeSmug"
928025,"finhbeCool"
928025,"finhbeAlicesmug"
928025,"finhbePeek"
928025,"finhbeWave"
928025,"finhbeChug"
928025,"finhbeOhno"
928025,"finhbeHuh"
928025,"finhbeHehxmas"
928025,"finhbeFrog"
928025,"finhbeMimic"
928025,"finhbePout"
928025,"finhbeStare"
928025,"finhbeMunch"
928025,"finhbeAwoo"
928025,"finhbeHeh"
928025,"finhbeCry"
928025,"finhbeIliassmug"
947456,"sebmalCreditPig"
947456,"sebmalPogLouie"
947456,"sebmalHatSquad"
947456,"sebmalNeverMessedUp"
947456,"sebmalMarioFastFood"
947456,"sebmalGood"
947456,"sebmalShock"
947456,"sebmalBustle"
947456,"sebmalRelax"
947456,"sebmalBigBlue"
947456,"sebmalMrDead"
947456,"sebmalAiAiGroove"
947456,"sebmalMFW"
947456,"sebmalZoom"
947456,"sebmalMarioFood"
947456,"sebmalPyoroVibe"
947456,"sebmalWariotate"
947456,"sebmalDance"
947456,"sebmalPikwerk"
947456,"sebmalYell"
947456,"sebmalILikeHim"
947456,"sebmalGotYourAs"
947456,"sebmalVoreOrb"
947456,"sebmalMrDont"
947456,"sebmalHotDog"
1001461,"dezeRn"
1001461,"dezeGb"
1001461,"dezeUghh"
1001461,"dezeTehee"
1001461,"dezeBells"
1031049,"janisPickle"
1031049,"janisBoom"
1031049,"janisChoo"
1031049,"janisPika"
1031049,"janisKuno"
1031049,"janisDK"
1031049,"janisFeels"
1031049,"janisLewd"
1031049,"janisLurk"
1031049,"janisPoggies"
1031049,"janisSanta"
1031049,"janisDab"
1031049,"janisJam"
1031049,"janisAYAYA"
1031049,"janisSip"
1031049,"janisYikes"
1031049,"janisLUL"
1031049,"janisSigh"
1031049,"janisDabDK"
1031049,"janisDance"
1031049,"janisWut"
1031049,"janisBooty"
1031049,"janisGift"
1031049,"janisFace"
1031049,"janisWin"
1031049,"janisVMOP"
1031049,"janisPRI"
1031049,"janisDUO"
1031049,"janisTRI"
1031049,"janisTET"
1031049,"janisPEN"
1121217,"legendPbj"
1121217,"legendGodlike"
1121217,"legendDefy"
1121217,"legendShoush"
1121217,"legendBlowup"
1121217,"legendWargod"
1121217,"legendKaz"
1121217,"legendMashing"
1121217,"legendBison"
1121217,"legendSmile"
1121217,"legendWavu"
1194004,"karter1SyrupL"
1194004,"karter1Fine"
1194004,"karter1Innocent"
1194004,"karter1Bear"
1194004,"karter1Leave"
1194004,"karter1Detective"
1194004,"karter1Booty"
1194004,"karter1Hug"
1194004,"karter1Wag"
1194004,"karter1SyrupR"
1194004,"karter1Lurk"
1194004,"karter1Jam"
1194004,"karter1Rave"
1194004,"karter1KEK"
1194004,"karter1Notes"
1194004,"karter1Arrive"
1194004,"karter1Steer"
1194004,"karter1Nom"
1220595,"privitaVish"
1220595,"privitaBerra"
1220595,"privitaTensa"
1220595,"privitaSilvio"
1220595,"privitaPutz"
1220595,"privitaVasco"
1220595,"privitaPensa"
1220595,"privitaRussa"
1255896,"enableNubhat"
1255896,"enableNubout"
1255896,"enableHaggy"
1255896,"enableNubmartv"
1255896,"enableNUBDURAG"
1255896,"enableTIDE"
1255896,"enableNubfear"
1255896,"enableNUBRAGE"
1255896,"enableMongy"
1255896,"enableNodiddy"
1255896,"enableNubhypeanimate"
1255896,"enableNUBNUB"
1255896,"enable1ST"
1255896,"enableNubspice"
1255896,"enableUndertaker"
1255896,"enableNUBDET"
1255896,"enableNUBTIRED"
1258072,"phurionRAGE"
1258072,"phurionBPM"
1258072,"phurionMonkeS"
1258072,"phurionGachi"
1314939,"activYap"
1314939,"activRIP"
1314939,"activHeyYou"
1314939,"activO7"
1314939,"activHS"
1314939,"activPlease"
1314939,"activWink"
1314939,"activOK"
1371699,"nvrCarRavager"
1371699,"nvrDrvRaagman"
1371699,"nvrDrvDilly"
1371699,"nvrDrvScapegrace"
1371699,"nvrDrvMTV"
1371699,"nvrDrvZyca"
1371699,"nvrDrvSquatorn"
1371699,"nvrDrvSpate"
1371699,"nvrDrvGeorge"
1371699,"nvrDrvSammy"
1371699,"nvrDrvSteven"
1371699,"nvrDrvOCD"
1371699,"nvrDrvOptimus"
1371699,"nvrDrvScraptor"
1371699,"nvrDrvKingEarl"
1371699,"nvrDrvDally"
1371699,"nvrCarVanessa"
1371699,"nvrCarSalamander"
1371699,"nvrDrvViva"
1371699,"nvrDrvDivern"
1371699,"nvrDrvOoze"
1371699,"nvrDrvTarsir"
1371699,"nvrCarPrizefighter"
1371699,"nvrCarRome"
1371699,"nvrDrvVorder"
1371699,"nvrCarSkittle"
1371699,"nvrCarJuker"
1371699,"nvrDrvBeanpole"
1371699,"nvrCarSerpent"
1375841,"floralisLewd"
1375841,"floralisBlushies"
1375841,"floralisSmug"
1375841,"floralisUgh"
1375841,"floralisYays"
1375841,"floralisWaves"
1375841,"floralisPet"
1375841,"floralisNope"
1375841,"floralisBla"
1375841,"floralisGasp"
1375841,"floralisSideeye"
1375841,"floralisGiggle"
1375841,"floralisBoom"
1375841,"floralisDone"
1375841,"floralisGag"
1375841,"floralisParty"
1375841,"floralisLoading"
1375841,"floralisPray"
1375841,"floralisAngy"
1375841,"floralisWowee"
1375841,"floralisSit"
1375841,"floralisHmm"
1375841,"floralisCool"
1375841,"floralisYawn"
1375841,"floralisSippy"
1375841,"floralisCryy"
1375841,"floralisArrive"
1375841,"floralisBop"
1375841,"floralisNervous"
1375841,"floralisPunch"
1375841,"floralisSad"
1375841,"floralisMad"
1375841,"floralisPog"
1375841,"floralisCob"
1375841,"floralisCozy"
1375841,"floralisHuh"
1375841,"floralisHearts"
1375841,"floralisDance"
1375841,"floralisCheer"
1375841,"floralisNote"
1375841,"floralisStress"
1375841,"floralisHappy"
1423946,"gjakeWreckingball"
1423946,"gjakePat"
1423946,"gjakeCoin"
1423946,"gjakeYap"
1423946,"gjakeStair"
1423946,"gjakeBrows"
1423946,"gjakeWigglin"
1423946,"gjakeHole"
1423946,"gjakeHot"
1423946,"gjakeSniffa"
1423946,"gjakeM"
1423946,"gjakeGold"
1423946,"gjakeGriddy"
1423946,"gjakeParty"
1423946,"gjakeOhmy"
1423946,"gjakeOhmy1"
1423946,"gjakeChair"
1423946,"gjakeStatefarm"
1423946,"gjakeAnt1"
1423946,"gjakeHole1"
1423946,"gjakeAnt2"
1423946,"gjakeOld"
1423946,"gjakeLw"
1423946,"gjakeMald"
1423946,"gjakeWait"
1423946,"gjakeSip"
1423946,"gjakeBongo"
1423946,"gjakeFlannel"
1423946,"gjakeThonk"
1423946,"gjakeClap"
1425546,"dessyyBubbaCozy"
1425546,"dessyyDRIVE"
1425546,"dessyyBubbaHi"
1425546,"dessyySALUTE"
1425546,"dessyyCHEER"
1425546,"dessyyYUM"
1425546,"dessyyBubbaBone"
1425546,"dessyyPET"
1425546,"dessyySAD"
1425546,"dessyyCookie"
1425546,"dessyyFLIP"
1425546,"dessyyBubbaKISS"
1425546,"dessyyBubbaBYE"
1425546,"dessyyPRINCESS"
1425546,"dessyySMASH"
1518077,"goldyPain"
1527327,"sajamHadouken"
1527327,"sajamSandblast"
1527327,"sajamSajam"
1527327,"sajamDude"
1527327,"sajamTeo"
1527327,"sajamSup"
1527327,"sajamToast"
1527327,"sajamBaldpro"
1527327,"sajamSlam"
1608986,"egptDJ"
1608986,"egptNice"
1803638,"vashAcks"
1803638,"vashCri"
1803638,"vashLul"
1803638,"vashP"
1803638,"vashW"
1803638,"vashWs"
1803638,"vashClown"
1803638,"vashPh"
1803638,"vashLuls"
1803638,"vashPg"
1803638,"vashUh"
1803638,"vashAck"
1839975,"sp00nCUTE"
1839975,"sp00nSASS"
1839975,"sp00nHORSERIZZ"
1839975,"sp00nYAS"
1839975,"sp00nJAM"
1839975,"sp00nACKSHUALLY"
1839975,"sp00nENOUGH"
1839975,"sp00nRIZZ"
1839975,"sp00nHYPERFLOSS"
1839975,"sp00nPLSRESPOND"
1839975,"sp00nDOIT"
1839975,"sp00nTOSS"
1839975,"sp00nHJAM"
1839975,"sp00nRAPGOD"
1839975,"sp00nWHAT"
1839975,"sp00nFLOSS"
1839975,"sp00nWHO"
1839975,"sp00nCLOWN"
1839975,"sp00nHUH"
1845004,"zeroyalAwkward"
1845004,"zeroyalBLANKIES"
1845004,"zeroyalBEE"
1845004,"zeroyalMax"
1845004,"zeroyalYELL"
1845004,"zeroyalChad2"
1845004,"zeroyalNice"
1845004,"zeroyalChad"
1845004,"zeroyalFINE"
1845004,"zeroyalASSETS"
1845004,"zeroyalPls"
1845004,"zeroyalHeart"
1845004,"zeroyalBUSSIN"
1845004,"zeroyalDOIT"
1845004,"zeroyalPET"
1845004,"zeroyalGIGACHAD"
1845004,"zeroyalTRAIN"
1845004,"zeroyalCLAP"
1850345,"oviv1Hi"
1850345,"oviv1Sad"
1850345,"oviv1Pray"
1850345,"oviv1Reaction"
1850345,"oviv1Scary"
1850345,"oviv1Love"
1850345,"oviv1Lul"
1850345,"oviv1Rage"
1850345,"oviv1Giogun"
1850345,"oviv1Giohi"
1850345,"oviv1Jeff"
1850345,"oviv1Rip"
1850345,"oviv1Giorage"
1895664,"llama123Djmariio"
1895664,"llama123Lloros"
1895664,"llama123Casco"
1895664,"llama123Paga"
1895664,"llama123FCPOINTS"
1895664,"llama123No"
1895664,"llama123Butland"
1895664,"llama123To"
1895664,"llama123Dep"
1895664,"llama123Boca"
1895664,"llama123River"
1895664,"llama123America"
1895664,"llama123Chivas"
1895664,"llama123Sevillaa"
1895664,"llama123Arbolfuera"
1895664,"llama123Ja"
1895664,"llama123Messi"
1895664,"llama123Rio"
1895664,"llama123BDO"
1895664,"llama123Mikel"
1895664,"llama123Facto"
1895664,"llama123Noekai"
1895664,"llama123Arbolito"
1895664,"llama123Madrid"
1895664,"llama123Uwu"
1895664,"llama123Cristiano"
1895664,"llama123Mes"
1895664,"llama123Roja"
1895664,"llama123Dybalasbc"
1895664,"llama123Ultimate"
1895664,"llama123Djcasco"
1895664,"llama123Ty"
1895664,"llama123Colocolo"
1895664,"llama123Djpayaso"
1895664,"llama123Mbappe"
1895664,"llama123Latencia"
1895664,"llama123Universidad"
1895664,"llama123Cacho"
1895664,"llama123ARAKE"
1895664,"llama123Robo"
1895664,"llama123Lag"
1895664,"llama123Udechile"
1895664,"llama123Djlogo"
1895664,"llama123Si"
1895664,"llama123Filipe"
1895664,"llama123Willian"
1895664,"llama123Calvito"
1895664,"llama123Kai"
1895664,"llama123Rosa"
1895664,"llama123Dj"
1895664,"llama123Lo"
1895664,"llama123Retraso"
1895664,"llama123Pa"
1895664,"llama123Arbolout"
1895664,"llama123Infacto"
1895664,"llama123Ayiyiyiyi"
1895664,"llama123Barcelona"
1895664,"llama123Ma"
1895664,"llama123Atleti"
1895664,"llama123Sirve"
1895664,"llama123Betis"
1910522,"kreygPLANT"
1910522,"kreygCHIPS"
1914888,"hotashiHappy"
1914888,"hotashiJoy"
1914888,"hotashiBridget"
1914888,"hotashiSansphelt"
1914888,"hotashiPet"
2000180,"tougieNotouch"
2000180,"tougieBatman"
2000180,"tougieWah"
2000180,"tougieMistabatman"
2000180,"tougieShock"
2000180,"tougieBonkd"
2000180,"tougieSad"
2000180,"tougieTaco"
2000180,"tougieSmug"
2000180,"tougieCalmdown"
2000180,"tougieRyan"
2000180,"tougieRace"
2000180,"tougieEndo"
2000180,"tougieHausen"
2000180,"tougieMonster"
2000180,"tougieKirk"
2000180,"tougieBonk"
2000180,"tougieWaah"
2000180,"tougieSLAVA"
2000180,"tougieBlewit"
2000180,"tougieMinusone"
2000180,"tougieBb"
2000180,"tougieMount"
2000180,"tougiePlusone"
2000180,"tougieFreerp"
2000180,"tougieSkin"
2000180,"tougieLogo"
2000180,"tougieCroakgen"
2027306,"xashDog"
2027306,"xashTorgal"
2059614,"hopeDance"
2059614,"hopeRain"
2059614,"hopeBruh"
2059614,"hopeBounce"
2098997,"ryngeSway"
2142933,"spraggKnees"
2142933,"spraggRAGE"
2142933,"spraggBOOP"
2142933,"spraggMINE"
2142933,"spraggGLOW"
2142933,"spraggBUBBLE"
2142933,"spraggWALKIN"
2142933,"spraggVIP"
2142933,"spraggShowers"
2142933,"spraggSweat"
2142933,"spraggBoop2"
2142933,"spraggWhack"
2143603,"ggaSaber"
2143603,"ggaOukey"
2261919,"crreamNod"
2261919,"crreamSalute"
2261919,"crreamDj"
2261919,"crreamMMM"
2261919,"crreamGold"
2261919,"crreamWage"
2261919,"crreamWhat"
2261919,"crreamL1"
2261919,"crreamBox"
2261919,"crreamFat"
2261919,"crreamGiggle"
2261919,"crreamOno"
2261919,"crreamUmoo"
2261919,"crreamS1"
2261919,"crreamSheesh"
2261919,"crreamScam"
2261919,"crreamNAUR"
2261919,"crreamSwipe"
2261919,"crreamRee"
2261919,"crreamAim"
2261919,"crreamAddict"
2261919,"crreamPout"
2261919,"crreamFB2"
2261919,"crreamLoot"
2261919,"crreamFrick"
2261919,"crreamPretty"
2261919,"crreamHold"
2261919,"crreamBye"
2261919,"crreamFace"
2261919,"crreamJam"
2261919,"crreamNumber1"
2261919,"crreamYOUWANNAFOOKINFIGHT"
2261919,"crreamS2"
2261919,"crreamFB1"
2261919,"crreamNope"
2261919,"crreamSTAHP"
2261919,"crreamSassy"
2261919,"crreamBaby"
2261919,"crreamPeace"
2261919,"crreamSpit"
2261919,"crreamShy"
2261919,"crreamGamba"
2261919,"crreamDrama"
2261919,"crreamTea"
2261919,"crreamNerdge"
2261919,"crreamLISSEN"
2261919,"crreamWhale"
2261919,"crreamSCREAM"
2261919,"crreamStab"
2261919,"crreamDance"
2261919,"crreamLate"
2261919,"crreamArt"
2261919,"crreamLetsgaur"
2261919,"crreamL2"
2261919,"crreamTeehee"
2261919,"crreamLetsgo"
2305215,"bartgeoLetsgoHDT"
2305215,"bartgeoComeon"
2305215,"bartgeoMegapeur"
2305215,"bartgeoVomis"
2305215,"bartgeoDancingg"
2305215,"bartgeoBetise"
2305215,"bartgeoNonoed"
2305215,"bartgeoPioupiou"
2305215,"bartgeoPleure"
2305215,"bartgeoBooba"
2305215,"bartgeoSound"
2305215,"bartgeoCouik"
2305215,"bartgeoCafe"
2305215,"bartgeoHotmama"
2305215,"bartgeoSaouler"
2305215,"bartgeoDancing"
2305215,"bartgeoDonut"
2305215,"bartgeoThug"
2305215,"bartgeoGGG"
2305215,"bartgeoFlash"
2305215,"bartgeoGlouglou"
2305215,"bartgeoLestgo"
2305215,"bartgeoLovelove"
2305215,"bartgeoKikouu"
2305215,"bartgeoAha"
2305215,"bartgeoAmor"
2305215,"bartgeoTyraban"
2305215,"bartgeoBouge"
2305215,"bartgeoHumhum"
2305215,"bartgeoSonner"
2305215,"bartgeoBravo"
2305215,"bartgeoLoupechampi"
2305215,"bartgeoHein"
2305215,"bartgeoDiable"
2305215,"bartgeoLul"
2305215,"bartgeoKanif"
2305215,"bartgeoChameau"
2305215,"bartgeoKiss"
2305215,"bartgeoBibou"
2305215,"bartgeoGGez"
2305215,"bartgeoMoney"
2305215,"bartgeoRigole"
2305215,"bartgeoRageAHAH"
2305215,"bartgeoKappa"
2305215,"bartgeoGgezz"
2305215,"bartgeoPeur"
2305215,"bartgeoKo"
2305215,"bartgeoMoove"
2305215,"bartgeoHoura"
2305215,"bartgeoDodo"
2305215,"bartgeoRage"
2305215,"bartgeoModo"
2305215,"bartgeoCoincoin"
2305215,"bartgeoRIP"
2305215,"bartgeoBouche"
2305215,"bartgeoWtf"
2305215,"bartgeoLOVEE"
2305215,"bartgeoMort"
2305215,"bartgeoNote"
2305215,"bartgeoLOVE"
2305215,"bartgeoRaid"
2305215,"bartgeoPopcornhey"
2313758,"gunshi5HYPE"
2378320,"iochiHapan"
2378320,"iochiTionghong"
2378320,"iochiTshongsiann"
2378320,"iochiSiongpan"
2378320,"iochiThongkhoo"
2378320,"iochiNikukyuuL"
2378320,"iochiGuaai"
2378320,"iochiNikukyuuR"
2400710,"memb9"
2400710,"memb3"
2400710,"membSCARED"
2400710,"membD"
2400710,"membWINK"
2400710,"membTOWER"
2400710,"membMOMENTUM"
2400710,"memb0"
2400710,"memb4"
2400710,"membTHE"
2400710,"memb8"
2400710,"membWL3"
2400710,"membGUNS"
2400710,"membKOTD4"
2400710,"memb1"
2400710,"membT"
2400710,"membW2"
2400710,"membDAUT"
2400710,"membSHOCK"
2400710,"memb2"
2400710,"membTIMING"
2400710,"membDAMN"
2400710,"membOK"
2400710,"membSNIPE"
2400710,"memb7"
2400710,"memb6"
2400710,"memb5"
2400710,"membKOTD5A"
2400710,"membHELL"
2401699,"predatorHype"
2401699,"predatorRip"
2401699,"predatorFrieza"
2401699,"predatorOmniking"
2401699,"predator200IQ"
2401699,"predatorGG"
2401699,"predatorUmm"
2401699,"predatorKisses"
2401699,"predatorRIp"
2401699,"predatorRoshi"
2401699,"predatorJiren"
2401699,"predatorHit"
2401699,"predatorSus"
2601579,"m2kMegaBop"
2601579,"m2kYap"
2601579,"m2kLinkBop"
2601579,"m2kZangif"
2601579,"m2kKEN"
2601579,"m2kSpin"
2601579,"m2kTalk"
2601579,"m2kFly"
2601579,"m2kSonicGJ"
2601579,"m2kLUKE"
2601579,"m2kChief"
2601579,"m2kRyu"
2601579,"m2kRashid"
2601579,"m2kButtons"
2601579,"m2kBounce"
2601579,"m2kJoker"
2601579,"m2kKnee"
2601579,"m2kMetroid"
2601579,"m2kRave"
2601579,"m2kWait"
2601579,"m2kBop"
2601579,"m2kRun"
2601579,"m2kUpB"
2605276,"haveocPoke"
2605276,"haveocExit"
2605276,"haveocNote"
2605276,"haveocRave"
2605276,"haveocClap"
2605276,"haveocPop"
2605276,"haveocFlower"
2962261,"hfcNaruto"
2962261,"hfcLee"
2986688,"boyksNiceDuck"
2986688,"boyksTifaWink"
2986688,"boyksBlink"
2986688,"boyksHamDance"
2986688,"boyksThumbsUp"
2986688,"boyksDuck"
2986688,"boyksDab"
2986688,"boyksHimboYes"
3000116,"keitsMug"
3000116,"keitsPlz"
3001738,"singolloPloho"
3001738,"singolloPepe"
3001738,"singolloLenny"
3001738,"singolloLuck"
3001738,"singolloJim"
3001738,"singolloRef"
3001738,"singollo5050"
3001738,"singolloPpc"
3001738,"singolloBooba"
3028810,"d88Rave"
3028810,"d88Munch"
3028810,"d88Super"
3028810,"d88Dab"
3028810,"d88Link"
3028810,"d88AHH"
3028810,"d88Slots"
3028810,"d88Jail"
3028810,"d88Badonk"
3028810,"d88Vibes"
3028810,"d88Happier"
3028810,"d88Rock"
3028810,"d88Luigi"
3028810,"d88Howdy"
3028810,"d88Yo"
3028810,"d88Wat"
3028810,"d88Booty"
3028810,"d88ExtraHappy"
3028810,"d88Wiggle"
3028810,"d88ExtraLove"
3028810,"d88AYAYA"
3028810,"d88Yawn"
3028810,"d88Finer"
3028810,"d88Hero"
3028810,"d88Scary"
3028810,"d88Sleepy"
3028810,"d88Hehe"
3028810,"d88Morning"
3028810,"d88Bongo"
3028810,"d88Gifty"
3100409,"omegaevoShhh"
3100409,"omegaevoEZ"
3102991,"axialTrain5"
3102991,"axialTrain1"
3102991,"axialGong"
3102991,"axialTrain2"
3102991,"axialTurt"
3102991,"axialDance"
3102991,"axialTrain4"
3102991,"axialTrain6"
3102991,"axialTrain3"
3180852,"ankLOVE"
3180852,"ankBat"
3180852,"ankChi"
3180852,"ankCAT"
3180852,"ankFCAT"
3180852,"ank9"
3180852,"ankKOJIMA"
3180852,"ankBk"
3180852,"ankToyufung"
3180852,"ankNi9"
3180852,"ankCSD"
3180852,"ankShifty"
3183629,"royalTeeth"
3183629,"royalWhat"
3183629,"royalFridge"
3183629,"royalTiming"
3183629,"royalBig"
3183629,"royalScale"
3183629,"royalTrain"
3183629,"royalUppies"
3183629,"royalAny"
3183629,"royalAye"
3183629,"royalFreak"
3183629,"royalThing"
3183629,"royalPls"
3191486,"steparuGg"
3191486,"steparuBan"
3191486,"steparuHey"
3191486,"steparuHug"
3191486,"steparuPray"
3191486,"steparuSwipe"
3191486,"steparuYes"
3191486,"steparuCross"
3191486,"steparuHmm"
3191486,"steparuY"
3191486,"steparuSalt"
3191486,"steparuScared"
3191486,"steparuHype"
3191486,"steparuSmug"
3191486,"steparuAngry"
3191486,"steparuWow"
3191486,"steparuZzz"
3191486,"steparuLol"
3191486,"steparuCry"
3191486,"steparuBans"
3191486,"steparuLost"
3191486,"steparuShy"
3191486,"steparuPat"
3240079,"stixStix"
3240079,"stixSad"
3240079,"stixAlvin"
3240079,"stixSif"
3266784,"lukaPlusSR"
3266784,"lukaGSI"
3266784,"lukaPlusIR"
3266784,"luka2014"
3266784,"lukaMinusSR"
3266784,"lukaGamingOwl"
3266784,"lukaMinusIR"
3266784,"lukaNiceTryTho"
3266784,"lukaTamyPotion"
2497,"tzlvBuff"
2497,"tzlvCheer"
2497,"tzlvCry"
2497,"tzlvGigachad"
2497,"tzlvBass"
2497,"tzlvSing"
2497,"tzlvSnack"
2497,"tzlvBussin"
2497,"tzlvSerious"
2497,"tzlvOlive"
2497,"tzlvHuh"
2497,"tzlvKanpai"
2497,"tzlvPeace"
2497,"tzlvAwkward"
2497,"tzlv5Head"
2497,"tzlvCycle"
2497,"tzlvAngry"
2497,"tzlvMood"
2497,"tzlvWow"
2497,"tzlvPeepo"
2497,"tzlvIceCream"
2497,"tzlvYung"
2497,"tzlvDespair"
2497,"tzlvJuice"
2497,"tzlvRaid"
2497,"tzlvSnowboard"
2497,"tzlvGun"
2497,"tzlvGatsby"
2497,"tzlvZap"
2497,"tzlvLove"
2497,"tzlvBiznis"
2497,"tzlvBoxing"
2497,"tzlvCat"
2497,"tzlvSleep"
2497,"tzlvSuit"
12519,"bwnaGoogly"
12519,"bwnaWoo"
122083,"booferNote"
131070,"runeHermod"
131070,"runeNecro"
131070,"runeHarold"
131070,"runeRasial"
131070,"runeSoulPog"
131070,"runeSoulPause"
196858,"omiePog"
196858,"omieThink"
196858,"omieMonka"
196858,"omieNoted"
296682,"cousDang"
477897,"ilyterrorAw"
477897,"ilyterrorSpeedster"
482893,"laphinSubzero"
482893,"laphinJulie"
482893,"laphinSissy"
482893,"laphinWreath"
482893,"laphinScorpion"
482893,"laphinAna"
482893,"laphinJohnny"
482893,"laphinGoof"
482893,"laphinSonny"
482893,"laphinCook"
482893,"laphinLeland"
482893,"laphinTree"
482893,"laphinConnie"
482893,"laphinHitchhiker"
482893,"laphinXmas"
588408,"robbydHEYGUYS"
588408,"robbydSCREAM"
588408,"robbydMACK"
588408,"robbydBOPPER"
588408,"robbydSCREAM2"
588408,"robbydSPIN"
783586,"deefizFLASHSALE"
783586,"deefizGASM"
783586,"deefizSuckstoes"
1121217,"legendShang"
1194004,"karter1GL"
1194004,"karter1Tail"
1895664,"llama123Djbaile"
1895664,"llama123Djgordi"
1895664,"llama123Dretraso"
1895664,"llama123Djfacto"
1895664,"llama123City"
1895664,"llama123Butlandd"
1895664,"llama123Djinfacto"
2000180,"tougiePinky"
2000180,"tougieVince"
2083752,"fisBush"
2135545,"fallouttKiss"
2135545,"fallouttTEDDY"
2135545,"fallouttChairjump"
2135545,"fallouttNINJA"
2135545,"fallouttINDYJON"
2135545,"fallouttNIKO"
2135545,"fallouttPetteddy"
2135545,"fallouttAstroboy"
2135545,"fallouttREGRET"
2135545,"fallouttPLOTTING"
2135545,"fallouttLove"
2135545,"fallouttDetective"
2135545,"fallouttDOGGOS"
2135545,"fallouttMadge"
2135545,"fallouttLEAK"
2135545,"fallouttPetniko"
2135545,"fallouttBlueball"
2135545,"fallouttPoggif"
2135545,"fallouttWxltzy"
2216517,"necronzeroNergi"
2216517,"necronzeroPalalove"
2216517,"necronzeroBrachy"
2261919,"crreamP"
2261919,"crreamRe"
2261919,"crreamTwo"
2261919,"crreamOne"
2261919,"crreamPrecious"
2400710,"membKOTD5"
2601579,"m2kLily"
2601579,"m2kMarissa"
2601579,"m2kManon"
2601579,"m2kJURI"
2601579,"m2kKimberly"
2601579,"m2kChunLI"
3028810,"d88Baited"
3028810,"d88Swag"
3191486,"steparuTrap"
3191486,"steparuMoney"
3191486,"steparuNo"
3191486,"steparuShrug"
3191486,"steparuYay"
3191486,"steparuCard"
3191486,"steparuF"
3191486,"steparuShank"
3191486,"steparuWtf"
3191486,"steparuDead"
3191486,"steparuYikes"
3286344,"dorrCover"
3286344,"dorrNana"
3389768,"ph1lSniff"
3393813,"eevisuHUH"
3713327,"hocRIGGED"
3713327,"hocLaugh1"
3713327,"hocBBB2023"
3713327,"hocLaugh2"
3753678,"biitterLove"
3753678,"biitterRip"
3753678,"biitterMad"
3753678,"biitterCool"
3753678,"biitterToxic"
3753678,"biitterSip"
3753678,"biitterNote"
3753678,"biitterFacepalm"
3753678,"biitterThisisfine"
3753678,"biitterSmirk"
3814122,"himiDR"
3814122,"himiTater"
3818382,"savyGufo"
3818382,"savyPedrope"
3818382,"savyPedro"
3818382,"savySqualoitaly"
3818382,"savyMaglia"
3818382,"savyEuchamp"
3818382,"savyTriglia2"
3818382,"savyWin"
3818382,"savyDissociato"
3818382,"savyHalland"
3818382,"savyDance"
3818382,"savyMovengo"
4125711,"thabLurk"
4125711,"thabBongo"
4331474,"nadedJam"
4331474,"nadedNod"
4331474,"nadedH3"
4331474,"nadedScrow"
4331474,"nadedWhat"
4331474,"nadedShark"
4331474,"nadedBR"
4331474,"nadedRat"
4331474,"nadedBreadstick"
4331474,"nadedStare"
4331474,"nadedHIB"
4331474,"nadedH2"
4662744,"hkyP"
4662744,"hkyHeartG"
4662744,"hkyDreamG"
4662744,"hkyHeart"
4662744,"hkyGrin"
4662744,"hkyCloud"
4662744,"hkyDream"
4662744,"hkySquid"
4867723,"wolskPants"
4977677,"lolobrGG"
5010735,"pbtEtoile"
5010735,"pbtClown"
5010735,"pbtCDF"
5114515,"ogmvpNikkiMinaj1"
5114515,"ogmvpMidnighteyes"
5114515,"ogmvpBowseranger"
5114515,"ogmvpHandsupmizmouthshut"
5115151,"thorracePlatina"
5115151,"thorraceTrofeu"
5305213,"miekLockedin"
5305213,"miekLockin"
5305213,"miekNAH"
5305213,"miekCivic"
5305213,"miekMedal"
5305213,"miekLILY"
5305213,"miekManon"
5305213,"miekYAH"
5313783,"fnatvFatFu"
5313783,"fnatvSignfu"
5313783,"fnatvBonerfu"
5313783,"fnatvYUNO"
5313783,"fnatvEyebrowfu"
5313783,"fnatvRobomurphy"
5313783,"fnatvRobocop"
5313783,"fnatvPony"
5313783,"fnatvExcellent"
5453691,"nephaniCry"
5453691,"nephaniEek"
5453691,"nephaniZ"
5453691,"nephaniJam"
5453691,"nephaniLul"
5453691,"nephaniPo"
5453691,"nephaniHeart"
5453691,"nephaniCozy"
5500597,"nyxToxic"
5500597,"nyxHuh"
5500597,"nyxHehehe"
5500597,"nyxLoot"
5500597,"nyxNO"
5521605,"jaxelCassandra"
5521605,"jaxelXianghua"
5521605,"jaxelTira"
5521605,"jaxelAstaroth"
5521605,"jaxelAzwel"
5521605,"jaxelTalim"
6094619,"jankosMug"
6094619,"jankosPrime"
6094619,"jankosFAT"
6094619,"jankosBald"
6094619,"jankosHi"
6094619,"jankosH"
6094619,"jankosDevil"
6094619,"jankosLag"
6094619,"jankosGA"
6094619,"jankosYEP"
6123084,"shinowolfWAR"
6225897,"makowskiHAMMERTHROW"
6353604,"klutchFricc"
6353604,"klutchLetHimCook"
6353604,"klutchL"
6353604,"klutchBozo"
6353604,"klutchNoted"
6353604,"klutchMarbles"
6353604,"klutchKekW"
6353604,"klutchRat"
6353604,"klutchLove"
6353604,"klutchPopcorn"
6353604,"klutchHandsUp"
6353604,"klutchRatge"
6431685,"kontro5FND"
6431685,"kontro5Mehchris"
6431685,"kontro5WhaaaChris"
6431685,"kontro5Doooood"
6431685,"kontro5HappyChris"
6431685,"kontro5Lurk"
6431685,"kontro5Swoosh"
6431685,"kontro5DiabloKF"
6431685,"kontro5ShockedChris"
6431685,"kontro5FacePalm"
6653219,"avehouWow"
6659152,"oroStare"
6659152,"oroNO"
6659152,"oroFury"
6659152,"oroHands"
6659152,"oroBleh"
6659152,"oroSweat"
6659152,"oroShy"
6659152,"oroBuddy"
6659152,"oroCOPIUM"
6659152,"oroCheese"
6659152,"oroStop"
6659152,"oroPraising"
6659152,"oroPls"
6659152,"oroOldge"
6659152,"oroSlime"
6659152,"oroScared"
6681939,"navnCroc"
6681939,"navnOTTVOM"
6681939,"navnDjab"
6681939,"navnNerd"
6681939,"navnZoom"
6681939,"navnGTO"
6681939,"navnNit"
6681939,"navnUnicorn"
6681939,"navnFishcollusion"
6768122,"jahKalp"
6768122,"jahCool"
6768122,"jahSleep"
6768122,"jahChef"
6768122,"jah666"
6768122,"jahHelp"
6768122,"jahPetfo"
6768122,"jahDrum"
6768122,"jahPeek"
6768122,"jahSip"
6768122,"jahDance"
6768122,"jahHug"
6768122,"jahCopium"
6768122,"jahPoo"
6768122,"jahClown"
6768122,"jahHuh"
6768122,"jahAlfohug"
6768122,"jahKel"
6768122,"jahHype"
6768122,"jahBlanket"
6768122,"jahPrayge"
6768122,"jahOld"
6768122,"jahRip"
6768122,"jahBased"
6768122,"jahDrip"
6768122,"jahPop"
6768122,"jahRave"
6827010,"nekIro"
6864499,"farmhoStevenchaos"
6864499,"farmhoCozysteven"
6864499,"farmhoHeh"
6936526,"raccpackLove"
6936526,"raccpackRacced"
6936526,"raccpackBoomT1ts"
6936526,"raccpackYay"
6936526,"raccpackPuke"
6936526,"raccpackGG"
6936526,"raccpackRave"
6936526,"raccpackSlap"
6936526,"raccpackHype"
6936526,"raccpackSadTimes"
6936526,"raccpackMuchLove"
6936526,"raccpackWhat"
6936526,"raccpackBonk"
6936526,"raccpackFail"
6936526,"raccpackCryMore"
6936526,"raccpackHeartEyes"
6936526,"raccpackSmackit"
6936526,"raccpackSmug"
6936526,"raccpackClipIt"
6936526,"raccpackAngry"
6936526,"raccpackHonkHonk"
6936526,"raccpackCool"
6936526,"raccpackBoop"
6936526,"raccpackThink"
6936526,"raccpackGetCarried"
6936526,"raccpackRaccKing"
6936526,"raccpackDrink"
6936526,"raccpackGasm"
6936526,"raccpackXmas"
6936526,"raccpackStare"
6936526,"raccpackEvilChaos"
6936526,"raccpackLick"
6936526,"raccpackLurk"
6936526,"raccpackRage"
6936526,"raccpackCornDog"
6936526,"raccpackToxic"
6936526,"raccpackOnFire"
6936526,"raccpackSmack"
6936526,"raccpack69"
7010591,"uhnUgh"
7010591,"uhnCheese"
7010591,"uhnGreed"
7010591,"uhnRee2"
7010591,"uhnSadge"
7010591,"uhnClown"
7010591,"uhnWokeage"
7010591,"uhnToilet"
7010591,"uhnHuh"
7010591,"uhnDance"
7010591,"uhnSkip"
7010591,"uhnYaes"
7093315,"slop3SUOM1"
7120627,"migueOk"
7120627,"migueOjo"
7120627,"migueF"
7120627,"migueMiedo"
7120627,"migueAdmin"
7120627,"migueGod"
7120627,"migueWut"
7120627,"migueNotFun"
7120627,"miguePurete"
7120627,"migue7"
7120627,"miguePog"
7120627,"migueSleeper"
7120627,"migueAw"
7120627,"migueKEK"
7120627,"migueDance"
7120627,"migueBAN"
7120627,"migueQue"
7120627,"migueKhe"
7120627,"migueLOVE"
7120627,"migueAaahhh"
7120627,"migueGirando"
7120627,"migueStare"
7120627,"migueBlop"
7120627,"migueKekw"
7120627,"migueCara"
7143499,"val22Shooter"
7143499,"val22Steph"
7143499,"val22Rikku"
7143499,"val22Gengar"
7143499,"val22Yuna"
7143499,"val22Auron"
7143499,"val22Lulu"
7150119,"dinkyFear"
7154733,"typicalLogo"
7154733,"typicalBeaver"
7154733,"typicalTopNotch"
7154733,"typicalElite"
7154733,"typicalPoutine"
7154733,"typicalPancake"
7167763,"unsPaste"
7167763,"unsPin"
7167763,"unsBlob"
7176704,"ghostkaiMosLove"
7176704,"ghostkaiMegaKai"
7176704,"ghostkaiScuffedMM"
7176704,"ghostkaiFingies"
7176704,"ghostkaiXmasghostie"
7176704,"ghostkaiTemplar"
7176704,"ghostkaiXmas"
7176704,"ghostkaiHallowsGhost"
7176704,"ghostkaiFeet"
7176704,"ghostkaiXmasGhostie"
7203246,"tekkPats"
7203429,"alukardEDBOYNYC"
7236692,"danHug"
7236692,"danBased"
7236692,"dan4Head"
7236692,"danChonk"
7236692,"danMEME"
7236692,"danNope"
7236692,"danNotes"
7236692,"danSmart"
7236692,"danWave"
7236692,"danBot"
7236692,"danNo"
7236692,"danSmile"
7236692,"danCop"
7236692,"danTalk"
7236692,"danClown"
7236692,"danStare"
7236692,"danChef"
7236692,"danUpset"
7236692,"danSleep"
7236692,"danKEK2"
7236692,"danWeird"
7236692,"danRoll"
7275079,"nvcPizza"
7275079,"nvcLootgoblin"
7313723,"chitaiCage"
7313723,"chitaiLeatherface"
7334218,"shwabaPog"
7334218,"shwabaMad"
7334218,"shwabaSad"
7334218,"shwabaBanger"
7334218,"shwabaEvil"
7334218,"shwabaBaby"
7334218,"shwabaPunch"
7334218,"shwabaHuh"
7334218,"shwabaCampog"
7334218,"shwabaYelena"
7334218,"shwabaFinger"
7334218,"shwabaSneakus"
7334218,"shwabaCult"
7334218,"shwabaThumbsup"
7334218,"shwabaYikes"
7334218,"shwabaPeace"
7334218,"shwabaConnor"
7334218,"shwabaSmile"
7334218,"shwabaAnger"
7334218,"shwabaGunbear"
7334218,"shwabaShock"
7334218,"shwabaDance"
7334218,"shwabaVolibear"
7334218,"shwabaPoggy"
7334218,"shwabaGrrr"
7334218,"shwabaDance2"
7334218,"shwabaDeal"
7334218,"shwabaQuest"
7334218,"shwabaBlicky"
7344503,"chachaaPastoWTF"
7344503,"chachaaPastoAve"
7344503,"chachaaDon"
7344503,"chachaaNewSub"
7344503,"chachaaResub"
7344503,"chachaaRip"
7344503,"chachaaPastoPC"
7344503,"chachaaKDO"
7344503,"chachaaRAGE"
7344503,"chachaaHi"
7344503,"chachaaLove"
7402190,"auroralNinja"
7430756,"elite2xWHITEWALKERS"
7457272,"goukiCheese"
7457272,"goukiVegas"
7555574,"crendorHeh"
7555574,"crendorCAW"
7555574,"crendorHank"
7555574,"crendorPop"
7555574,"crendorCough"
7560447,"melanyCarlosxonadin"
7560447,"melanyCarlosGG"
7560447,"melanyCarlosGarouta"
7560447,"melanyDesespero"
7560447,"melanyCarlosGG2"
7560447,"melanyFlorzin"
7560447,"melanyCarlosHHM"
7560447,"melanyCarlosDesespero"
7560447,"melanyCarlosRisadinha"
7560447,"melanyCarlosUE"
7560447,"melanyOclin"
7560447,"melanyPalhacita"
7560447,"melanyTiti"
7560447,"melanyCarlosHmm"
7560447,"melanyMexe"
7560447,"melanyBobin"
7560447,"melanyCarlosRINITE"
7560447,"melanyLerdeza"
7560447,"melanyBIRL"
7560447,"melanyCarlosUKE"
7560447,"melanyCarlosSafadin"
7560447,"melanyAmadah"
7560447,"melanyDancinha"
7560447,"melanyDindin"
7560447,"melanyCarlosfoguin"
7560447,"melanyRIP"
7560447,"melanyCarlosIndignado"
7560447,"melanyWOW"
7560447,"melanySAFADINN"
7601562,"chesscomOMG"
7601562,"chesscomOMGeezersnap"
7601562,"chesscomHessgasm"
7601562,"chesscomAdsluv"
7601562,"chesscomNaka"
7601562,"chesscomLevy"
7601562,"chesscomAfroDanya"
7601562,"chesscomFork"
7601562,"chesscomWhiteWins"
7601562,"chesscomBlackWins"
7601562,"chesscomDraw"
7601562,"chesscomLUL"
7601562,"chesscomHessOMG"
7601562,"chesscomTilt"
7601562,"chesscomWut"
7601562,"chesscomSUSvalova"
7601562,"chesscomUkraineS"
7601562,"chesscomFabiProphet"
7601562,"chesscomMiss"
7601562,"chesscomTrent"
7601562,"chesscomFabi"
7601562,"chesscomSo"
7601562,"chesscomBlunderOMG"
7601562,"chesscomPeace"
7601562,"chesscomDanyagasm"
7601562,"chesscomMittens"
7601562,"chesscomRainbow"
7601562,"chesscomNotLikeAnish"
7601562,"chesscomLudwigPOG"
7601562,"chesscomPawn"
7601562,"chesscomOlliePOP"
7601562,"chesscomGetNepod"
7601562,"chesscomMistake"
7601562,"chesscomGreat"
7601562,"chesscomDanEZ"
7601562,"chesscomWokegeTrent"
7601562,"chesscomSleeper"
7601562,"chesscomFabiMad"
7601562,"chesscomUaheartS"
7601562,"chesscomShuvalova"
7601562,"chesscomFrankLFG"
7601562,"chesscomTwerk"
7601562,"chesscomDoveS"
7601562,"chesscomLove"
7601562,"chesscomHype"
7601562,"chesscomCarlsen"
7601562,"chesscomBrilliantS"
7601562,"chesscomBlunderS"
7601562,"chesscomMisamigos"
7601562,"chesscomPolinaEZ"
7601562,"chesscomMags"
7691924,"klaiusGlass"
7691924,"klaiusPat"
7691924,"klaiusNotLikeThis"
7691924,"klaiusSip"
7691924,"klaiusSmug"
7691924,"klaiusCry"
7691924,"klaiusGuraSmug"
7691924,"klaiusGuraHug"
7691924,"klaiusGuraComfy"
7691924,"klaiusGuraDerp"
7691924,"klaiusGuraPout"
7691924,"klaiusGuraNom"
7691924,"klaiusGuraWave"
7691924,"klaiusGuraLost"
7691924,"klaiusGuraRiot"
7691924,"klaiusGuraShrimp"
7691924,"klaiusGuraLaugh"
7691924,"klaiusMeduThink"
7691924,"klaiusNotLikeMahira"
7691924,"klaiusGuraPensive"
7691924,"klaiusGuraHmm"
7691924,"klaiusGuraPepega"
7691924,"klaiusGuraScared"
7691924,"klaiusJAM"
7691924,"klaiusGuraJebait"
7691924,"klaiusANotLikeThis"
7691924,"klaiusAPat"
7691924,"klaiusAGlass"
7691924,"klaiusGuraAyaya"
7691924,"klaiusGuraSadge"
7691924,"klaiusGuraRickRoll"
7691924,"klaiusPensive"
7691924,"klaiusGuraA"
7720868,"liceSad"
7720868,"lice6666"
7720868,"liceMai"
7720868,"liceGinya"
7720868,"liceDva"
7720868,"liceOface"
7720868,"lice12"
7720868,"lice25"
7720868,"lice07"
7720868,"lice26"
7720868,"lice21"
7720868,"lice05"
7720868,"liceAgnry"
7720868,"lice15"
7720868,"lice16"
7720868,"lice24"
7720868,"lice03"
7720868,"lice06"
7720868,"lice08"
7720868,"lice20"
7720868,"lice10"
7720868,"lice22"
7720868,"lice09"
7720868,"lice19"
7720868,"lice022"
7720868,"lice110"
7720868,"lice04"
7721026,"lanaiyu3"
7721026,"lanaiyu4"
7721026,"lanaiyu1"
7721026,"lanaiyu2"
7721026,"lanaiyuGun"
7721026,"lanaiyuPick"
7721026,"lanaiyuKisi"
7721026,"lanaiyu666"
7721026,"lanaiyuSmile"
7721026,"lanaiyuSifan"
7721026,"lanaiyuOmg"
7721026,"lanaiyuHello"
7721026,"lanaiyu5"
7721026,"lanaiyu6"
7721026,"lanaiyu444"
7721026,"lanaiyu888"
7721026,"lanaiyu777"
7721026,"lanaiyuHappy"
7721026,"lanaiyuFAFA1"
7721026,"lanaiyuFAFA2"
7721026,"lanaiyuAngry"
7721026,"lanaiyuF"
7721026,"lanaiyuMEOWLL"
7721026,"lanaiyuCs"
7721026,"lanaiyuMEOWRR"
7742831,"pkxCHOMP"
7742831,"pkxTHROW3"
7742831,"pkxTHROW2"
7742831,"pkxTHROW1"
7742831,"pkxCHEER"
7742831,"pkxSMIRK"
7742831,"pkxLUL"
7742831,"pkxGOLD"
7742831,"pkxCHANCE"
7742831,"pkxFLEX"
7742831,"pkxGG"
7742831,"pkxRAGE"
7742831,"pkxNICE"
7742831,"pkxTHINK"
7742831,"pkxBLAST"
7742831,"pkxGIFT"
7742831,"pkxHYPE"
7742831,"pkxWIPE"
7742831,"pkxVIBE"
7742831,"pkxRNG"
7742831,"pkxFINE"
7742831,"pkxWHY"
7742831,"pkxROUGH"
7742831,"pkxCULTURE"
7742831,"pkxLOVE"
7742831,"pkxMONEY"
7742831,"pkxSTRESS"
7742831,"pkxSUB"
7742831,"pkxSMUG"
7742831,"pkxBOOST"
7742831,"pkxPLEAD"
7742831,"pkxHI"
7832442,"riffROTOR"
7832442,"riffBIM"
7832442,"riffGator"
7832442,"riffUghh"
7832442,"riffTurkey"
7832442,"riffHeyGuys"
7832442,"riffGorilla"
7832442,"riffOMG"
7832442,"riffGasm"
7832442,"riffBridget"
7832442,"riffMaryJo"
7832442,"riffYeti"
7832442,"riffJMT"
7832442,"riffDuffy"
7832442,"riffWhizzo"
7832442,"riffUtz"
7832442,"riffHurrHurr"
7832442,"riffHaHa"
7832442,"riffRyder"
7832442,"riffPizza"
7832442,"riffBug"
7832442,"riffOK"
7832442,"riffYell"
7832442,"riffCameron"
7832442,"riffNewSlogan"
7832442,"riffKappa"
7832442,"riffScream"
7832442,"riffGasp"
7832442,"riffGoodBoy"
7832442,"riffTrax"
7832442,"riffLUL"
7832442,"riffThink"
7832442,"riffSamurai"
7832442,"riffTorgo"
7832442,"riffChico"
7832442,"riffDuck"
7832442,"riffBrit"
7832442,"riffLSP"
7832442,"riffDavido"
7832442,"riffHarvMarv"
7832442,"riffIce"
7832442,"riffDance"
7832442,"riffBigGlare"
7832442,"riffShock"
7832442,"riffWoo"
7832442,"riffGif"
7832442,"riffYarnLion"
7858422,"harddropGoodNight"
7858422,"harddropBlink"
7858422,"harddropTier3Placeholder"
7858422,"harddropHeart"
7858422,"harddrop200IQ"
7858422,"harddropOYES"
7858422,"harddropOWHY"
7858422,"harddropBankai"
7858422,"harddropFail"
7858422,"harddropONO"
7858422,"harddropEnter"
7858422,"harddropAYAYO"
7858422,"harddropExit"
7858422,"harddropWot"
7858422,"harddropBAN"
7858422,"harddropKeepItLitFamStayWoke"
7858422,"harddropOG"
7858422,"harddropOmilia"
7858422,"harddropLogo"
7858422,"harddropMoney"
7858422,"harddropPipiga"
7858422,"harddropDiscord"
7858422,"harddropTE"
7858422,"harddropOmegaLUL"
7858422,"harddropCommunity"
7858422,"harddropJuicy4w"
7858422,"harddropThink"
7901383,"nixxLUL"
7901383,"nixxFlex"
7901383,"nixxREE"
7901383,"nixxBad"
7901383,"nixxWut"
7901383,"nixxSellout"
7901383,"nixxHoly"
7901383,"nixxM"
7901383,"nixxButt"
7901383,"nixxPower"
7901383,"nixxDrink"
7901383,"nixxLucy"
7901383,"nixxSit"
7901383,"nixxFire"
7901383,"nixxMoos"
7901383,"nixxHey"
7901383,"nixxIshnu"
7901383,"nixxHead"
7901383,"nixxPanic"
7901383,"nixxMald"
7901383,"nixxSweat"
7901383,"nixxLove"
7901383,"nixxNer"
7901383,"nixxPoint"
7901383,"nixxDark"
7901383,"nixxSip"
7901383,"nixxShout"
7901383,"nixxOrc"
7901383,"nixxCrendor"
7901383,"nixxNecro"
7901383,"nixxNot"
7901383,"nixxGno"
7901383,"nixxTroll"
7901383,"nixxOhno"
7901383,"nixxWoah"
7901383,"nixxSkulls"
7901383,"nixxHyper"
7901383,"nixxHair"
7901383,"nixxThis"
7901383,"nixxBald"
7901383,"nixxLight"
7920047,"innocentsSpitOn"
7920047,"innocentsSubHype"
7920047,"innocentsVIBES"
7920047,"innocentsICE"
7920047,"innocentsHIGH"
7920047,"innocentsChicken"
7920047,"innocentsClown"
7920047,"innocentsKissAHomie"
7920047,"innocentsSLATT"
7920047,"innocentsGG"
7920047,"innocentsSip"
7920047,"innocentsLove"
7920047,"innocentsWave"
7920047,"innocentsSus"
7920047,"innocentsTHREAT"
7920047,"innocentsHypers"
7920047,"innocentsSadge"
7920047,"innocents20bomb"
7920047,"innocentsOxygenTank"
7920047,"innocentsLetsGo"
7920047,"innocentsHUH"
7920047,"innocentsTEEd"
7933128,"kozChamp"
7933128,"kozGun"
7933128,"kozHug"
7933128,"kozLost"
7933128,"kozLurk"
7933128,"kozScared"
7933128,"kozLove"
7933128,"kozNorte"
7933128,"kozPoker"
7933128,"kozPff"
7933128,"koz10"
7933128,"kozBlep"
7933128,"kozCry"
7933128,"kozGiggle"
7933128,"kozUWU"
7933128,"kozThink"
7933128,"kozMal"
7933128,"kozComfy"
7933128,"kozMusic"
7933128,"kozNote"
7933128,"kozFig"
7933128,"kozRee"
7933128,"kozNostonks"
7933128,"kozDance"
7933128,"kozXD"
7933128,"kozNejo"
7933128,"kozUgly"
7933128,"kozBeg"
7933128,"kozHi"
7933128,"kozDerp"
7933128,"kozTake"
7933128,"kozOjito"
7933128,"kozStonks"
7933128,"kozClown"
7959362,"ppbDerp"
7959362,"ppbTilt"
7959362,"ppbAYAYA"
7959362,"ppbLurk"
7959362,"ppbLove"
7959362,"ppbKid"
7959362,"ppbWTF"
7959362,"ppbPantsu"
7969462,"gmbSleep"
7969462,"gmbRainbow"
7969462,"gmbChin"
7969462,"gmbSalt"
7969462,"gmbJuccu"
7969462,"gmbWhat"
7969462,"gmbGmb"
7969462,"gmbMoney"
7969462,"gmbGhost"
7969462,"gmbHeart"
7969462,"gmbCatknife"
7969462,"gmbCurly"
7969462,"gmbWhatt"
7969462,"gmbBeeoty"
7969462,"gmbDerpy"
7969462,"gmbAnger"
7969462,"gmbDead"
7969462,"gmbEVO2010"
7969462,"gmbSad"
7969462,"gmbAdore"
7969462,"gmbMoneyFly"
7969462,"gmbBossrage"
7969462,"gmbSleepy"
7969462,"gmbPatapata"
7969462,"gmbAround"
7969462,"gmbBan"
7969462,"gmbKnife"
7969462,"gmbJUCCU1"
7969462,"gmbMove"
7970395,"silleWave"
7970395,"sillePain"
7970395,"silleW"
7970395,"silleWow"
7970395,"silleNotLikeThis"
7970395,"silleStare"
7970395,"silleEZ"
7970395,"silleGG"
7970395,"silleComfy"
7970395,"silleKnife"
7970395,"silleH"
7970395,"silleAYAYA"
7970395,"silleGasm"
7970395,"silleLurk"
7970395,"silleNT"
7970395,"sillePoint"
7970395,"silleREEE"
7970395,"silleSuffer"
7970395,"silleShy"
7970395,"silleSmug"
7970395,"silleReallyHappy"
7970395,"silleHands"
7970395,"silleSalute"
7970395,"silleFurry"
7970395,"silleWink"
7995300,"6tanPuton"
7995300,"6tanLike"
7995300,"6tanDame"
7995300,"6tanXiang"
7995300,"6tanXc"
7995300,"6tanWut"
7995300,"6tanMoney"
7995300,"6tanPoo"
7995300,"6tanAhh"
7995300,"6tanWave"
7995300,"6tanYellbao"
7995300,"6tan6"
7995300,"6tanEhh"
7995300,"6tanLlyell"
7995300,"6tanDao"
7995300,"6tanHapi"
7995300,"6tanZzz"
7995300,"6tanGuli"
7995300,"6tanHuh"
7995300,"6tanLul"
7995300,"6tanMine"
7995300,"6tanHi"
7995300,"6tan888"
7995300,"6tanHapi2"
7995530,"thatsrightDi"
7995530,"thatsrightLeft"
7995530,"thatsrightRight"
7995530,"thatsrightErrrr"
7995530,"thatsrightGood"
7995530,"thatsrightLA"
7995530,"thatsrightShaobinlook"
7995530,"thatsrightPower"
7995530,"thatsrightCry"
7995530,"thatsrightScream"
7995530,"thatsrightDance"
8002422,"hugsHD"
8002422,"hugsSellout"
8002422,"hugsBesitos"
8002422,"hugsTrash"
8002422,"hugsSheets"
8002422,"hugsNiceShotGold"
8002422,"hugsDaddy"
8002422,"hugsW"
8002422,"hugsTilted"
8002422,"hugsNiceShot"
8002422,"hugsRNG"
8002422,"hugsRunIt"
8002422,"hugsLudicholo"
8002422,"hugsYeet"
8002422,"hugsCry"
8002422,"hugsAyaya"
8002422,"hugsSub"
8002422,"hugsPub"
8002422,"hugsClip"
8002422,"hugsEZ"
8002422,"hugsButton"
8002422,"hugsForkcity"
8002422,"hugsSplat"
8002422,"hugsBigBrain"
8002422,"hugsWeDidIt"
8002422,"hugsShaka"
8002422,"hugsMegaBrain"
8002422,"hugsCraft"
8003569,"rudePolice"
8003569,"rudeHi"
8003569,"rudeThump"
8003569,"rudeOri"
8003569,"rudeEvil"
8003569,"rudeRip"
8003569,"rudeLoveG"
8003569,"rudeLove"
8003569,"rudeOmg"
8003569,"rudeHype"
8003569,"rudeOhno"
8003569,"rudeHmm"
8003569,"rudeWoah"
8003569,"rudeZzz"
8003569,"rudeOrimega"
8003569,"rudeFriend"
8003569,"rudeAus"
8003569,"rudeBonk"
8003569,"rudePeek"
8003569,"rudePls"
8003569,"rudeOmega"
8003569,"rudeHuh"
8003569,"rudeIdea"
8003569,"rudeOrier"
8003569,"rudeDude"
8003569,"rudeOriest"
8003569,"rudeQueen"
8003569,"rudeMeow"
8003569,"rudeAyyyy"
8003569,"rudeFPP"
8003569,"rudeJerry"
8003569,"rudeFP"
8003569,"rudeBlink"
8003569,"rudeNyoom"
8003569,"rudePet"
8026307,"dekarTrash"
8026307,"dekarD"
8026307,"dekarLewd2"
8026307,"dekarM"
8026307,"dekarZhonyas"
8026307,"dekarNOTMAD"
8026307,"dekarChad"
8026307,"dekar100IQ"
8026307,"dekarFedora"
8026307,"dekarChamp"
8026307,"dekar69"
8026307,"dekar5Head"
8026307,"dekarLenny"
8026307,"dekarS"
8026307,"dekarGromp"
8026307,"dekarBrainlet"
8026307,"dekarCry"
8026307,"dekarRengo"
8026307,"dekarHi"
8026307,"dekarSNIFFA"
8026307,"dekarRAWR"
8026307,"dekarGUN"
8026307,"dekarHAA"
8026307,"dekarPROST"
8026307,"dekarCHONKER"
8026307,"dekarW"
8026307,"dekarFeets"
8026307,"dekarAWOOGA"
8026307,"dekarPwease"
8026307,"dekarDevil"
8026307,"dekarHeart"
8026307,"dekarSadge"
8026307,"dekarOwO"
8026307,"dekarNOW"
8063562,"dagashWakatta"
8063562,"dagashWakattenai"
8063562,"dagashIka"
8063562,"dagashAtama"
8063562,"dagashGeki"
8063562,"dagashEct"
8063562,"dagashIdidit"
8063562,"dagashGotit"
8063562,"dagashDamnit"
8063562,"dagashYeah"
8063562,"dagashJito"
8063562,"dagashSad"
8063562,"dagashSmile"
8063562,"dagashEmbarr"
8063562,"dagashWhistle"
8063562,"dagashOko"
8063562,"dagashOko2"
8063562,"dagashSun"
8063562,"dagashFx"
8063562,"dagashSad3"
8063562,"dagashOiri"
8063562,"dagashSmile2"
8063562,"dagashHehe"
8063562,"dagashLove2"
8063562,"dagashLucky"
8063562,"dagashAnitenai"
8063562,"dagashKaiten"
8063562,"dagashConf"
8063562,"dagashNormal"
8063562,"dagashKoden"
8063562,"dagashAniwaka"
8074827,"gzaYo"
8074827,"gzaSmirk"
8074827,"gzaF"
8074827,"gzaMad"
8074827,"gzaTF"
8074827,"gzaNii"
8074827,"gzaSad"
8074827,"gzaOw"
8074827,"gzaSad2"
8074827,"gzaBruh"
8074827,"gzaS"
8074827,"gzaW"
8074827,"gzaThx"
8180455,"opaSpike"
8180455,"opaKaputt"
8180455,"opaHype"
8184954,"neosan7Happykitty"
8184954,"neosan7Pun"
8184954,"neosan7Smug"
8197413,"bftvHypeTrain"
8197413,"bftvHowdy"
8197413,"bftvLOL"
8197413,"bftvGun"
8197413,"bftvRIP"
8197413,"bftvMusic"
8197413,"bftvSus"
8197413,"bftvRat"
8197413,"bftvPOG"
8197413,"bftvJail"
8197413,"bftvTaser"
8197413,"bftvRage"
8197413,"bftvCrash"
8197413,"bftvTicket"
8197413,"bftvRed"
8197413,"bftvBlue"
8197413,"bftvBCSO"
8197413,"bftvBelt"
8197413,"bftvRaid"
8197413,"bftvPop"
8197413,"bftvDOIT"
8197413,"bftvRadar"
8197413,"bftvDJ"
8197413,"bftvMVP"
8197413,"bftvWick"
8197413,"bftvFeelsbad"
8197413,"bftvSalt"
8219915,"luffy086Roseyawn"
8219915,"luffy086Laugh"
8219915,"luffy086Pfiou"
8219915,"luffy086Rosecry"
8219915,"luffy086Mika"
8219915,"luffy086MikaFHP"
8221220,"jaiSmile"
8221220,"jaiRack"
8221220,"jaiHeat"
8221220,"jaiGG"
8221220,"jaiHst"
8221220,"jaiCD"
8221220,"jaiGas"
8221220,"jaiPetty"
8221220,"jaiGreen"
8221220,"jaiRage"
8221220,"jaiBars"
8221220,"jaiSwipe"
8235851,"assaul11RAH"
8235851,"assaul11Angry"
8235851,"assaul11Happy"
8235851,"assaul11AHH"
8235851,"assaul11Howdy"
8235851,"assaul11Hey"
8235851,"assaul11Concern"
8235851,"assaul11Poyo"
8235851,"assaul11REE"
8272681,"bchH"
8272681,"bchMork"
8272681,"bchSpice"
8272681,"bch1"
8272681,"bchE"
8272681,"bchL"
8272681,"bchR"
8272681,"bchA"
8272681,"bchBooty"
8272681,"bchBye"
8272681,"bchHi"
8272681,"bchLaugh"
8272681,"bchHype"
8272681,"bchYm"
8272681,"bchHtrain"
8272681,"bchBb"
8272681,"bchBars"
8272681,"bchAir"
8272681,"bchS"
8272681,"bchBad"
8272681,"bchSay"
8272681,"bchSa"
8272681,"bchChamon"
8272681,"bchHee"
8272681,"bchG"
8272681,"bchLurk"
8272681,"bchThrill"
8272681,"bchPa"
8272681,"bchP"
8272681,"bchKop"
8272681,"bchW"
8272681,"bchMj"
8272681,"bchBald"
8272681,"bchTh"
8272681,"bchRage"
8272681,"bchSip"
8272681,"bchKusa"
8272681,"bchJ"
8272681,"bchGs"
8272681,"bchM"
8272681,"bchCry"
8272681,"bchHl"
8272681,"bch2"
8272681,"bchRe"
8333576,"pbnjFeeding"
8333576,"pbnjAlice"
8333576,"pbnjJim"
8333576,"pbnjValhein"
8333576,"pbnjVelvet"
8333576,"pbnjOD"
8333576,"pbnjDance"
8333576,"pbnjDoge2"
8333576,"pbnjChamp"
8333576,"pbnjDoge"
8333576,"pbnjJammed"
8333576,"pbnjCya"
8333576,"pbnjCrap"
8341905,"blade5Parrot"
8341905,"blade5Nochina"
8341905,"blade5Mald"
8341905,"blade5How"
8341905,"blade5Headsmash"
8341905,"blade5Cry"
8341905,"blade5Conquerorcup"
8341905,"blade5Elerage"
8341905,"blade5Abbasid"
8341905,"blade5Nomali"
8341905,"blade5Bladge"
8341905,"blade5Angry"
8341905,"blade5Nostonewalls"
8341905,"blade5Banhammer"
8341905,"blade5Mango"
8341905,"blade5Dog"
8341905,"blade5Hello"
8412164,"gwolfRage"
8412164,"gwolfGG"
8412164,"gwolfThonk"
8412164,"gwolfCid"
8412164,"gwolfDab"
8412164,"gwolfW2"
8412164,"gwolfSweat"
8412164,"gwolfH"
8412164,"gwolfGold"
8412164,"gwolfLurk"
8412164,"gwolfSmug"
8412164,"gwolfSip"
8412164,"gwolfInch"
8412164,"gwolfW"
8412164,"gwolfTerrified"
8412164,"gwolfGasm"
8412164,"gwolfDead"
8412164,"gwolfHappy"
8412164,"gwolfDerp"
8412164,"gwolfPain"
8412164,"gwolfDelet"
8412164,"gwolfHUH"
8412164,"gwolfBlush"
8412164,"gwolfAngry"
8412164,"gwolfComf"
8412164,"gwolfAyo"
8412164,"gwolfHP"
8412164,"gwolfCry"
8421033,"kikoskRock"
8421033,"kikoskBag"
8421033,"kikoskRockGolden"
8421033,"kikoskAnkh"
8421033,"kikosk404"
8421033,"kikoskPewpew"
8421033,"kikoskKav"
8421033,"kikoskCousteau"
8421033,"kikoskShock"
8421033,"kikoskLurb"
8421033,"kikoskFlask"
8421033,"kikoskCOOLIT"
8421033,"kikoskBoshom"
8421033,"kikoskNope"
8421033,"kikoskKawaii"
8421033,"kikoskEdna"
8421033,"kikoskStage9anime"
8421033,"kikoskAngry"
8421033,"kikoskBoris"
8421033,"kikoskBella"
8421033,"kikoskJitters"
8421033,"kikoskShh"
8421033,"kikoskMargie"
8421033,"kikoskFreckles"
8421033,"kikoskFrank"
8421033,"kikoskEep"
8421033,"kikoskOxygen"
8421033,"kikoskJoonven"
8421033,"kikoskLonk"
8421033,"kikoskDoot"
8421033,"kikoskLizarddoom"
8421033,"kikoskKrystal"
8421033,"kikoskEgg"
8421033,"kikoskMood"
8421033,"kikoskTortl"
8421033,"kikoskBeakie"
8421033,"kikoskHOI"
8421033,"kikoskBear"
8421033,"kikoskXtreme"
8439503,"nevNTR"
8439503,"nevMiki"
8439503,"nevLewd"
8439503,"nevThink"
8439503,"nevPoggies"
8439503,"nevCry"
8439503,"nevParty"
8439503,"nevHEEUTZ"
8488048,"fuzzyWW"
8488048,"fuzzyWWW"
8488048,"fuzzyW"
8488048,"fuzzyPog"
8488048,"fuzzyLurk"
8488048,"fuzzyHands"
8488048,"fuzzyYoshi"
8488048,"fuzzyGun"
8488048,"fuzzyGasm"
8488048,"fuzzy4"
8488048,"fuzzy1"
8488048,"fuzzy2"
8488048,"fuzzy3"
8488048,"fuzzyWario"
8488048,"fuzzyRee"
8488048,"fuzzySellout"
8488048,"fuzzyDK"
8488048,"fuzzyCoconut"
8488048,"fuzzyTypers"
8488048,"fuzzyR"
8488048,"fuzzyLUL"
8488048,"fuzzyD"
8488048,"fuzzyJAM"
8488048,"fuzzyLove"
8488048,"fuzzyNess"
8488048,"fuzzyShiny"
8488048,"fuzzyS"
8488048,"fuzzyAw"
8488048,"fuzzyDuck"
8488048,"fuzzyWhat"
8488048,"fuzzyDex"
8488048,"fuzzyTowel"
8488048,"fuzzyFeels"
8488048,"fuzzyWokege"
8488048,"fuzzyTodd"
8488048,"fuzzyLink"
8488048,"fuzzyRip"
8488048,"fuzzyPause"
8488048,"fuzzyL"
8488048,"fuzzyMiss"
8488048,"fuzzyComfy"
8488048,"fuzzyBedge"
8488048,"fuzzyEZ"
8488048,"fuzzyHi"
8488048,"fuzzyNom"
8488048,"fuzzyHype"
8510151,"grimxdReptar"
8510151,"grimxdJuice"
8510151,"grimxdRepHey"
8510151,"grimxdDtree"
8510151,"grimxdBone"
8510151,"grimxdBreak"
8510151,"grimxdSkull"
8510151,"grimxdHam"
8510151,"grimxdCredit"
8510151,"grimxdDskull"
8510151,"grimxdDiamond"
8510151,"grimxdRugrat"
8510151,"grimxdLady"
8510151,"grimxdGoblin"
8510151,"grimxdGsword"
8510151,"grimxdGlick"
8510151,"grimxdGgun"
8510151,"grimxdGlight"
8510151,"grimxdOld"
8510151,"grimxdEats"
8510151,"grimxdGtentacle"
8510151,"grimxdDfoot"
8510151,"grimxdGfoot"
8510151,"grimxdGbutter"
8510151,"grimxdGHigh"
8510151,"grimxdGcard"
8510151,"grimxdGmawp"
8510151,"grimxdGcat"
8510151,"grimxdGThumb"
8510151,"grimxdBoom"
8510151,"grimxdGtap"
8510151,"grimxdGloot"
8510151,"grimxdGclown"
8510151,"grimxdGfist"
8510151,"grimxdPizza"
8510151,"grimxdWifi"
8510151,"grimxdGcone"
8510151,"grimxdGrobot"
8510151,"grimxdGfire"
8510151,"grimxdRath"
8510151,"grimxdGbounce"
8535909,"ukogLUL"
8535909,"ukogFC"
8535909,"ukogW"
8535909,"ukogHi"
8535909,"ukogThink"
8535909,"ukogThumbsUp"
8535909,"ukogShoe"
8535909,"ukogOmg"
8535909,"ukogWow"
8535909,"ukogGERS"
8535909,"ukog666"
8535909,"ukogTOS"
8535909,"ukog4"
8535909,"ukogPride"
8535909,"ukogGold"
8535909,"ukogKame"
8535909,"ukogHame"
8535909,"ukogHa"
8535909,"ukogB"
8535909,"ukog100"
8535909,"ukogCair"
8535909,"ukogA"
8535909,"ukog1"
8535909,"ukog2"
8535909,"ukog3"
8535909,"ukogTiny"
8535909,"ukogHaha"
8535909,"ukogMald"
8535909,"ukogWOAH"
8535909,"ukogRIP"
8535909,"ukogY"
8535909,"ukogHorns"
8535909,"ukogJabba"
8535909,"ukogThicc"
8535909,"ukogFeelsSaiyan"
8535909,"ukogFeelsCrash"
8535909,"ukogWashed"
8535909,"ukogHoldUp"
8535909,"ukogCringe"
8535909,"ukogDONK"
8535909,"ukogL"
8535909,"ukogWat"
8535909,"ukogKiichiJabba"
8535909,"ukogCheers"
8535909,"ukogHmm"
8535909,"ukogSteer"
8535909,"ukogBono"
8535909,"ukogYOUR"
8535909,"ukogFerrari"
8535909,"ukogToxic"
8535909,"ukogSpeed"
8535909,"ukogDiveBomb"
8535909,"ukogM8"
8535909,"ukogFAULT"
8594321,"skaifoGold"
8594321,"skaifoBoop"
8594321,"skaifoSniff"
8594321,"skaifoS"
8594321,"skaifoWave"
8594321,"skaifoGrin"
8594321,"skaifoBonk"
8594321,"skaifoLove"
8594321,"skaifoLul"
8594321,"skaifoCry"
8594321,"skaifoLurk"
8594321,"skaifoLooker"
8594321,"skaifoWrinklePlus"
8594321,"skaifoWrinkleMinus"
8594321,"skaifoNom"
8594321,"skaifoScream"
8594321,"skaifoRage"
8594321,"skaifoSleeper"
8594321,"skaifoBlush"
8594321,"skaifoPiece"
8594321,"skaifoFeels"
8594321,"skaifoNote"
8594321,"skaifoCute"
8594321,"skaifoShrug"
8594321,"skaifoPause"
8594321,"skaifoGlare"
8594321,"skaifoMaw"
8594321,"skaifoSnail"
8594321,"skaifoWink"
8594321,"skaifoPaw"
8594321,"skaifoWeird"
8594321,"skaifoDerp"
8594321,"skaifoBelly"
8594321,"skaifoGasp"
8594321,"skaifoRIP"
8594321,"skaifoJam"
8594321,"skaifoVore"
8594321,"skaifoPet"
8594321,"skaifoSip"
8594321,"skaifoComfy"
8594321,"skaifoKEKWait"
8594321,"skaifoDance"
8594321,"skaifoHypers"
8594321,"skaifoSmug"
8594321,"skaifoPoint"
8594321,"skaifoPogShake"
8594321,"skaifoHuh"
8614507,"honakoSmug"
8614507,"honakoRage"
8614507,"honakoCalculated"
8614507,"honakoCards"
8614507,"honakoNom"
8614507,"honakoSip"
8614507,"honakoCry"
8614507,"honakoSalute"
8614507,"honakoHI"
8614507,"honakoWink"
8614507,"honakoPog"
8614507,"honakoH"
8614507,"honakoSleep"
8614507,"honakoWave"
8614507,"honakoScream"
8614507,"honakoLove"
8632142,"molFreakinGosh"
8632142,"molBruno"
8632142,"molFlare"
8632142,"molBiggest"
8632142,"molBib"
8634068,"cshkBeer"
8634068,"cshk369"
8634068,"cshkRM"
8634068,"cshkChargeshot"
8634068,"cshkBuster"
8634068,"cshkKill"
8634068,"cshkCshk9loon"
8634068,"cshkXiu"
8634068,"cshk9loon"
8634068,"cshkP"
8634068,"cshkRing"
8634068,"cshkUeki"
8634068,"cshkCharge"
8634068,"cshkFatmui"
8650361,"tophPogVamp"
8650361,"tophDab"
8650361,"tophBANGER"
8650361,"tophSEASONED"
8650361,"tophMonitor"
8650361,"toph7"
8650361,"tophMIND"
8650361,"tophHmm"
8650361,"tophUhh"
8650361,"tophPog"
8650361,"tophPause"
8650361,"tophWHAT"
8650361,"tophCAR"
8650361,"tophBIG1"
8650361,"tophBIG2"
8650361,"tophBIG3"
8650361,"tophBIG4"
8650361,"tophWelp"
8650361,"tophSleeper"
8650361,"tophW"
8650361,"tophSurugasm"
8650361,"tophToph"
8650361,"tophTrue"
8650361,"tophChamp"
8650361,"tophUNIVERSALSOLDIER"
8650361,"tophPTM"
8675619,"skdLetGo"
8675619,"skdBlake"
8675619,"skdIs"
8675619,"skdMid"
8675619,"skdIza"
8675619,"skdEz"
8675619,"skdJeetapain"
8675619,"skdJeetasmug"
8675619,"skdJeetapls"
8683614,"zfgGoldOut"
8683614,"zfgMad"
8683614,"zfgStabStabStab"
8683614,"zfgDampePls"
8683614,"zfgSpoonStrats"
8683614,"zfgRunOgre"
8683614,"zfgNoDude"
8683614,"zfgHungry"
8683614,"zfgSad"
8683614,"zfgSmug"
8683614,"zfgSoldOut"
8683614,"zfgRainbOgre"
8683614,"zfgNut"
8683614,"zfgWashedUp"
8683614,"zfgSpeedPolice"
8683614,"zfgAnyway"
8683614,"zfgGoldOgre"
8683614,"zfgLens"
8683614,"zfgBanned"
8683614,"zfgThink"
8683614,"zfgNAaim"
8683614,"zfgSpeedFrog"
8683614,"zfg2ndTry"
8683614,"zfgMonkaHess"
8683614,"zfgOhNo"
8683614,"zfgD"
8683614,"zfgHey"
8683614,"zfgStick"
8683614,"zfgSync"
8683614,"zfgHmm"
8683614,"zfgWhat"
8683614,"zfgK"
8683614,"zfgCrash"
8683614,"zfgKKomrade"
8683614,"zfgSip"
8683614,"zfgStudy"
8683614,"zfgStaleRef"
8683614,"zfgF"
8683614,"zfgToucan"
8683614,"zfgFish"
8683614,"zfgGCPurple"
8683614,"zfgSplice"
8683614,"zfgOgRGB"
8683614,"zfgSpliced"
8683614,"zfgDampeSpin"
8683614,"zfgOctogre"
8683614,"zfgStalzone"
8683614,"zfgRage"
8683614,"zfgStare"
8683614,"zfgLUL"
8683614,"zfgSnowgre"
8707283,"chickenLAMG"
8707283,"chickenTomato"
8707283,"chickenAYAYA"
8707283,"chickenThump"
8707283,"chickenCarried"
8707283,"chickenLewd"
8707283,"chickenLove"
8707283,"chickenMad"
8707283,"chickenPog"
8707283,"chickenFake"
8707283,"chickenFitzer"
8707283,"chickenMax"
8707283,"chickenDebbie"
8707283,"chickenSlappa"
8707283,"chickenGoodman"
8707283,"chickenDasit"
8707283,"chickenSweat"
8707283,"chickenEZ"
8707283,"chickenNoted"
8707283,"chickenShake"
8730439,"diggsChatfireinmotion"
8730439,"diggsShiv"
8730439,"diggsTea"
8730439,"diggsVats"
8730439,"diggsDuck"
8730439,"diggsPets"
8730439,"diggsKarth"
8730439,"diggsAYAYA"
8730439,"diggsPlaguuuu"
8730439,"diggsWelp"
8730439,"diggsCheese"
8730439,"diggsGg"
8730439,"diggsChatfire"
8730439,"diggsAYAYA2"
8766229,"moletrapBattle3"
8766229,"moletrapHi"
8766229,"moletrapWut"
8766229,"moletrapCarrier1"
8766229,"moletrapUltra2"
8766229,"moletrapCarrier5"
8766229,"moletrapFight1"
8766229,"moletrapHooray"
8766229,"moletrapPog"
8766229,"moletrapCarrier6"
8766229,"moletrapCarrier4"
8766229,"moletrapAYAYA"
8766229,"moletrapShrug"
8766229,"moletrapGg"
8766229,"moletrapUltra4"
8766229,"moletrapFight2"
8766229,"moletrapStorm"
8766229,"moletrapCarrier3"
8766229,"moletrapBunkie"
8766229,"moletrapUltra3"
8766229,"moletrapLUL"
8766229,"moletrapNuke"
8766229,"moletrapBattle1"
8766229,"moletrapPlaguuu"
8766229,"moletrapBattle4"
8766229,"moletrapGG2"
8766229,"moletrapGLHF"
8766229,"moletrapFight3"
8766229,"moletrapUltra1"
8766229,"moletrapNosalt"
8766229,"moletrapBattle2"
8766229,"moletrapHeart"
8766229,"moletrapCarrier2"
8793847,"ortoLighter"
8793847,"ortoRockin"
8793847,"ortoGooodvibes"
8793847,"ortoLove"
8793847,"ortoDothis"
8793847,"ortoFistbump"
8793847,"ortoGuitar"
8793847,"ortoEngage"
8793847,"ortoFire"
8793847,"ortoSub"
8793847,"ortoPinky"
8793847,"ortoBrain"
8793847,"ortoLaugh"
8793847,"ortoYouGotThis"
8793847,"ortoVerb"
8793847,"ortoEeee"
8793847,"ortoReee"
8793847,"ortoIt"
8793847,"ortoVe"
8793847,"ortoOp"
8793847,"ortoLo"
8793847,"ortoShock"
8793847,"ortoFacepalm"
8793847,"ortoGasm"
8793847,"ortoLurk"
8793847,"ortoPiano"
8793847,"ortoSunshine"
8793847,"ortoChoo"
8793847,"ortoGremlin"
8793847,"ortoError"
8793847,"ortoGG"
8793847,"ortoEpic"
8793847,"ortoModlove"
8793847,"ortoCwookieOG"
8793847,"ortoMyluKappa"
8793847,"ortoSus"
8793847,"ortoTopSecret"
8793847,"ortoSoon"
8793847,"orto49x"
8793847,"ortoSaveIt"
8793847,"ortoHatTip"
8793847,"ortoFunkay"
8793847,"ortoF"
8793847,"ortoPartyPilot"
8793847,"ortoRigged"
8793847,"ortoPeek"
8793847,"ortoPoggers"
8793847,"ortoShhhh"
8793847,"ortoEeeeevenin"
8815236,"hutchSpicy"
8815236,"hutchBah"
8815236,"hutchRm"
8815236,"hutchPanicattack"
8815236,"hutchMuted"
8815236,"hutchPrimeminister"
8815236,"hutchPeak"
8815236,"hutchSpicyy"
8815236,"hutchButtery"
8815236,"hutchGrin"
8815236,"hutchNeedle"
8815236,"hutchEyebrow"
8815236,"hutchNoam"
8815236,"hutchFreedom"
8815236,"hutchJ15"
8815236,"hutchSickclouds"
8815236,"hutchThumbsUp"
8815236,"hutchLucky"
8815236,"hutchClem"
8815236,"hutchStandard"
8815236,"hutchNotepad"
8815236,"hutchStop"
8815236,"hutchGo"
8815236,"hutchGenerous"
8815236,"hutchGreedy"
8815236,"hutchArya"
8815236,"hutchEsme"
8815236,"hutchVictory"
8815236,"hutchBummer"
8815236,"hutchGold"
8815236,"hutchEsme2"
8815236,"hutchPrayers"
8815236,"hutchDonkey"
8815236,"hutchSmirk1"
8815236,"hutchSmirk2"
8815236,"hutchSmirk3"
8815236,"hutchSmirk4"
8815236,"hutchRainbow"
8815236,"hutchCope"
8818585,"rxySmol"
8818585,"rxyCarry"
8818585,"rxyHeart"
8818585,"rxyGold"
8818585,"rxySquad"
8818585,"rxyWut"
8818585,"rxyPric"
8818585,"rxyLewd"
8818585,"rxyDrop"
8818585,"rxyFine"
8818585,"rxyFine2"
8818585,"rxyWink"
8818585,"rxyArya"
8818585,"rxyRude"
8818585,"rxyLove"
8818585,"rxyAye"
8818585,"rxyBless"
8818585,"rxyHey"
8818585,"rxyCry"
8818585,"rxyRiot"
8818585,"rxyClutch"
8818585,"rxyHype"
8818585,"rxyLostbet"
8818585,"rxyMonkaS"
8818585,"rxyMerder"
8818585,"rxy1"
8818585,"rxy2"
8818585,"rxyFail"
8818585,"rxyLUL"
8818585,"rxyRIP"
8818585,"rxyMVP"
8818585,"rxyJudge"
8818585,"rxyShrug"
8818585,"rxySmug"
8818585,"rxyGG"
8818585,"rxyNerd"
8818585,"rxyHeck"
8818585,"rxyStabby"
8818585,"rxyBurn"
8818585,"rxyLuv"
8818585,"rxyDied"
8818585,"rxyClown"
8818585,"rxyLurk"
8818585,"rxyAww"
8818585,"rxyToxic"
8818585,"rxyHmm"
8818585,"rxyMush"
8818585,"rxyShiny"
8818585,"rxyRee"
8818585,"rxyComfy"
8818585,"rxyPraise"
8818585,"rxySpici"
8819615,"oatKiss"
8819615,"oatHype"
8819615,"oatT"
8819615,"oatLove"
8819615,"oatPls"
8819615,"oatLurk"
8819615,"oatDerp"
8819615,"oatGasm"
8819615,"oatBaka"
8819615,"oatYa"
8819615,"oatShirt"
8819615,"oatBooty"
8819615,"oatFlex"
8819615,"oatButt"
8819615,"oatAy"
8819615,"oatHm"
8819615,"oatWoa"
8819615,"oatShrug"
8819615,"oatB"
8819615,"oatSnug"
8819615,"oatBee"
8819615,"oatLOL"
8819615,"oatLUL"
8819615,"oatO"
8819615,"oatDance"
8819615,"oatSmug"
8819615,"oatWoozy"
8819615,"oatLewd"
8819615,"oatPog"
8819615,"oatWow"
8819615,"oatNo"
8819615,"oatM"
8819615,"oatBosh"
8819615,"oatNom"
8822303,"overGruby"
8822303,"overC"
8822303,"overA"
8822303,"overPe"
8822303,"overCmok"
8822303,"overPolak"
8822303,"overNiemiec"
8822303,"overHands"
8822303,"overBlush"
8822303,"overGun"
8822303,"overLove"
8822303,"overPoggies"
8822303,"overSmoke"
8822303,"overYikes"
8822303,"overGolem"
8822303,"overUlany"
8822303,"overUlaniec"
8822303,"overM"
8822303,"overLela"
8822303,"overAsia"
8822303,"overKesi"
8822303,"overW"
8822303,"overKesiSleeper"
8822303,"overElo"
8822303,"overJam"
8822303,"overD"
8822303,"overNosek"
8822303,"overMLADY"
8822303,"overFF"
8822303,"overRage"
8829983,"oddlerYouDied"
8829983,"oddlerBarry"
8829983,"oddlerBrad"
8829983,"oddlerJim"
8829983,"oddlerZombie"
8829983,"oddlerJack"
8829983,"oddlerJill"
8829983,"oddlerPiers"
8829983,"oddlerNemesis"
8829983,"oddlerCarlos"
8829983,"oddlerChris"
8829983,"oddlerGold"
8829983,"oddlerAda"
8829983,"oddlerClaire"
8829983,"oddlerKrauser"
8829983,"oddlerLeon"
8829983,"oddlerJessica"
8829983,"oddlerMarvin"
8829983,"oddlerSteve"
8829983,"oddlerTyrant"
8829983,"oddlerAshley"
8829983,"oddlerSalazar"
8829983,"oddlerIrons"
8829983,"oddlerSherry"
8829983,"oddlerBela"
8829983,"oddlerGionne"
8829983,"oddlerSherawat"
8829983,"oddlerExcella"
8829983,"oddlerBirkin"
8829983,"oddlerRose"
8829983,"oddlerAngie"
8829983,"oddlerPedoClaire"
8843899,"quirkDERP"
8843899,"quirkCAT"
8843899,"quirkK"
8843899,"quirkLUL"
8843899,"quirkFF"
8843899,"quirkHAPPEN"
8843899,"quirkBACON"
8843899,"quirkG"
8843899,"quirkB"
8843899,"quirkFINE"
8843899,"quirkH"
8843899,"quirkPH"
8843899,"quirkSNZ"
8843899,"quirkT"
8843899,"quirkTP"
8843899,"quirkYAWN"
8843899,"quirkYEP"
8843899,"quirkL"
8843899,"quirkNL"
8843899,"quirkIR"
8843899,"quirkPARTY"
8843899,"quirkPRIDE"
8843899,"quirkEAT"
8843899,"quirkBN"
8843899,"quirkNICE"
8843899,"quirkWF"
8843899,"quirkUSA"
8843899,"quirkDEBBIE"
8843899,"quirkBURP"
8843899,"quirkF4"
8843899,"quirkCOMEON"
8843899,"quirkP"
8843899,"quirkMS"
8843899,"quirkRAGE"
8843899,"quirkBUCKS"
8843899,"quirkDUDE"
8843899,"quirkNOTES"
8843899,"quirkBLANKIES"
8843899,"quirkCHAMPIES"
8843899,"quirkKING"
8843899,"quirkTOUGH"
8843899,"quirkSMASH"
8843899,"quirkSKILL"
8843899,"quirkCOMFY"
8843899,"quirkUP"
8843899,"quirkPOG"
8874322,"drmitch74Satan"
8874322,"drmitch74Boom"
8874322,"drmitch74Trono"
8874322,"drmitch74No"
8874322,"drmitch74Ch"
8874322,"drmitch74Rip"
8874322,"drmitch74Miaoo"
8874322,"drmitch74Hypee"
8874322,"drmitch74Oink"
8874322,"drmitch74Sleep"
8874322,"drmitch74Hey"
8874322,"drmitch74GG"
8874322,"drmitch74TAC"
8874322,"drmitch74Ggr"
8874322,"drmitch74Cos"
8874322,"drmitch74LOL"
8874322,"drmitch74Luvviu"
8874322,"drmitch74LOVE"
8874322,"drmitch74Yuppiii"
8874322,"drmitch74HYPE"
8874322,"drmitch74Buh"
8874322,"drmitch74Heyhey"
8874322,"drmitch74X"
8899933,"gutocoMotorquebrado"
8899933,"gutocoPrecisandodereparos"
8899933,"gutocoGgvitoria"
8899933,"gutocoRespira"
8899933,"gutocoVinagre"
8899933,"gutocoGrave"
8899933,"gutocoAindai"
8899933,"gutocoBigode"
8899933,"gutocoPATIFARRI"
8899933,"gutocoTanahora"
8901629,"atshuEllie2"
8901629,"atshuLove"
8901629,"atshuEsport"
8901629,"atshuMica"
8901629,"atshuHi"
8901629,"atshuRage"
8901629,"atshuRompichame"
8901629,"atshuCry"
8901629,"atshuLUL"
8901629,"atshuMafrere"
8901629,"atshuDz"
8901629,"atshuEllie"
8901629,"atshuEscroc"
8901629,"atshuFire"
8901629,"atshuKah"
8902405,"dvdMdvd"
8902405,"dvdRIP"
8902405,"dvdSub"
8902405,"dvdSwag"
8902405,"dvdSS3"
8902405,"dvdTur"
8902405,"dvdC8"
8902405,"dvdBl"
8902405,"dvd01"
8902405,"dvd02"
8902405,"dvd03"
8902405,"dvd04"
8902405,"dvd05"
8902405,"dvdPls"
8902405,"dvdSac"
8902405,"dvdRed"
8906620,"pyroCancer"
8906620,"pyroPangoro"
8906620,"pyroKenny"
8906620,"pyroBees"
8906620,"pyroPence"
8906620,"pyroRage"
8906620,"pyroFeelsBad"
8906620,"pyroPog"
8906620,"pyroLove"
8906620,"pyroHi"
8906620,"pyroEZ"
8906620,"pyroLOL"
8954548,"tjrROBOT"
8954548,"tjrVARITA"
8954548,"tjrHype"
8954548,"tjrAngry"
8954548,"tjrGG"
8954548,"tjrEfe"
8954548,"tjrGod"
8954548,"tjrPewpew"
8954548,"tjrLove"
8954548,"tjrHappy"
8954548,"tjrGia"
8954548,"tjrWomito"
8954548,"tjrClown"
8954548,"tjrMad"
8954548,"tjrOkidoki"
8954548,"tjrWhat"
8954548,"tjrEvil"
8954548,"tjrCry"
8954548,"tjrStonks"
8957332,"ravageNuke"
8957332,"ravageBooyah"
8957332,"ravageThundah"
8957332,"ravageJolly"
8957332,"ravageHes"
8957332,"ravageHere"
8957332,"ravageDingus"
8957332,"ravageWoowoo"
8957332,"ravageStunk"
8957332,"ravageLuck"
8957332,"ravageGoley"
8957332,"ravageLitgow"
8957332,"ravageYou"
8957332,"ravageWont"
8957332,"ravageBro"
8957332,"ravageNah"
8957332,"ravageOkay"
8957332,"ravage3"
8957332,"ravage2"
8957332,"ravage1"
8957332,"ravageYablewit"
8957332,"ravageBilbo"
8957332,"ravage2ballz"
8957332,"ravageNuke2"
8957332,"ravageBolt"
8957332,"ravageBlew"
8957332,"ravageHog"
8957332,"ravageRat"
8957332,"ravageRig"
8957332,"ravageBig"
8957332,"ravageNeon"
8957332,"ravageBit"
8957332,"ravageBreen"
8957332,"ravageChun"
8957332,"ravageSwagnum"
8957332,"ravageThumbsup"
8957332,"ravageBaneng"
8957332,"ravageBoyfarmer"
8957332,"ravageOh"
8957332,"ravageChamp"
8957332,"ravageHype"
8957332,"ravageHalp"
8957332,"ravageGg"
8957332,"ravageMoley"
8957332,"ravageSandy"
8957332,"ravageBigbomb"
8957332,"ravageTony"
8957332,"ravageYeah"
8957332,"ravageDrink"
8957332,"ravageNukem"
8957332,"ravageBeer"
8957332,"ravageJollybub"
8957332,"ravageHOGGERS"
8957332,"ravagePourt"
8957332,"ravageSolo"
8957332,"ravageDukeCoin"
8970565,"authThink"
8970565,"authBePraised"
8970565,"authMH"
8970565,"authNutHug"
8970565,"authLikeThis"
8970565,"authSeemsGold"
8970565,"authMF"
8970565,"authGoodGame"
8970565,"authYay"
8970565,"authMad"
8970565,"authCry"
8970565,"authW"
8970565,"authBubsette"
8970565,"authAlert"
8970565,"authPears"
8970565,"authNoPuns"
8970565,"authGenius"
8970565,"authAYAYA"
8970565,"authMoney"
8970565,"authGG"
8970565,"authBubsy1"
8970565,"authBubsy2"
8970565,"authHYPERPET"
8970565,"authPOP"
8970565,"authStan"
8970565,"authEyBoss"
8970565,"authNoises"
9000092,"nexxxSub"
9000092,"nexxxWayne"
9000092,"nexxxEasy"
9000092,"nexxxP"
9000092,"nexxxRigged"
9000092,"nexxx60"
9000092,"nexxxRip"
9000092,"nexxxChke"
9000092,"nexxxYAGA"
9000092,"nexxxGG"
9000092,"nexxxMvp"
9000092,"nexxxBomb"
9000092,"nexxxTrash"
9000092,"nexxxHype"
9000092,"nexxxKillem"
9000092,"nexxxLG"
9000092,"nexxxShootBack"
9000092,"nexxxSubHype2"
9000092,"nexxxCBwig"
9000092,"nexxxPartyPapa"
9000092,"nexxxWheel"
9000092,"nexxx55"
9017358,"mikelatAeon"
9017358,"mikelatSensual"
9017358,"mikelatKek"
9017358,"mikelatCommando"
9017358,"mikelatLuv"
9017358,"mikelatBoomer"
9017358,"mikelatShocked"
9017358,"mikelatSquibby"
9017358,"mikelatDed"
9017358,"mikelatBased"
9042828,"t380KIt"
9042828,"t380Ohhh"
9042828,"t380Fam"
9042828,"t380Word"
9042828,"t380NoProb"
9042828,"t380RB"
9042828,"t380Woah"
9042828,"t380Ay"
9042828,"t380Sing"
9042828,"t380Keke"
9042828,"t380Man"
9042828,"t380Huh"
9042828,"t380Kiki"
9042828,"t380Ha"
9042828,"t380Tgbg"
9042828,"t380Oof"
9042828,"t380Ricky"
9042828,"t380Wat"
9042828,"t380SG"
9042828,"t380Aye"
9042828,"t380Ohno"
9042828,"t380RJ"
9042828,"t380Sb"
9042828,"t380Luv"
9042828,"t380Respect"
9042828,"t380Gasm"
9042828,"t380Kiss"
9042828,"t380Snatch"
9042828,"t380Cap"
9042828,"t380Wtf"
9042828,"t380Yerrr"
9042828,"t380Tea"
9042828,"t380Yikes"
9042828,"t380Sigh"
9042828,"t380Wow"
9042828,"t380Sad"
9042828,"t380Bruh"
9042828,"t380Smmdh"
9042828,"t380Stare"
9042828,"t380Uhhuh"
9042828,"t380Elmo1"
9042828,"t380Really"
9044124,"usteppinHelmet"
9044124,"usteppinSalute"
9044124,"usteppinKill"
9044124,"usteppinFist"
9044124,"usteppinEngineer"
9044124,"usteppinGunner"
9044124,"usteppinScout"
9044124,"usteppinDriller"
9044124,"usteppinLove"
9044124,"usteppinDeath"
9044124,"usteppinTrophy"
9044124,"usteppinCheers"
9044124,"usteppinLoot"
9044124,"usteppinMaggot"
9044124,"usteppinMaggotFungus"
9044124,"usteppinMaggotAzure"
9044124,"usteppinMaggotHollow"
9044124,"usteppinMaggotMagma"
9044124,"usteppinSmartStout"
9044124,"usteppinBlackreachBlonde"
9044124,"usteppinFlintlockesDelight"
9044124,"usteppinGlyphidSlammer"
9044124,"usteppinGG"
9044124,"usteppinBlackoutStout"
9044124,"usteppinSteeve"
9044124,"usteppinLootBug"
9044124,"usteppinCaveAngel"
9044124,"usteppinBulkDetonator"
9044124,"usteppinLeech"
9044124,"usteppinSteeveDead"
9044124,"usteppinLootBugRave"
9044124,"usteppinStepDaddy"
9044124,"usteppinSteeveSlide"
9044124,"usteppinBulkDetonatorShake"
9044124,"usteppinLunacarry"
9044124,"usteppinLoveRave"
9044124,"usteppinQuake"
9044124,"usteppinCaveAngelSpin"
9044124,"usteppinBrimstone"
9049063,"riivGasm"
9049063,"riivBlind"
9049063,"riivTRito"
9049063,"riivRave"
9049063,"riivSmerk"
9049063,"riivCLAPPERS"
9049063,"riivOMT"
9049063,"riivRito"
9049063,"riivThink"
9049063,"riivLeave"
9049063,"riivBean"
9049063,"riivWhy"
9049063,"riivAHHHH"
9049063,"riivSneak"
9049063,"riivG"
9049063,"riivPlz"
9049063,"riivCheeks"
9049063,"riivNuggies"
9049063,"riivCry"
9049063,"riivDance"
9049063,"riivSayItToMyFace"
9049063,"riivFPalm"
9049063,"riivDed"
9049063,"riivXD"
9049063,"riivLaugh"
9049063,"riivDerp"
9049063,"riivLook"
9049063,"riiv5000"
9049063,"riivWut"
9049063,"riivAngry"
9066496,"gigzJR"
9066496,"gigzPOG"
9066496,"gigzHO"
9066496,"gigzK"
9066496,"gigzBRAIN"
9066496,"gigzM"
9066496,"gigz7"
9066496,"gigzCHAP"
9066496,"gigzEZ"
9066496,"gigzSI"
9066496,"gigzLEWD"
9066496,"gigzT1G"
9066496,"gigzCHAPG"
9066496,"gigzBAIT"
9066496,"gigzWEIRD"
9066496,"gigzDERP"
9066496,"gigzGIFT"
9066496,"gigzCOMFY"
9066496,"gigzCRY"
9066496,"gigzH"
9066496,"gigzHUH"
9066496,"gigzSIP"
9066496,"gigzSMUG"
9066496,"gigzWANT"
9066496,"gigzSPY"
9066496,"gigzRAGE"
9066496,"gigzHOWDY"
9066496,"gigzGG"
9066496,"gigzBG"
9066496,"gigzA"
9066496,"gigzSALT"
9066496,"gigzGASM"
9066496,"gigz1"
9066496,"gigz2"
9066496,"gigz3"
9066496,"gigz4"
9066496,"gigzHMM"
9066496,"gigzWAVE"
9066496,"gigzTA"
9066496,"gigzG"
9066496,"gigzCOP"
9066496,"gigzJ"
9066496,"gigzKFC"
9066496,"gigzC"
9066496,"gigzP"
9066496,"gigzAY"
9066496,"gigzWTF"
9066496,"gigzWHY"
9066496,"gigzR2"
9066496,"gigzBIG"
9066496,"gigzSNOZZER"
9066496,"gigzWUT"
9066496,"gigzR1"
9066496,"gigzBLAST"
9066496,"gigzR3"
9066496,"gigzMMM"
9092112,"feliciaHype"
9092112,"feliciaRaid"
9092112,"feliciaDeer"
9092112,"feliciaCreep"
9092112,"feliciaOoh"
9092112,"feliciaChew"
9092112,"feliciaElbows"
9092112,"feliciaSub"
9092112,"feliciaLove"
9092112,"feliciaWave"
9092112,"feliciaBottle"
9092112,"feliciaCrying"
9092112,"feliciaBOY"
9092112,"feliciaFine"
9092112,"feliciaRocketSoup"
9092112,"feliciaScrub"
9092112,"feliciaBears"
9092112,"feliciaJeff"
9092112,"feliciaPucker"
9092112,"feliciaRyon"
9092112,"feliciaBanana"
9092112,"feliciaTrashed"
9092112,"feliciaLess"
9092112,"feliciaLimit"
9092112,"feliciaTeam"
9092112,"feliciaTouch"
9092112,"feliciaCrown"
9092112,"feliciaLit"
9092112,"feliciaKinga"
9092112,"feliciaCodex"
9092112,"feliciaTallis"
9092112,"feliciaPeace"
9092112,"feliciaBye"
9092112,"feliciaFruit"
9092112,"feliciaBlingheart"
9092112,"feliciaBlingyeah"
9092112,"feliciaBlinghype"
9092112,"feliciaElbowsbling"
9092112,"feliciaRaidbling"
9092112,"feliciaCherry"
9092112,"feliciaPog"
9092112,"feliciaAmy"
9092112,"feliciaBoom"
9092112,"feliciaGranny"
9092112,"feliciaRage"
9092112,"feliciaSave"
9092112,"feliciaSoAngry"
9092112,"feliciaToronto"
9092112,"feliciaYEAH"
9092112,"feliciaKappa"
9092112,"feliciaASMR"
9092112,"feliciaWhiffle"
9092112,"feliciaHeal"
9092112,"feliciaHeart"
9092112,"feliciaBabyani"
9092112,"feliciaHoomanani"
9092112,"feliciaCreeperani"
9092112,"feliciaFIRE"
9092112,"feliciaElbowsani"
9092112,"feliciaFace"
9092112,"feliciaHeartani"
9106364,"udukiMinami"
9106364,"udukiMiyu"
9106364,"udukiMelon"
9106364,"udukiPuku"
9106364,"udukiHajime"
9150696,"servBulma"
9150696,"servJill"
9150696,"servMegamanx"
9150696,"servChargeshot"
9150696,"servX2"
9150696,"servAkumi"
9150696,"servAkuma"
9150696,"servLOVE"
9150696,"servMai"
9150696,"servHeart"
9150696,"servKakarotto"
9150696,"servWindmill"
9150696,"servFunny"
9150696,"servSmile"
9150696,"servDio"
9150696,"servAqua"
9150696,"servLOL"
9150696,"servHI"
9150696,"servHadouken"
9150696,"servHYPE"
9150696,"servGG"
9150696,"servBuu"
9150696,"servCool"
9150696,"servCoindrop"
9150696,"servTips"
9173550,"atkZed"
9173550,"atkWaifuu"
9173550,"atkWaif"
9173550,"atkEs"
9173550,"atkNong"
9173550,"atkTroll"
9173550,"atkF"
9173550,"atkC"
9173550,"atkDink"
9173550,"atkChan"
9173550,"atkChat"
9173550,"atkNoted"
9173550,"atkWut"
9173550,"atkSad"
9173550,"atkSniffa"
9173550,"atkSus"
9173550,"atkHmm"
9173550,"atkB"
9173550,"atkOk"
9173550,"atkHeh"
9173550,"atkDed"
9173550,"atkDeath"
9173550,"atkS"
9173550,"atkHeart"
9173550,"atkHrm"
9173550,"atkRave"
9173550,"atkMad"
9173550,"atkOld"
9173550,"atkHi"
9173550,"atkDes"
9192736,"dekillFREAKEDIT"
9192736,"dekillTears"
9192736,"dekill2hu"
9192736,"dekillASoul"
9192736,"dekillHan"
9192736,"dekillMay"
9192736,"dekillNo"
9192736,"dekillCHEST"
9192736,"dekillRelaxed"
9192736,"dekillSlowku"
9192736,"dekillBruh"
9192736,"dekillBand"
9192736,"dekillSmug"
9192736,"dekillClown"
9192736,"dekillTwoHu"
9192736,"dekillAyaya"
9192736,"dekillRobo"
9192736,"dekillGrip"
9192736,"dekillLapis"
9192736,"dekillExplode"
9192736,"dekillNoo"
9192736,"dekillPlan"
9192736,"dekillMonke"
9192736,"dekillShangTsung"
9192736,"dekillDarkTRUNKS"
9192736,"dekillMix"
9192736,"dekillKermit"
9192736,"dekillAbella"
9192736,"dekillT"
9192736,"dekillXH"
9192736,"dekillGGsJames"
9192736,"dekillPuncher"
9192736,"dekillSqrt"
9192736,"dekillMixer"
9192736,"dekillMoney"
9192736,"dekillSerious"
9192736,"dekillGripped"
9192736,"dekillTwelve"
9192736,"dekillBeginner"
9192736,"dekillAnnie"
9192736,"dekillMixy"
9200296,"sliced1Lime"
9200296,"sliced1Thinking"
9200296,"sliced1Hhh"
9200296,"sliced1Yay"
9200296,"sliced1Raid"
9200296,"sliced1Emerald"
9200296,"sliced1Diamond"
9200296,"sliced1Champ"
9200296,"sliced1Luck"
9200296,"sliced1Heartless"
9200296,"sliced1Lavebucket"
9201655,"crybosShell"
9201655,"crybosDaisy"
9201655,"crybosLindZ"
9201655,"crybosMidna"
9201655,"crybosD"
9201655,"crybosM"
9235733,"jackSAD"
9235733,"jackHUG"
9235733,"jackZZZ"
9235733,"jackLEWD"
9235733,"jackTROLL"
9235733,"jackHEY"
9235733,"jackLOVE"
9235733,"jackOOPS"
9235733,"jackTHULU"
9235733,"jackJULIA"
9235733,"jackBLANK"
9235733,"jackMUTE"
9235733,"jackLURK"
9235733,"jackFINE"
9235733,"jackWUT"
9235733,"jackPLIGHT"
9235733,"jackLIGHT"
9235733,"jackLIT"
9235733,"jackBLIGHT"
9235733,"jackYUP"
9235733,"jackLUL"
9235733,"jackHMM"
9235733,"jackGASM"
9235733,"jackFAIL"
9235733,"jackBAD"
9235733,"jackPRIDE"
9244832,"timmacPOG"
9244832,"timmacB"
9244832,"timmacGB"
9244832,"timmacCRINGE"
9244832,"timmacBABY"
9244832,"timmacNO"
9244832,"timmacGF"
9244832,"timmacPG"
9244832,"timmacPRIME"
9244832,"timmacLAUGH"
9244832,"timmacBLIND"
9244832,"timmacMM"
9244832,"timmacH"
9244832,"timmacHC"
9244832,"timmacLEAN"
9244832,"timmacGOLD"
9244832,"timmacUGH"
9244832,"timmacWHAT"
9244832,"timmacSILVER"
9244832,"timmacBEG"
9244832,"timmacLURK"
9244832,"timmac10"
9244832,"timmacASMR"
9244832,"timmacBAN"
9244832,"timmacBARF"
9244832,"timmacCRY"
9244832,"timmacDERP"
9244832,"timmacEAT"
9244832,"timmacFP"
9244832,"timmacG"
9244832,"timmacHANDS"
9244832,"timmacHMM"
9244832,"timmacHUG"
9244832,"timmacHYPE"
9244832,"timmacJAIL"
9244832,"timmacLEWD"
9244832,"timmacLICK"
9244832,"timmacLIST"
9244832,"timmacLUL"
9244832,"timmacNERD"
9244832,"timmacRAGE"
9244832,"timmacREKT"
9244832,"timmacRIP"
9244832,"timmacRNG"
9244832,"timmacROB"
9244832,"timmacS"
9244832,"timmacSHRUG"
9244832,"timmacSMART"
9244832,"timmacSPELL"
9244832,"timmacSUFFER"
9244832,"timmacCOZY"
9244832,"timmacT"
9244832,"timmacTHINK"
9244832,"timmacTU"
9244832,"timmacWEIRD"
9244832,"timmacMACK"
9244832,"timmacL"
9244832,"timmacCIGRIP"
9244832,"timmacDANCE"
9244832,"timmacWALK"
9244832,"timmacF"
9244832,"timmacWIGGLE"
9244832,"timmacKAPPA"
9244832,"timmacSALUTE"
9244832,"timmacLIT"
9244832,"timmacE"
9244832,"timmacHI"
9244832,"timmacGOMER"
9244832,"timmacPAUSE"
9244832,"timmacPOTATO"
9244832,"timmacHS"
9244832,"timmacCLAP"
9244832,"timmacD"
9244832,"timmacM"
9244832,"timmacEZ"
9248446,"kamSass"
9248446,"kamRage"
9248446,"kamCracked"
9248446,"kamSleep"
9248446,"kamLove"
9248446,"kamWave"
9248446,"kamMegacracked"
9248446,"kamHands"
9248446,"kamHalo"
9248446,"kamEats"
9248446,"kamLOL"
9248446,"kamGG"
9248446,"kamBiglove"
9248446,"kamCry"
9248446,"kamBETTER"
9266454,"temireWhat"
9266454,"temireFish"
9266454,"temireMad"
9266454,"temirePog"
9266454,"temireLook"
9266454,"temireEgg"
9266454,"temireSad"
9266454,"temireWave"
9266454,"temirePanic"
9266454,"temireOhNo"
9266454,"temireNote"
9266454,"temireFear"
9266454,"temireClap"
9266454,"temireLurk"
9266454,"temireLove"
9266454,"temireHyperClap"
9266454,"temireLUL"
9266454,"temireJAM"
9281788,"czefLove"
9281788,"czefSadKoopa"
9281788,"czefWAHAHA"
9281788,"czefKongoS"
9281788,"czefHehe"
9281788,"czefGrease"
9281788,"czefComfy"
9281788,"czefFat"
9281788,"czefBatButt"
9281788,"czefBats"
9281788,"czefWhy"
9281788,"czefHeh"
9281788,"czef200IQ"
9281788,"czefEZPZ"
9281788,"czefWOO"
9281788,"czefCHEESE"
9281788,"czefSmugBat"
9281788,"czefUhhhhhhhhhhhhhhhhhhh"
9281788,"czefLOL"
9281788,"czefStopPosting"
9281788,"czefAngery"
9281788,"czefBowz"
9281788,"czefYuck"
9281788,"czefCOME"
9281788,"czefHi"
9281788,"czefCheers"
9281788,"czefDeleta"
9281788,"czefSipPet"
9281788,"czefAWAKENED"
9281788,"czefBigDoinks"
9281788,"czefLETSGO"
9320526,"marnHUH"
9320526,"marnGIO"
9320526,"marnONE"
9320526,"marnNUMBER"
9320526,"marnWTF"
9320526,"marnGANG"
9320526,"marnFREE"
9320526,"marnMIB"
9320526,"marnEP"
9320526,"marnUHH"
9333103,"wals2dWals2dingue"
9333103,"wals2dRip"
9333103,"wals2dSub"
9333103,"wals2dGg"
9333103,"wals2dBan"
9333103,"wals2dHype"
9333103,"wals2dSalut"
9333103,"wals2dTasditquoi"
9333103,"wals2dMdr"
9333103,"wals2dBonnenuit2"
9333103,"wals2dLove"
9333103,"wals2dCry"
9333103,"wals2dSubgift"
9333103,"wals2dResub"
9333103,"wals2dChoque"
9333103,"wals2dOof"
9345718,"fenW"
9345718,"fenBoomer"
9345718,"fenGasm"
9345718,"fenKiss"
9345718,"fenPog"
9345718,"fenD"
9345718,"fenCry"
9345718,"fenNom"
9345718,"fenFlooshed"
9345718,"fenNiceTry"
9345718,"fenJam"
9345718,"fenHeart"
9345718,"fenPout"
9345718,"fenGG"
9345718,"fenAYAYA"
9345718,"fenShrug"
9345718,"fenDerp"
9345718,"fenCozy"
9345718,"fenBooty"
9345718,"fenLurk"
9345718,"fenLol"
9345718,"fenComfies"
9345718,"fenNo"
9345718,"fenYes"
9345718,"fenBlind"
9345718,"fenEEE"
9345718,"fenFine"
9345718,"fenKnife"
9345718,"fenS"
9345718,"fenCheer"
9345718,"fenPuppy"
9345718,"fenBlush"
9345718,"fenThirsty"
9345718,"fenSmug"
9345718,"fenBonk"
9345718,"fenHug"
9345718,"fenAngy"
9345718,"fenBOOBA"
9345718,"fenGift"
9345718,"fenLove"
9345718,"fenThinking"
9345718,"fenHey"
9345718,"fenBongo"
9345718,"fenBless"
9345718,"fenWink"
9345718,"fenPat"
9345718,"fenSigh"
9345718,"fenUhh"
9345718,"fenShy"
9345718,"fenDetective"
9345718,"fenNote"
9345718,"fenSip"
9345718,"fenYum"
9405497,"fgcfabinhoFicha"
9405497,"fgcfabinhotreta"
9405497,"fgcfabinhovei"
9405497,"fgcfabinhoRrr"
9405497,"fgcfabinhoFui"
9405497,"fgcfabinhoZANG"
9405497,"fgcfabinhoLMAO"
9405497,"fgcfabinhoEU"
9405497,"fgcfabinhoGrrr"
9405497,"fgcfabinhoGrrrr"
9405497,"fgcfabinhoNeh"
9405497,"fgcfabinhoYehaaaa"
9405497,"fgcfabinhoHumm"
9411955,"helWeeb"
9411955,"helLUL"
9411955,"helEgg"
9411955,"helSuction"
9411955,"helP"
9411955,"helWut"
9411955,"helBrain"
9411955,"helYar"
9411955,"helFocus"
9411955,"helS"
9411955,"helH"
9411955,"helSD"
9411955,"helPME"
9411955,"helEntropy"
9411955,"helHi"
9411955,"helA"
9411955,"helHyper"
9411955,"helKona"
9411955,"helTime"
9411955,"helBang"
9411955,"helGoat"
9411955,"helSmile"
9426622,"cottonwLearn"
9426622,"cottonwBooba"
9426622,"cottonwSalute"
9426622,"cottonwCry"
9426622,"cottonwScream"
9426622,"cottonwSweat"
9426622,"cottonwStop"
9426622,"cottonwSmug"
9426622,"cottonwUWU"
9426622,"cottonwWow"
9426622,"cottonwFlex"
9426622,"cottonwSleep"
9426622,"cottonwMonka"
9426622,"cottonwGasm"
9426622,"cottonwBless"
9426622,"cottonwHeart"
9426622,"cottonwGrab"
9426622,"cottonwBooli"
9426622,"cottonwHands"
9426622,"cottonwF1"
9426622,"cottonwF2"
9426622,"cottonwF3"
9426622,"cottonwF4"
9426622,"cottonwYep"
9426622,"cottonwJam"
9426622,"cottonwHUHH"
9426622,"cottonwPonder"
9426622,"cottonwPat"
9426622,"cottonwDance"
9426622,"cottonwSmile"
9426622,"cottonwPout"
9426622,"cottonwCheer"
9426622,"cottonwPlead"
9426622,"cottonwTehe"
9426622,"cottonwDead"
9426622,"cottonwLaff"
9426622,"cottonwCash"
9426622,"cottonwPeck"
9426622,"cottonwYOU"
9426622,"cottonwPog"
9426622,"cottonwPls"
9426622,"cottonwEZ"
9426622,"cottonwLetsGo"
9426622,"cottonwCorpa"
9456480,"apicklesGgrimu"
9456480,"apicklesDegenerategamer"
9456480,"apicklesHappy"
9456480,"apicklesSad"
9456480,"apicklesOhdear"
9456480,"apicklesBobatime"
9456480,"apicklesClown"
9456480,"apicklesFoodcoma"
9456480,"apicklesJoystick"
9456480,"apicklesBeesting"
9460020,"kishLOVE"
9460020,"kishFAIL"
9460020,"kishYOLO"
9460020,"kishOK"
9460020,"kishPRIDE"
9460020,"kishSALT"
9460020,"kishBLESS"
9460020,"kishDAB"
9460020,"kishGASM"
9460020,"kishMEX"
9460020,"kishRAGE"
9460020,"kishDEAL"
9460020,"kishAHH"
9460020,"kishMONKAS"
9460020,"kishSHY"
9460020,"kishHOLA"
9460020,"kishGG"
9460020,"kishOMG"
9460020,"kishCRY"
9460020,"kishRIP"
9460020,"kishBITS"
9460020,"kishLOL"
9460020,"kishMAREO"
9460020,"kishGOL"
9460020,"kishOPS"
9460020,"kishSLEEP"
9460020,"kishNICE"
9460020,"kishBAILE"
9460020,"kishHYPE"
9486879,"hlmcEnojado"
9486879,"hlmcFacepalm"
9486879,"hlmcKatarnhola"
9486879,"hlmcLoco"
9486879,"hlmcAsustado"
9486879,"hlmcWow"
9486879,"hlmcKatarnlore"
9486879,"hlmcOknt"
9486879,"hlmcDuda"
9486879,"hlmcPayaso"
9486879,"hlmcSad"
9486879,"hlmcCringe"
9486879,"hlmcStonks"
9486879,"hlmcTatanka"
9486879,"hlmcHype"
9486879,"hlmcSaludo"
9486879,"hlmcAsco"
9486879,"hlmcOk"
9486879,"hlmcNostonks"
9528182,"chilledNUT"
9528182,"chilledKiss"
9528182,"chilledItalian"
9528182,"chilledTiff"
9528182,"chilledWut"
9528182,"chilledToilet"
9528182,"chilledYes"
9528182,"chilledNo"
9528182,"chilledMonkaS"
9528182,"chilledLove"
9528182,"chilledLmao"
9528182,"chilledDense"
9528182,"chilledDolan"
9528182,"chilledGooby"
9528182,"chilledTrain"
9528182,"chilledMlady"
9528182,"chilledBrain"
9528182,"chilledLobster"
9528182,"chilledTort"
9528182,"chilledLobster3"
9528182,"chilledLove3"
9528182,"chilledKiss3"
9528182,"chilledKiss2"
9528182,"chilledLobster2"
9528182,"chilledLove2"
9528182,"chilledO7"
9528182,"chilledSus"
9528182,"chilledOMD"
9528182,"chilledLol"
9528182,"chilledGun"
9528182,"chilledGun3"
9528182,"chilledLul"
9528182,"chilledNUT2"
9528182,"chilledPOG"
9528182,"chilledRIP3"
9528182,"chilledDab"
9528182,"chilledRIP"
9528182,"chilledRIP2"
9528182,"chilledSmile"
9528182,"chilledPOGGERS"
9528182,"chilledSadge"
9528182,"chilledBUFF"
9528182,"chilledGAH"
9528182,"chilledNUGGIE"
9528182,"chilledCLAP"
9528182,"chilledGREED"
9528182,"chilledSNIPER"
9528182,"chilledBURGER"
9528182,"chilledKING"
9528182,"chilledCOPIUM"
9528182,"chilledWINNER"
9528182,"chilledDINOR"
9528182,"chilledGAMBA"
9528182,"chilledRIOT"
9528182,"chilledRICE"
9528182,"chilledREX"
9528182,"chilledTHERAPY"
9528182,"chilledTHELIST"
9528182,"chilledEYES"
9528182,"chilledLOLA"
9528182,"chilledSPRAY"
9528182,"chilledHAMPTER"
9528182,"chilledSIT"
9528182,"chilledDANCE"
9528182,"chilledMONKEY"
9528182,"chilledBAN"
9528182,"chilledJAMMIES"
9528182,"chilledPIE"
9528182,"chilledNARC"
9528182,"chilledGUTTERS"
9528182,"chilledTREAT"
9528182,"chilledGOONIS"
9528182,"chilledHEART"
9528182,"chilledBOO"
9528182,"chilledDINOL"
9551546,"psykenLUL"
9551546,"psykenShrug"
9551546,"psykenRage"
9551546,"psykenNo"
9551546,"psykenThink"
9551546,"psykenGold"
9551546,"psykenEvil"
9551546,"psykenCord"
9551546,"psykenGun"
9551546,"psykenTea"
9551546,"psykenRip"
9551546,"psykenLurk"
9551546,"psykenZZZ"
9551546,"psykenWave"
9551546,"psykenSmug"
9551546,"psykenS"
9551546,"psykenGG"
9551546,"psykenGGB"
9551546,"psykenGG2"
9551546,"psykenLove"
9551546,"psykenGasm"
9551546,"psykenCry"
9551546,"psykenHuh"
9551546,"psykenDuck"
9551546,"psykenNani"
9551546,"psykenLevi"
9551546,"psykenGrin"
9582125,"rm9Fish"
9582125,"rm9Spike"
9582125,"rm9Fisheye"
9582125,"rm9Fishcry"
9582125,"rm9Crouch"
9582125,"rm9Question"
9582125,"rm9Coin"
9582125,"rm9Pogchamp"
9582125,"rm9Rmrm"
9582125,"rm9Okkkk"
9582125,"rm9Roll"
9582125,"rm9Rush"
9582125,"rm9Zoh"
9582125,"rm9GM9"
9582125,"rm9Right"
9582125,"rm9Rmfall"
9582125,"rm9Face"
9582125,"rm9Medusa"
9582125,"rm9Gold"
9582125,"rm9Wut"
9582261,"swolfSalute"
9582261,"swolfFeels"
9582261,"swolfLike"
9582261,"swolfChill"
9582261,"swolfWave"
9582261,"swolfEZ"
9582261,"swolfPray"
9582261,"swolfGrin"
9582261,"swolfF"
9582261,"swolfNug2"
9582261,"swolfNut"
9582261,"swolfFried"
9582261,"swolfKuso"
9582261,"swolfBleh"
9582261,"swolfClench"
9582261,"swolfW"
9582261,"swolfNug"
9582261,"swolfSmug"
9582261,"swolfPetTheBeaver"
9582261,"swolfStare"
9582261,"swolfDone"
9582261,"swolfMeltdown"
9582261,"swolfLeave"
9582261,"swolfShines"
9582261,"swolfMad"
9582261,"swolfHyperBleh"
9582750,"tafoClutch"
9582750,"tafoPyramid"
9582750,"tafoO"
9582750,"tafoZ"
9582750,"tafoS"
9582750,"tafoT"
9582750,"tafoF"
9582750,"tafoKO"
9582750,"tafoWaifu"
9582750,"tafoTspin"
9582750,"tafoLine"
9582750,"tafoJ"
9582750,"tafoL"
9582750,"tafoPuyoRed"
9582750,"tafoCrashGem"
9582750,"tafoDiamond"
9582750,"tafoSilver"
9582750,"tafoGold"
9582750,"tafoW"
71336,"rbzDuckA"
71336,"rbzDnfA"
140658,"fnaticHylissang"
140658,"fnaticUpset"
140658,"fnaticMistic"
286758,"rinnyDab"
286758,"rinnySip"
286758,"rinnySweat"
286758,"rinnyAww"
286758,"rinnyAyy"
286758,"rinnyNotes"
286758,"rinnyRage"
286758,"rinnyAyaya"
286758,"rinnyIsfine"
286758,"rinnyPeek"
286758,"rinnyLove"
286758,"rinnyPwease"
286758,"rinnyBonk"
286758,"rinnyTears"
286758,"rinnyF"
296682,"cousRage"
296682,"cousBlessed"
391674,"dedoBean"
391674,"dedoSubhype"
391674,"dedoGG"
391674,"dedoLIT"
477897,"ilyterrorPrinter"
477897,"ilyterrorRollup"
1325611,"arkJacked"
1325611,"arkHood"
1325611,"arkFace"
1325611,"arkDoge"
1325611,"arkHype"
1325611,"arkTikFox"
1626803,"grimfaThump"
1626803,"grimfaRee"
1626803,"grimfaNO"
1626803,"grimfaHmm"
1626803,"grimfaRret"
2000180,"tougieSmoot"
2000180,"tougieDeedz"
2128782,"krazyCry"
2128782,"krazyPew"
2261919,"crreamChad"
2305215,"bartgeoOfete"
2426254,"scyNaaru"
2426254,"scyCrud"
2426254,"scyZeph"
2426254,"scyWalrus"
2426254,"scyDuck"
2426254,"scyKohbruh"
2426254,"scyWAHEY"
2426254,"scyHoldB"
2426254,"scyDerp"
2426254,"scyYoshi"
2426254,"scyTongue"
2426254,"scyCry"
2426254,"scyCrow"
2426254,"scyCleby"
2426254,"scyBirdy"
2426254,"scyBear"
2426254,"scyWhy"
2426254,"scyHoldA"
3286344,"dorrPB"
3666651,"x0rWiggle"
3666651,"x0rYoink"
3818382,"savyulQI"
3818382,"savyulBASTA"
3818382,"savyulTron"
3818382,"savyulChegi"
3818382,"savyulCute"
3818382,"savyulDim"
3818382,"savyulGg"
3818382,"savyulLetsgo"
3818382,"savyulShark"
3818382,"savyulLamaschera"
3818382,"savyulPinna"
3818382,"savyulPresidente"
3818382,"savyulWow"
3818382,"savyulScoteca"
3818382,"savyulAngry"
3818382,"savyulSqualo"
3818382,"savyulSucco"
3818382,"savyulTriglia"
3818382,"savyulVUAII"
3818382,"savyulLadyshark"
3818382,"savyulQuestafaccia"
3832093,"cau7ioNWET"
3832093,"cau7ioNwut"
3832093,"cau7ioNEGO"
3832093,"cau7ioNLove"
3832093,"cau7ioNWUT"
3832093,"cau7ioNut"
3832093,"cau7ioNHappy"
3832093,"cau7ioNStonks"
3832093,"cau7ioNSlothPitt"
3832093,"cau7ioN3rdParty"
3832093,"cau7ioNEZ"
3832093,"cau7ioNRage"
3832093,"cau7ioNLurk"
3832093,"cau7ioNMonos"
3832093,"cau7ioNnervous"
3832093,"cau7ioNBONK"
3832093,"cau7ioNSass"
3832093,"cau7ioN5Head"
3832093,"cau7ioNBitesLip"
3832093,"cau7ioNHmm"
3832093,"cau7ioNREVSLEEPER"
3832093,"cau7ioNHOT2"
3832093,"cau7ioNHOT1"
3832093,"cau7ioNSmoke"
3832093,"cau7ioNNade"
3832093,"cau7ioNClown"
5313783,"fnatvHibrother"
5313783,"fnatvGameboy"
6056236,"justcmeVN"
6056236,"justcmeRocket"
6485138,"parkzerElfR"
6485138,"parkzerElfPat"
6485138,"parkzerIsFine"
6485138,"parkzerFirefighter"
6485138,"parkzerPeek"
6485138,"parkzerElfL"
6659366,"brettuPaper"
6659366,"brettuNoBooli"
6659366,"brettuTail"
6663444,"clinksNandi"
6804133,"magsTASHL"
6804133,"magsTASHR"
6958615,"honzoWarband"
7176704,"ghostkaiWut"
7176704,"ghostkaiSmiley"
7176704,"ghostkaiNoWAY"
7176704,"ghostkaiHype"
7176704,"ghostkaiRIP"
7176704,"ghostkaiGolden"
7176704,"ghostkai1010"
7236692,"danYap"
7236692,"dan3"
7236692,"dan5"
7236692,"dan1"
7236692,"dan4"
7236692,"dan2"
7236692,"danAww"
7236692,"danSTEER"
7236692,"danOMG"
7313723,"chitaiPixel"
7334218,"shwabaGarbage"
7334218,"shwabaFace"
7382907,"csmooveRul"
7382907,"csmooveSCC"
7382907,"csmooveMap"
7382907,"csmooveSpl2"
7382907,"csmooveLeGM"
7382907,"csmooveHa4"
7382907,"csmooveTea"
7382907,"csmooveLob"
7382907,"csmooveBS"
7382907,"csmooveHa3"
7382907,"csmooveMo"
7382907,"csmooveMan"
7382907,"csmooveHa2"
7382907,"csmooveChe"
7382907,"csmooveMat"
7382907,"csmoovePack"
7382907,"csmooveEye"
7382907,"csmooveMG"
7382907,"csmooveSpl"
7382907,"csmooveMGT"
7382907,"csmooveQuit"
7382907,"csmooveHip"
7382907,"csmooveSM"
7382907,"csmooveHa"
7382907,"csmooveReg"
7382907,"csmooveVEVO"
7382907,"csmooveChoir2"
7382907,"csmooveMur"
7382907,"csmooveCuh"
7382907,"csmooveMC"
7382907,"csmooveChoir"
7402190,"auroralYuko"
2497,"tzlvDESPAIR"
2497,"tzlvZAP"
2497,"tzlvRICH"
2497,"tzlvBOXING"
2497,"tzlvJUICE"
2497,"tzlvMOOD"
2497,"tzlvGUN"
2497,"tzlvCAT"
2497,"tzlvPEEPO"
2497,"tzlvICECREAM"
2497,"tzlvHYPNO"
2497,"tzlvBUSSIN"
2497,"tzlvCD"
505017,"mpliveCold"
505017,"mpliveBravo"
505017,"mpliveTshirt"
505017,"mpliveGg"
505017,"mpliveKalp"
505017,"mpliveKizgin"
505017,"mpliveUzgun"
505017,"mpliveGolaso"
505017,"mpliveEkip"
505017,"mpliveRenk"
505017,"mpliveNo"
505017,"mpliveGeralt"
505017,"mpliveHi"
505017,"mpliveYes"
588408,"robbydTexture"
783586,"deefizSussy"
2921872,"shesA"
2921872,"shes20"
2921872,"shes100"
2921872,"shesHuh"
2921872,"shesCop"
2921872,"shes3d"
2921872,"shesSam"
2921872,"shesGentil"
2921872,"shesFort"
2921872,"shesBack"
2921872,"shesSWAG"
2921872,"shesKFC"
2921872,"shesSO6"
2921872,"shesDROP"
2921872,"shesPLS"
3091868,"chu2TTWaifu"
3091868,"chu2Wao"
3091868,"chu2TAIGA"
3091868,"chu2Best"
3091868,"chu2Rekt"
3091868,"chu2PLAN"
3091868,"chu2PLANB"
3091868,"chu2Pls"
3091868,"chu2Lurk"
3091868,"chu2ZR"
3091868,"chu2GET"
3102991,"axialSharkheart"
3183629,"royalFing"
3191486,"steparuOmg"
3228786,"flikstrrHmm"
3228786,"flikstrrSwipeLeft"
3228786,"flikstrrTuddle"
3228786,"flikstrrMic"
3228786,"flikstrrLurk"
3228786,"flikstrrJareth"
3228786,"flikstrrCatMan"
3228786,"flikstrrWow"
3228786,"flikstrrSaiyan"
3228786,"flikstrrDropped"
3228786,"flikstrrHorns"
3228786,"flikstrrRIP"
3228786,"flikstrrPaint"
3228786,"flikstrrTopGun"
3228786,"flikstrrBlahBlah"
3228786,"flikstrrEhh"
3228786,"flikstrrTroll"
3228786,"flikstrrCreepLove"
3228786,"flikstrrRage"
3228786,"flikstrrRigged"
3228786,"flikstrrGiggle"
3228786,"flikstrrLikLik"
3228786,"flikstrrArgh"
3228786,"flikstrrRD"
3228786,"flikstrrTareahBlush"
3228786,"flikstrrFacepalm"
3228786,"flikstrrFeels"
3228786,"flikstrrRock"
3228786,"flikstrrShoop"
3228786,"flikstrrLul"
3228786,"flikstrrReally"
3228786,"flikstrrSalt"
3228786,"flikstrrHi"
3228786,"flikstrrHeadbang"
3228786,"flikstrrHug"
3228786,"flikstrrSpiffing"
3228786,"flikstrrAwooga"
3228786,"flikstrrCry"
3228786,"flikstrrSass"
3228786,"flikstrrNani"
3228786,"flikstrrWork"
3228786,"flikstrrGrill"
3228786,"flikstrrOld"
3228786,"flikstrrITSFINE"
3332786,"snooFire"
3332786,"snooCat"
3332786,"snooTardigrade"
3668560,"bbrPancake"
3668560,"bbrDab"
3668560,"bbrRip"
3668560,"bbrManup"
3668560,"bbrYes"
3668560,"bbrRage"
3668560,"bbrSavage"
3668560,"bbrWatchOut"
3668560,"bbrGasm"
4115004,"otgRupert"
4115004,"otgPupSpin"
2497,"tzlvNerd"
2497,"tzlvTantrum"
2497,"tzlvLeave"
2497,"tzlvFurry"
2497,"tzlvMega"
2497,"tzlvMaccas"
2497,"tzlvClap"
2497,"tzlvBurgerKing"
2497,"tzlvBurgerFlipper"
2497,"tzlvWave"
2497,"tzlvGuitar"
2497,"tzlvKing"
2497,"tzlvRich"
2497,"tzlvShoey"
12519,"bwnaYep"
122083,"booferSCREAM"
122083,"booferFweep"
122083,"booferChaos"
122083,"booferSquish"
122083,"booferShake"
122083,"booferPlsReply"
165785,"hermitPop"
196858,"omie7"
477897,"ilyterrorPls"
477897,"ilyterrorWAR"
488567,"gtamenBun1"
783586,"deefizzyWoke"
783586,"deefizzyStandby"
783586,"deefizzyAvocado"
783586,"deefizzySlurp"
783586,"deefizzyDerpy"
783586,"deefizzyHotdog"
783586,"deefizzyUnibrow"
783586,"deefizzyExcuseMe"
783586,"deefizzyUnsub"
783586,"deefizzyFirstDay"
783586,"deefizzyWhat"
783586,"deefizzyMeatsick"
783586,"deefizzyToilet"
783586,"deefizzyRage"
783586,"deefizzyHUH"
783586,"deefizzySexy"
783586,"deefizzyStarby"
783586,"deefizzyStarbies"
783586,"deefizzySUBHYPE"
783586,"deefizzyFLASHSALE"
783586,"deefizzyGASM"
783586,"deefizzyForwhy"
783586,"deefizzySussy"
783586,"deefizzyKidneyheart"
783586,"deefizzyModel"
783586,"deefizzySuckstoes"
1314939,"activHYPE"
1314939,"activGG"
1314939,"activHI"
1314939,"activLOL"
1371699,"nvrSte"
1371699,"nvrBea"
1371699,"nvrSca"
1371699,"nvrDiv"
1371699,"nvrViv"
1371699,"nvrSpa"
1371699,"nvrDal"
1371699,"nvrOoz"
1371699,"nvrRaa"
1371699,"nvrOCD"
1371699,"nvrKin"
1371699,"nvrSqu"
1371699,"nvrZyc"
1371699,"nvrOpt"
1371699,"nvrScr"
1371699,"nvrDil"
1845004,"zeroyalBUS"
1877455,"dmtvRip"
1877455,"dmtvRoast"
1877455,"dmtvBump"
1877455,"dmtvF"
1877455,"dmtvHello"
1877455,"dmtvBbong"
1910522,"kreygCL"
1910522,"kreygDR"
1910522,"kreygCR"
2128782,"krazyJAM"
2128782,"krazyRisa"
2128782,"krazySleep"
2128782,"krazyClap"
2128782,"krazyClip"
2128782,"krazyPenca"
2128782,"krazyYia"
2128782,"krazySmoke"
2128782,"krazyShoot"
2128782,"krazyVibe"
2128782,"krazyPeace"
2142933,"spraggFESTMARLZ"
2142933,"spraggFestOlaf"
2142933,"spraggChauncey"
2142933,"spraggFestBill"
2142933,"spraggSanta"
2142933,"spraggFestmod"
2261919,"crreamStress"
2261919,"crreamSus"
2305215,"bartgeoGG"
2305215,"bartgeoChevre"
2305215,"bartgeoPigeon"
3266784,"lukaIRpoison"
3266784,"lukaSRpotion"
3266784,"lukaSRpoison"
3266784,"lukaIRpotion"
3286344,"dorrRub"
3286344,"dorrPS2"
3286344,"dorrLevel"
3286344,"dorrDance"
3286344,"dorrStare"
3286344,"dorrBanger"
3389768,"ph1lTallulah"
3389768,"ph1lChay"
3389768,"ph1lElf"
3389768,"ph1lBOLAS"
3389768,"ph1lFaceG"
3666651,"x0rSteer"
3666651,"x0rStab"
3666651,"x0rHeh"
3666651,"x0rWave"
3814122,"himiFacepalmed"
3814122,"himiHearts"
3814122,"himiTrain"
3814122,"himiLOLOL"
3814122,"himiJammer"
3814122,"himiCh0ke"
3814122,"himiBonkk"
3814122,"himiChaos"
4117226,"goatHR"
4117226,"goatCarrots"
4117226,"goatSnow"
4117226,"goatTiny"
4117226,"goatAgony"
4117226,"goat1"
4117226,"goat2"
4117226,"goat3"
4117226,"goat4"
4117226,"goatStylo"
4125711,"thabAbsolutelyDisgusting"
4125711,"thabInception"
4125711,"thabDealWithIt"
4125711,"thabHYPERCHICKEN"
4125711,"thabLeek"
4331474,"nadedOMG"
4331474,"nadedSprint"
4331474,"nadedSwag"
4331474,"nadedTrain"
4331474,"nadedMhm"
4331474,"nadedBeanie"
4331474,"nadedHaha"
4331474,"nadedElite"
4331474,"nadedRatjam"
4331474,"nadedOMFG"
4331474,"nadedShake"
4331474,"nadedMashin"
4331474,"nadedEat"
4331474,"nadedSW"
4331474,"nadedNerv"
4331474,"nadedGv"
4331474,"nadedFastbag"
4331474,"nadedSpin"
4331474,"nadedSiren"
4331474,"nadedJig"
4331474,"nadedGrunt"
4331474,"nadedSpaz"
4331474,"nadedBits"
4331474,"nadedNerd"
4331474,"nadedWOO"
4331474,"nadedWah"
4331474,"nadedCele"
4331474,"nadedJail"
4331474,"nadedDinospin"
4331474,"nadedRadar"
4331474,"nadedGW"
4331474,"nadedGP"
4331474,"nadedLab"
4331474,"nadedCraigjam"
4331474,"nadedHatoff"
4331474,"nadedDT"
4331474,"nadedFire"
4343626,"eddaFTW"
4343626,"eddaAmmo"
4666862,"sugoiEvil"
4666862,"sugoiAlert"
4666862,"sugoiRapparu"
268652,"colAjg"
477897,"ilyterrorYuh"
477897,"ilyterrorLost"
488567,"gtamenCDerp"
488567,"gtamenCRage"
488567,"gtamenCDerppa"
488567,"gtamenCNLT"
488567,"gtamenCDoubt"
488567,"gtamenCbun"
488567,"gtamenCFP"
488567,"gtamenCStab"
488567,"gtamenCF"
488567,"gtamenCLove"
947589,"studAnime"
947589,"studThonk"
947589,"studChokes"
947589,"studCryin"
947589,"studVroom"
947589,"studThinking"
947589,"studMeme"
1375841,"floralisHugs"
1532095,"uc4Sub"
1532095,"uc4Baydi"
1532095,"uc4Turk"
1532095,"uc4Baskin"
1532095,"uc4Ata"
1532095,"uc4Hav"
1532095,"uc4Iq"
1532095,"uc4Selam"
1532095,"uc4Seytan"
1532095,"uc4Aagla"
1532095,"uc4Kafam"
1532095,"uc4Satis"
1532095,"uc4Derdiniseveyim"
1532095,"uc4Kalp"
1532095,"uc4Yenile"
1532095,"uc4Kral"
1532095,"uc4Boss"
1532095,"uc4Glitch"
1588179,"xheezyGoodSir"
1588179,"xheezyDoggo"
1588179,"xheezyChair"
1588179,"xheezyWorried"
1839975,"sp00nWHOASKED"
3180852,"ankBocchi"
2000180,"tougieCha"
2135545,"fallouttTeddyandniko"
2135545,"fallouttLeak"
2135545,"fallouttIndyjon"
2135545,"fallouttNinja"
2135545,"fallouttNiko"
2135545,"fallouttTeddy"
2135545,"fallouttNinjajon"
2261919,"crreamB2"
2261919,"crreamB1"
3228786,"flikstrrDrool"
3228786,"flikstrrSuperSaiyan"
3228786,"flikstrrTears"
3228786,"flikstrrMiniFeul"
3228786,"flikstrrKappa"
3286344,"dorrAdjacent"
3894112,"emotiItsuki"
3894112,"emotiCrakappa"
3894112,"emotiPogCrak"
3894112,"emotiPogCrak2"
3894112,"emotiBibleCrak"
3894112,"emotiSeemsGood"
3894112,"emotiLUL"
3894112,"emotiNotLikeThis"
3894112,"emotiCRAKER1"
3894112,"emotiCRAKER2"
3894112,"emotiCRAKER3"
3894112,"emotiCRAKER4"
5313783,"fnatvScroogeMCFU"
5313783,"fnatvGadget"
5313783,"fnatvLiarFu"
5313783,"fnatvDdr"
5313783,"fnatvBoop"
5313783,"fnatvPewpew"
6123084,"shinowolfPanPride"
6123084,"shinowolfTransPride"
6123084,"shinowolfPride"
6307866,"hjmxpKumaoji2"
6663444,"clinksWiggle"
7120627,"migueAplauso"
7120627,"migueHype"
7120627,"migueMove"
7176704,"ghostkaiPorky"
7176704,"ghostkaiSuperSpies2"
7236692,"danParty"
7236692,"danCreepy"
7236692,"danMedge"
7236692,"danPeek"
2497,"tzlvWheel"
2497,"tzlvApprove"
2497,"tzlvScraj"
2497,"tzlvHmm"
2497,"tzlvRead"
2497,"tzlvSleeper"
2497,"tzlvNope"
2497,"tzlvAyaya"
2497,"tzlvShakey"
47213,"davekaChunk"
47213,"davekaV2"
122083,"booferSnoot"
477897,"ilyterrorRider"
477897,"ilyterrorPistoltech"
477897,"ilyterrorRain"
477897,"ilyterrorFlawless"
477897,"ilyterrorHuuh"
477897,"ilyterrorSmooth"
477897,"ilyterrorSwing"
477897,"ilyterrorFruit"
477897,"ilyterrorOhok"
477897,"ilyterrorWow"
1255896,"enableTWG"
3277261,"kap2rings"
3277261,"kapHype"
3277261,"kapJKappa"
3277261,"kapHeadband"
3277261,"kapRage"
3277261,"kapChoke"
3405855,"jjxMMG"
3666651,"x0rStir"
3666651,"x0rClassic"
3666651,"x0rTap"
3666651,"x0rNerd"
3666651,"x0rRiot"
3666651,"x0rBrows"
3666651,"x0rThink"
3666651,"x0rGiggle"
3666651,"x0rParty"
3666651,"x0rWag"
3666651,"x0rFlower"
3713327,"hocHUHHHH"
3713327,"hocKNOCKOUT"
3713327,"hocITHASBEGUN"
3713327,"hocSQUABBLE"
3713327,"hocCALL911"
3713327,"hocBBB2024"
4123340,"ajsTeeHee"
4125711,"thabPlum"
4125711,"thabEvil"
4125711,"thabAbsolutelyRonned"
4125711,"thabNice"
4125711,"thabHotTake"
4125711,"thabSup"
4125711,"thabBlueDudeJam"
4125711,"thabDance"
4125711,"thabHorse"
4331474,"nadedEZ"
4331474,"nadedClip"
4331474,"nadedMorph"
4331474,"nadedLight"
4331474,"nadedCheers"
4331474,"nadedLook"
4331474,"nadedWiggle"
4331474,"nadedRatrave"
4331474,"nadedClap"
4331474,"nadedHeya"
4331474,"nadedGiggle"
4331474,"nadedWTF"
4331474,"nadedGasp"
4331474,"nadedTana"
4331474,"nadedVibes"
4331474,"nadedBan"
4331474,"nadedWoah"
4331474,"nadedIQ"
4331474,"naded2006"
4331474,"nadedArrive"
4331474,"nadedSweat"
4331474,"nadedGlitch"
4331474,"nadedSub"
4331474,"nadedKilljoy"
4331474,"nadedRidin"
4331474,"nadedSad"
4331474,"nadedBoing"
4331474,"nadedStroke"
4331474,"nadedMLG"
4331474,"nadedCbn"
4331474,"nadedOctane"
4331474,"nadedCheesin"
4331474,"nadedHehe"
4331474,"nadedLag"
4331474,"nadedTmate"
4331474,"nadedMbd"
4331474,"nadedStun"
4331474,"nadedWavy"
4331474,"nadedSmirk"
4331474,"nadedPigeon"
4331474,"nadedSalty"
4331474,"nadedFlag"
4331474,"nadedYoung"
4331474,"nadedYap"
4331474,"nadedWorty"
4331474,"nadedLocked"
4331474,"nadedCheeks"
4331474,"nadedTry"
4331474,"nadedCracked"
4331474,"nadedZoom"
4331474,"nadedBackpack"
4343626,"eddaAim"
4599111,"noidSlice"
4599111,"noidDoinThangs"
4599111,"noidFishing"
4599111,"noidYoAullll"
4599111,"noidPissed"
4599111,"noidKuma"
4599111,"noidBDCat"
4599111,"noidDaiGoD"
4599111,"noidStep"
4666862,"sugoiJogger"
4666862,"sugoiSpaz"
4666862,"sugoiYeah"
4803446,"exvskCapyswag"
4803446,"exvskCapyGoth"
4803446,"exvskCapycoffee"
4803446,"exvskCapyhappy"
4803446,"exvskCapyhappy2"
4803446,"exvskCapydetective"
4803446,"exvskCapysad"
4867723,"wolskMorty"
4867723,"wolskPepsi"
4867723,"wolskPout"
4867723,"wolskArrive"
4867723,"wolskSphere"
4867723,"wolskBye"
5010735,"pbtSoupeur"
5010735,"pbtVideo"
5010735,"pbtLOVE"
5010735,"pbtComolli"
5010735,"pbtGoal"
5010735,"pbtPub"
5114515,"ogmvpUpanddownzerotwo"
5114515,"ogmvpHarryAttack"
5114515,"ogmvpHarryOMG"
5114515,"ogmvpLevismhdisapppoint"
5114515,"ogmvpSlideinballin"
5114515,"ogmvpAnnielaughaot"
5114515,"ogmvpFIGSHAKEPARTYGIFHOGW"
5114515,"ogmvpLeviAnger"
5114515,"ogmvpOPTIMUSPRIMEPOINT"
5114515,"ogmvpHimikopeace"
5114515,"ogmvpJacyjaynenodnahnahto"
5114515,"ogmvpJacyjayneswayomg"
5114515,"ogmvpJunpeiCheck"
5114515,"ogmvpSaberPose"
5114515,"ogmvpSideleviswag"
5114515,"ogmvpLevichill"
5114515,"ogmvpSAOKIRTO"
5114515,"ogmvpTier1SUBMIZAWESOME"
5114515,"ogmvpMikuhatsunepoint"
5114515,"ogmvpKINGADGBASIC"
5313783,"fnatvFootball"
5313783,"fnatvWakefuBucks"
5313783,"fnatvGrinch"
5313783,"fnatvHorsefu"
5313783,"fnatvShantaesleeping"
5313783,"fnatvFAIL"
5313783,"fnatvSweep"
5313783,"fnatvHeartfu"
5313783,"fnatvEasterfu"
5605575,"meticTired"
5605575,"meticShys"
5605575,"meticGasms"
5605575,"meticShrugs"
5605575,"meticCheers"
5611501,"kycuPETHAM"
5611501,"kycuWOSP"
5644937,"frynautJAM"
5794478,"steven1Face"
5794478,"steven1GG"
5794478,"steven1Luna"
5794478,"steven1Love"
5794478,"steven1Thump"
5794478,"steven1Rekt"
5794478,"steven1Hi"
5794478,"steven1LUL"
5834235,"ncshappyThumbs"
5834235,"ncshappyEve"
6123084,"shinowolfEepy"
6123084,"shinowolfPet"
6123084,"shinowolfLoad"
6123084,"shinowolfScared"
6123084,"shinowolfHug"
6123084,"shinowolfPOG"
6123084,"shinowolfSip"
6123084,"shinowolfLurk"
6123084,"shinowolfCheer"
6225897,"makowskiMIDAS"
6225897,"makowskiLionheart"
6307866,"hjmxpBos"
6353604,"klutchBlam"
6353604,"klutchArrive"
6353604,"klutchRaaaid"
6353604,"klutchJam"
6431685,"kontro5Trollking"
6431685,"kontro5Headshot"
6431685,"kontro5Kfsanta"
6441162,"higeB"
6441162,"higeToshizoLol"
6441162,"higeToshizoase"
6441162,"higeToshizoicon"
6441162,"higeKira"
6441162,"higeHatena"
6441162,"higeKing"
6441162,"higeNapo"
6441162,"higeMotizo1"
6441162,"higeZipperanime"
6441162,"higeGang"
6441162,"higeKoumei"
6441162,"higeKyukon"
6441162,"higeTaisi"
6441162,"higeDonbiki"
6441162,"higeManazasi"
6441162,"higeLaser"
6441162,"higeSTAR"
6441162,"higeBibitta"
6441162,"higeZipper"
6441162,"higeBirthday"
6441162,"higeYamutya"
6441162,"higePuuanime"
6485138,"parkzerNova"
6485138,"parkzerLV"
6485138,"parkzerTS"
6485138,"parkzerShrimp"
6659152,"oroClown"
6659152,"oroHap"
6807075,"dreyaCry"
6807075,"dreyaSinging"
6807075,"dreyaMad"
6807075,"dreyaOrb"
6807075,"dreyaExcite"
6807075,"dreyaDevious"
6807075,"dreyaItsFine"
6807075,"dreyaHeart"
6807075,"dreyaThinking"
6807075,"dreyaWave"
6807075,"dreyaBlushy"
6864499,"farmhoYap"
6864499,"farmhoDancingnuggie"
6864499,"farmhoSlotscherry"
6864499,"farmhoStipples"
6864499,"farmho2steven"
6864499,"farmhoCry"
6864499,"farmhoDance"
6864499,"farmhoThis"
6864499,"farmhoSlots7"
6864499,"farmhoIrisstop"
6864499,"farmhoStabby"
6864499,"farmhoSuperaw"
6864499,"farmhoSlotsbar"
6864499,"farmhoConfused"
6864499,"farmhoNodders"
6864499,"farmho3steven"
6864499,"farmhoLotsofnuggies"
6864499,"farmhoSlotsdiamond"
6864499,"farmhoCheese"
6864499,"farmhoFireworks"
6864499,"farmhoNotimpressed"
6864499,"farmho1steven"
6864499,"farmhoDemon"
6864499,"farmhoIcecreamdance"
6864499,"farmhoNom"
6864499,"farmhoDoubt"
6864499,"farmhoExcited"
6896654,"artoLUL"
6896654,"artoCope"
6896654,"artoGun"
6896654,"artoNopers"
6896654,"artoJam"
6896654,"artoChad"
6896654,"artoDone"
6896654,"artoGold"
6896654,"artoAyaya"
6896654,"artoSilver"
6896654,"artoNerd"
6896654,"artoPray"
6896654,"artoLurk"
6896654,"artoHmm"
6936526,"raccpackCute"
6936526,"raccpackUseMe"
6936526,"raccpackShots"
6936526,"raccpackDance"
6936526,"raccpackKing"
6936526,"raccpackDab"
6936526,"raccpackHooray"
6936526,"raccpackHaHa"
6936526,"raccpackRoll"
6936526,"raccpackMiddle"
6936526,"raccpackRight"
6936526,"raccpackGrrrr"
6936526,"raccpackLeft"
6936526,"raccpackPat"
6952852,"oneeO7"
6952852,"oneeLoco"
6952852,"oneeJam"
6952852,"oneeSmug"
7093315,"slop3BOM"
7120627,"migueHomero"
7120627,"migueAHH"
7120627,"migueAlerta"
7120627,"migueD"
7120627,"miguePayaso"
7120627,"migueEscribiendo"
7120627,"migueSospechoso"
7120627,"migueSI"
7120627,"migueHuh"
7120627,"migueMmm"
7120627,"migueChau"
7120627,"migueHAHAHA"
7120627,"migueCine"
7120627,"migueYaeshora"
7120627,"migueRun"
7120627,"miguePogg"
7120627,"migueRiot"
7120627,"migueGG"
7120627,"migueKekinsane"
7120627,"migueAviso"
7167763,"unsDespairing"
7167763,"unsLide2"
7167763,"unsHake"
7167763,"unsLide1"
7167763,"unsPat"
7167763,"unsBigKazoo"
7167763,"unsLAFF"
7176704,"ghostkaiJammies"
7176704,"ghostkaiMindblown"
7176704,"ghostkaiWHAT"
7176704,"ghostkaiShots"
7176704,"ghostkaiSup"
7176704,"ghostkaiWhere"
7176704,"ghostkaiAwkward"
7176704,"ghostkaiShook"
7176704,"ghostkaiEyeRub"
7176704,"ghostkaiShush"
7176704,"ghostkaiOnifansforxmas"
7176704,"ghostkaiPeace"
7176704,"ghostkaiNaughty"
7176704,"ghostkaiCheeky"
7176704,"ghostkaiSTRONKK"
7176704,"ghostkaiAngryBee"
7176704,"ghostkaiCringeLOL"
7176704,"ghostkaiTemparmy"
7176704,"ghostkaiPics"
7176704,"ghostkaiNyanKai"
7176704,"ghostkaiReally"
7176704,"ghostkaiScare"
7176704,"ghostkaiThinking"
7176704,"ghostkaiScary"
7176704,"ghostkaiSing"
7176704,"ghostkaiSmilekai"
7176704,"ghostkaiPetKai"
7176704,"ghostkaiMLEM"
7176704,"ghostkaiAirHi"
7176704,"ghostkaiExcited"
7176704,"ghostkaiScream"
7176704,"ghostkaiEyeRoll"
7197144,"bronxprJR"
7197144,"bronxprDEMON"
7197144,"bronxprSHOTS"
7197144,"bronxprDUCKN"
7197144,"bronxprDMADGE"
7203246,"tekkAAAAA"
7227116,"bigeduYeah"
7227116,"bigeduYgo"
7227116,"bigeduParty"
7227116,"bigeduHey"
7227116,"bigeduFriend"
7227116,"bigeduAngry"
7227116,"bigeduSlide"
7236692,"danType"
7236692,"danRave"
7236692,"danAnime"
7236692,"danFight"
7236692,"danMoney"
7236692,"danHungry"
7236692,"danT"
7236692,"danRiot"
7236692,"danPOP"
7236692,"danWink"
7236692,"danCrazy"
7236692,"danRun"
7236692,"danPeace"
7236692,"danSmash"
7236692,"danGamba"
7236692,"danSUS"
7236692,"danRage"
7236692,"danShoot"
7236692,"danCheer"
7236692,"danWoah"
7236692,"danBurst"
7236692,"danSlam"
7236692,"danNOOO"
7236692,"danHyper"
7236692,"danNerd"
7236692,"danBlankies"
7236692,"danDink"
7236692,"danWiggle"
7236692,"danButton"
7236692,"danSCAM"
7236692,"danBrows"
7236692,"danBlob"
7236692,"danFine"
7236692,"danChat"
7236692,"danEyeroll"
7236692,"danNodders"
7236692,"danNopers"
7236692,"danPoint"
7236692,"danLegs"
7236692,"danArrive"
7236692,"danFall"
7236692,"danSpin"
7236692,"danBOOM"
7236692,"danDJ"
7236692,"danClap"
7236692,"danHeart"
7236692,"danBooba"
7236692,"danGigaS"
7236692,"danTrip"
7236692,"danMoogle"
7236692,"danLeave"
7236692,"danCredit"
7275079,"nvcLOL"
7275079,"nvcCaptain"
7313723,"chitaiPixelBounce"
7313723,"chitaiDanse"
7313723,"chitaiJaneDanceJam"
7313723,"chitaiJaneDance2"
7313723,"chitaiJaneDancePet2"
7313723,"chitaiWeskerTchao"
7313723,"chitaiACGun"
7313723,"chitaiOniNyan"
7313723,"chitaiJaneDancePet"
7313723,"chitaiWeskerCoeur"
7313723,"chitaiPixelJam"
7313723,"chitaiWeskerTriste"
7313723,"chitaiJaneRainbow"
7313723,"chitaiHuntress2"
7313723,"chitaiJaneDance2Jam"
7313723,"chitaiDemoParty"
7313723,"chitaiWeskerGun"
7313723,"chitaiWeskerFete"
7313723,"chitaiACBounce"
7313723,"chitaiPixelNoel"
7313723,"chitaiJakeZoom"
7313723,"chitaiChipi"
7313723,"chitaiBlight"
7313723,"chitaiACCreep"
7313723,"chitaiFrogParty"
7313723,"chitaiPecheJuteuse"
7402190,"auroralX"
7402190,"auroralPowerUp"
7402190,"auroralBoogie"
7402190,"auroralUwU"
7402190,"auroralNod"
7402190,"auroralRIP"
7402190,"auroralBlam"
7402190,"auroralCozy"
7402190,"auroralLuccaGlasses"
7402190,"auroralWTF"
7402190,"auroralHello"
7402190,"auroralHide"
7402190,"auroralSnuggle"
7402190,"auroralGetcha"
7402190,"auroralDiscLion"
7555574,"crendorHankshake"
7555574,"crendorAngryshake"
7555574,"crendorPopop"
7555574,"crendorBonk"
7555574,"crendorRavehank"
7555574,"crendorHankarrive"
7555574,"crendorLaughpig"
7555574,"crendorOmegalaugh"
7555574,"crendorNooo"
7555574,"crendorRavefrog"
7555574,"crendorBouncewalrus"
7555574,"crendorPet"
7555574,"crendorHappyshake"
7555574,"crendorCawspin"
7555574,"crendorHankdance"
7601562,"chesscomBrilliant"
7601562,"chesscomBlunder"
7601562,"chesscomDannyno"
7601562,"chesscomYepclock"
7601562,"chesscomH3"
7601562,"chesscomPoint"
7601562,"chesscomButok"
7601562,"chesscomJan"
7601562,"chesscomDnaro"
7601562,"chesscomPia"
7601562,"chesscomWTF"
7601562,"chesscomHehe"
7601562,"chesscomThunk"
7601562,"chesscomCopium"
7601562,"chesscomChessbrahs"
7601562,"chesscomShhh"
7601562,"chesscomHessHarmon"
7601562,"chesscomMeh"
7601562,"chesscomDuhh"
7601562,"chesscomHikaru"
7601562,"chesscomC2p"
7601562,"chesscomLasso"
7601562,"chesscomHmm"
7601562,"chesscomHUH"
7601562,"chesscomFatality"
7601562,"chesscomHehehe"
7601562,"chesscomLurk"
7742831,"pkxNVM"
7742831,"pkxMASH"
7832442,"riffFeed"
7858422,"harddropDead"
7904835,"dmyLUL"
7904835,"dmyT"
7904835,"dmyWTF"
7904835,"dmyB"
7904835,"dmyH"
7904835,"dmyNerd"
7904835,"dmyICANT"
7904835,"dmyED"
7904835,"dmyO"
7904835,"dmyMAD"
7904835,"dmyKimmy"
7904835,"dmyKimmysad"
7904835,"dmyKedge"
7904835,"dmyHydrate"
7904835,"dmyWTF2"
7904835,"dmyHP"
7904835,"dmyHUH"
7969462,"gmbRaid"
7969462,"gmbXmasGift"
7969462,"gmbTakeMyMoney"
7969462,"gmbPopcornBee"
7969462,"gmbCall"
7969462,"gmbCokeBee"
7969462,"gmbRIP"
7969462,"gmbBlanket"
7969462,"gmbRage"
7969462,"gmbBanBee"
7969462,"gmbPopBee"
7995300,"6tanBall"
7995300,"6tanShoo"
7995300,"6tanJin"
7995300,"6tanThrow"
7995300,"6tanShooty"
8003569,"rudeSleep"
8180455,"opaSneak"
8180455,"opaThumbsUp"
8180455,"opaSmug"
8180455,"opaSkullHeart"
8180455,"opaClap"
8180455,"opaEZ"
8180455,"opaO7"
8180455,"opaNerd"
8180455,"opaGoldEagle"
8180455,"opaHeartEyes"
8180455,"opaBrainFog"
8180455,"opaMeanGlare"
8180455,"opaMoney"
8180455,"opaSick"
8180455,"opaVIP"
8180455,"opaDerp"
8180455,"opaGone"
8180455,"opaCat"
8180455,"opaHypeTrain"
8180455,"opaKey"
8180455,"opaArgh"
8180455,"opaRIP"
8180455,"opaHearts"
8180455,"opaGoldHype"
8180455,"opaSeemsGood"
8180455,"opaGoldSkull"
8180455,"opaDabRoll"
8180455,"opaShieldHeart"
8180455,"opaPanic"
8180455,"opaPhoneix"
8180455,"opaPotatoAim"
8180455,"opaBroken"
8180455,"opaEagle"
8197413,"bftvClipIt"
8197413,"bftvCopLight"
8197413,"bftvPanda"
8197413,"bftv4k"
8197413,"bftvPika"
8197413,"bftvDonation"
8197413,"bftvClap"
8197413,"bftvDog"
8197413,"bftvDance"
8204533,"siigDerp"
8204533,"siigOhoho"
8204533,"siigCop"
8204533,"siigSip"
8204533,"siigPat"
8204533,"siigAwoo"
8204533,"siigBonk"
8204533,"siigFrit"
8204533,"siigHype"
8204533,"siigNap"
8204533,"siigLove"
8204533,"siigGasm"
8204533,"siigSmug"
8204533,"siigUwu"
8204533,"siigWut"
8204533,"siigLurk"
8204533,"siigXD"
8204533,"siigThink"
8204533,"siigRage"
8204533,"siigUgu"
8204533,"siigPout"
8204533,"siigHi"
8235851,"assaul11Wave"
8235851,"assaul11Bird"
8272681,"bchHt"
8272681,"bchPop"
8272681,"bchRekt"
8272681,"bchU"
8272681,"bchHia"
8272681,"bchCa"
8272681,"bchB"
8272681,"bchLa"
8402354,"apenGear"
8402354,"apenWiz"
8402354,"apen10"
8402354,"apenWood"
8402354,"apenBrick"
8457690,"srkJason"
8457690,"srkZodiak"
8457690,"srkThat38"
8457690,"srkMysty"
8488048,"fuzzyHi2"
8488048,"fuzzyClap"
8488048,"fuzzyHype2"
8488048,"fuzzySpin"
8488048,"fuzzyOca"
8488048,"fuzzyKirby"
8488048,"fuzzyPika"
8488048,"fuzzyAngel"
8488048,"fuzzyOwO"
8488048,"fuzzyMissed"
8488048,"fuzzySuave"
8488048,"fuzzyMafia"
8488048,"fuzzyBan"
8488048,"fuzzyMoney"
8488048,"fuzzyFine"
8488048,"fuzzyShock"
8488048,"fuzzyBruh"
8488048,"fuzzyD2"
8488048,"fuzzySweat"
8488048,"fuzzyQuestion"
8488048,"fuzzyBlind"
8488048,"fuzzyWow"
8488048,"fuzzyBoat"
8488048,"fuzzyDevil"
8488048,"fuzzyDerp"
8488048,"fuzzyC"
8488048,"fuzzyPrime"
8510151,"grimxdBulb2"
8510151,"grimxdFrog"
8510151,"grimxdGLeave"
8510151,"grimxdShark"
8510151,"grimxdGbits"
8510151,"grimxdButterfly"
8510151,"grimxdBulb"
8510151,"grimxdMissile"
8510151,"grimxdGrave"
8510151,"grimxdDchomp"
8510151,"grimxdGmoney"
8510151,"grimxdGbill"
8510151,"grimxdGarrive"
8510151,"grimxdKey"
8510151,"grimxdFire"
8535909,"ukogPot"
8554751,"rickstahDrop"
8554751,"rickstahShort1"
8554751,"rickstahShort2"
8554751,"rickstahShort3"
8554751,"rickstahThicc"
8554751,"rickstahThrillho"
8554751,"rickstahChichan"
8554751,"rickstahLuigi"
8554751,"rickstahChuncheeks"
8554751,"rickstahGeneral"
8554751,"rickstahBart"
8554751,"rickstahBoggy"
8554751,"rickstahDoc"
8554751,"rickstahHomer"
8554751,"rickstahBog"
8554751,"rickstahMario"
8554751,"rickstahYuka"
8554751,"rickstahHaha"
8554751,"rickstahGanryu2"
8554751,"rickstahMac"
8554751,"rickstahGanryu"
8554751,"rickstahChunKappa"
8554751,"rickstahWoop"
8554751,"rickstahSho"
8594321,"skaifoKEKW"
8594321,"skaifoHalp"
8594321,"skaifoNever"
8594321,"skaifoNODDERS"
8594321,"skaifoUhh"
8594321,"skaifoWag"
8594321,"skaifoRudyGrippers"
8594321,"skaifoClap"
8594321,"skaifoYikes"
8641037,"adeR"
8641037,"adeK"
8641037,"adePog"
8641037,"adeFail"
8641037,"adeLove"
8641037,"adeBablo"
8641037,"adeGood"
8641037,"adeSwag"
8641037,"adeGasm"
8641037,"adeWut"
8641037,"adeMoney"
8641037,"adeCN"
8641037,"adeYo"
8641037,"adeCat"
8641037,"adeYo1"
8641037,"adeCatUp"
8641037,"adeGoodGold"
8641037,"adeGoodRed"
8793847,"ortoDance"
8793847,"ortoKappaMYLU"
8819615,"oat3"
8819615,"oatPeek"
8819615,"oatGasp"
8819615,"oatSug"
8819615,"oatHUH"
8819615,"oatGiggle"
8819615,"oatDig"
8819615,"oatSeal"
8819615,"oatJam"
8819615,"oatCheck"
8819615,"oatHips"
8819615,"oatSpin"
8819615,"oatPep"
8819615,"oatSlide"
8819615,"oatGun"
8819615,"oatClap"
8819615,"oatUp"
8819615,"oatTsk"
8819615,"oatJump"
8819615,"oatDed"
8819615,"oatOld"
8819615,"oatScare"
8819615,"oatBlob"
8819615,"oatPan"
8819615,"oatALERT"
8819615,"oatV"
8843899,"quirkSCAMMING"
8843899,"quirkCONGA"
8843899,"quirkSMUG"
8843899,"quirkMADGE"
8843899,"quirkFARM"
8843899,"quirkSTORY"
8843899,"quirkBINOCULARS"
8843899,"quirkTPBOX"
8843899,"quirkKITTY"
8843899,"quirkSUS"
8843899,"quirkTHINKING"
8843899,"quirkRIOTING"
8843899,"quirkJAM"
8843899,"quirkBINOC"
8843899,"quirkPAUSE"
8843899,"quirkMQUIRKY"
8843899,"quirkRIOT"
8843899,"quirkSADGE"
8843899,"quirkPOGGERS"
8843899,"quirkWATCH"
8843899,"quirkFISH"
8843899,"quirkPOGSLIDE"
8843899,"quirkEZ"
8843899,"quirkRAINING"
8843899,"quirkTONY"
8843899,"quirkSAY"
8843899,"quirkSTOP"
8843899,"quirkMADGING"
8843899,"quirkBOX"
8843899,"quirkLUL2"
8843899,"quirkTHINK"
8843899,"quirkSB"
8843899,"quirkFRIDGE"
8843899,"quirkSCAM"
8843899,"quirkPL"
8957332,"ravagePepsiphil"
8957332,"ravageImposter"
8957332,"ravagePuke"
8957332,"ravageRage"
8957524,"xpertClap"
8957524,"xpertHype"
8957524,"xpertKanpai"
8957524,"xpertLove"
8957524,"xpertLUL"
8957524,"xpertMusic"
8957524,"xpertNani"
8957524,"xpertNext"
8957524,"xpertRage"
8957524,"xpertRip"
8957524,"xpertWorm"
8957524,"xpertWine"
8957524,"xpertFlirt"
8957524,"xpertBooty"
8957524,"xpertL"
8957524,"xpertW"
8957524,"xpertSweat"
8968938,"celDat"
8968938,"celBlameDaz"
8968938,"celFail"
8968938,"celTears"
8968938,"celDown"
8968938,"celPiggy2"
8968938,"celWorry"
8968938,"celNice"
8968938,"celFeel"
8968938,"celVolcania"
8968938,"celCute"
8968938,"celClassic"
8968938,"celX"
8968938,"celSeal"
8968938,"celUl"
8968938,"celPiggy"
9017358,"mikelatShock"
9042828,"t380Percangle"
9044124,"usteppinDuckRage"
9044124,"usteppinOOF"
9044124,"usteppinTaco"
9044124,"usteppinKissMy"
9044124,"usteppinSendNoods"
9044124,"usteppinDuckHappyCry"
9044124,"usteppinDuckHi"
9044124,"usteppinOMG"
9044124,"usteppinCatBoba"
9044124,"usteppinCatCool"
9044124,"usteppinCrabDance"
9044124,"usteppinBan"
9044124,"usteppinWin"
9044124,"usteppinSharkBaby"
9044124,"usteppinRIP"
9044124,"usteppinCatFood"
9044124,"usteppinGRISBlue"
9044124,"usteppinSkeleton"
9044124,"usteppinRoosterRage"
9044124,"usteppinCatLove"
9044124,"usteppinSpicy"
9044124,"usteppinSus"
9044124,"usteppinCringe"
9044124,"usteppinLag"
9044124,"usteppinSealMood"
9044124,"usteppinUnicornDance"
9044124,"usteppinDuckOff"
9044124,"usteppinUnicornCrap"
9044124,"usteppinHeadcrab"
9044124,"usteppinCatWink"
9044124,"usteppinCatAngry"
9044124,"usteppinKaboom"
12519,"bwnaAcorn"
1015005,"wowheadAnnie"
1015005,"wowheadPerc"
1015005,"wowheadPaw"
1015005,"wowheadPepebird"
1015005,"wowheadSpoiler"
1015005,"wowheadThink"
1015005,"wowheadAlliance"
1015005,"wowheadHorde"
1015005,"wowheadFor"
1015005,"wowheadSilver"
1015005,"wowheadGold"
1015005,"wowheadMine"
1015005,"wowheadData"
1015005,"wowheadGift"
2261919,"crreamPip"
3207002,"buksGet"
3207002,"buksSup"
3713327,"hocDrinksup"
13475,"metaruFeeder"
13475,"metaruRekt"
13475,"metaruAlpha"
13475,"metaruCheers"
268652,"colVamos"
2135545,"fallouttWarpaint"
2135545,"fallouttPog1"
2135545,"fallouttPog"
2219503,"uliBs"
2219503,"uliLurk"
2219503,"uliLove"
2219503,"uliLUL"
2219503,"uliHype"
2219503,"uliPray"
2219503,"uliDafoe"
2219503,"uliDayum"
2219503,"uliGottem"
2219503,"uliOhyeah"
2219503,"uliAyo"
2219503,"uliNH"
2219503,"uliMex"
2305215,"bartgeoLangue"
2305215,"bartgeoRousse"
3437365,"yogiJuicer"
20149,"ijusti1Mattyboy"
20149,"ijusti1Knife"
20149,"ijusti1Ejustine"
20149,"ijusti1Extinguish"
20149,"ijusti1Blender"
20149,"ijusti1Libby"
20149,"ijusti1Justine"
20149,"ijusti1Angry"
20149,"ijusti1Content"
20149,"ijusti1Cool"
20149,"ijusti1Crying"
20149,"ijusti1Happy"
20149,"ijusti1Kissing"
20149,"ijusti1Laughcry"
20149,"ijusti1Silly"
20149,"ijusti1Sleepy"
20149,"ijusti1Hype"
20149,"ijusti1Hyped"
20149,"ijusti1Snowboi"
20149,"ijusti1Fork"
29086,"womQuatch"
29086,"womMilker"
29086,"womMegaG"
29086,"womMegaPride"
29086,"womMilkerS"
29086,"womTehe"
29086,"womRage"
29086,"womFail"
29086,"womG"
29086,"womHa"
29086,"womCobalt"
29086,"womHeart"
29086,"womShock"
29086,"womChamp"
43691,"t1fakerKill"
43691,"t1fakerPenguin"
43691,"t1fakerCannon"
43691,"t1fakerFaker"
43691,"t1fakerThumbsup"
43691,"t1fakerLight"
43691,"t1fakerMoya"
43691,"t1fakerAwkward"
43691,"t1fakerHi"
43691,"t1fakerHello"
43691,"t1fakerT1EZ"
43691,"t1fakerT1tears"
43691,"t1fakerT1sweat"
43691,"t1fakerT1cheers"
43691,"t1fakerFeelsT1Man"
43691,"t1fakerGenius"
43691,"t1fakerLater"
43691,"t1fakerDoitreal"
43691,"t1fakerClear"
43691,"t1fakerCheeky"
43691,"t1fakerNojam"
43691,"t1fakerFirefist"
43691,"t1fakerBug"
43691,"t1fakerBye"
43691,"t1fakerSubgame"
43691,"t1fakerMaingame"
43691,"t1fakerWoorihyeok"
43691,"t1fakerPunch"
43691,"t1fakerAgree"
43691,"t1fakerChairhii"
43691,"t1fakerClap"
80266,"viperPound"
80266,"viperBLIND"
80266,"viperDEAF"
80266,"viperMUTE"
80266,"viperSTEVE"
80266,"viperFEET"
80266,"viperCHARLIE"
80266,"viperAWKWARD"
80266,"viperSWEATY"
80266,"viperCHOPPA"
80266,"viperCRUNCH"
80266,"viperCRY"
80266,"viperTHIRSTY"
80266,"viperLOL"
80266,"viperEW"
80266,"viperLOOT"
80266,"viperSMEXY"
80266,"viperINTRUDER"
80266,"viperGoldenPoooound"
80266,"viperCHEERS"
80266,"viperLOVE"
80266,"viperURITE"
80266,"viperCHUNKY"
80266,"viperWTF"
80266,"viperNOTES"
80266,"viperHotdog"
80266,"viperFail"
80266,"viperTRY"
80266,"viperRAGE"
80266,"viperGG"
80266,"viperDED"
80266,"viperSoSMEXY"
80266,"viperBigCRUNCH"
122083,"booferCheeky"
122083,"boofer5Head"
122083,"booferWagon"
122083,"booferNom"
122083,"booferPanic"
122083,"booferKKona"
122083,"booferBeg"
122083,"booferOwO"
122083,"booferPepega"
207446,"consZZZ"
207446,"consYikes"
207446,"cons200"
207446,"consLove"
207446,"consThink"
207446,"consSad"
207446,"consToxic"
207446,"consGasm"
207446,"consSellout"
207446,"consSwoon"
207446,"consGun"
207446,"consAccept"
207446,"consDecline"
207446,"consPG"
241444,"palaKing"
241444,"palaJet"
241444,"palaRup"
241444,"palaMic"
241444,"palaOoo"
241444,"palaMad"
241444,"palaChill"
241444,"palaWut"
241444,"palaHype"
241444,"palaYes"
241444,"palaP"
242168,"dethsOrtem"
242168,"dethsGasm"
242168,"dethsWut"
242168,"dethsDavid"
242168,"dethsBBQ"
242168,"dethsBruh"
242168,"dethsBoar"
242168,"dethsEeek"
296682,"cousPeak"
344754,"neohSip"
344754,"neohR"
344754,"neohUh"
344754,"neohRo"
344754,"neohH"
344754,"neohEZ"
344754,"neohSite"
344754,"neohGold"
344754,"neohO"
344754,"neohHype"
344754,"neohGoodBoy"
344754,"neohWhat"
344754,"neohKiss"
344754,"neohHart"
344754,"neohRoo"
344754,"neohRuhRoh"
344754,"neohWaifu"
344754,"neohClod"
344754,"neohOMEGA"
344754,"neohBestLookingGuyHere"
344754,"neohOMEGAGOLD"
344754,"neohRage"
344754,"neohPee"
344754,"neohTroo"
344754,"neohSock"
344754,"neohLewd"
445872,"portaXD"
445872,"portaF"
445872,"portaGoku"
445872,"portaBALL"
445872,"portaQueso"
445872,"portaCap"
445872,"portaPorta"
445872,"portaYeah"
476039,"bobbygL"
476039,"bobbygR"
476039,"bobbygFeels"
476039,"bobbygHey"
476039,"bobbygRage"
476039,"bobbygSalt"
476039,"bobbygJabun"
476039,"bobbygLove"
476039,"bobbygHype"
476039,"bobbygOof"
476039,"bobbygS"
476039,"bobbygG"
476039,"bobbygDerp"
476039,"bobbygCreep"
476039,"bobbygOhmy"
476039,"bobbygKappa"
476039,"bobbygFiesta"
482893,"laphinGhostieShake"
485641,"azuriteThugLife"
485641,"azuriteDerp"
485641,"azuriteRage"
485641,"azuriteRamenCat"
485641,"azuriteToilet"
485641,"azuriteCereal"
490737,"rshHandR"
490737,"rshKappa"
490737,"rshWOW"
490737,"rshKappaHD"
490737,"rshLUL"
490737,"rshNANI"
490737,"rshFP"
496308,"nowaynlNootNoot"
496308,"nowaynlFace"
506576,"ravineSlavmote"
506576,"ravineKiwi4u"
506576,"ravineVodka"
506576,"ravineTune"
506576,"ravinePewpew"
506576,"ravineCotts"
506576,"ravineMoney"
506576,"ravineSchmonk"
506576,"ravineChow"
506576,"ravineKurtunor"
506576,"ravineSandy"
506576,"ravineMi2"
506576,"ravineCh"
506576,"ravineOo"
506576,"ravineAdidas"
506576,"ravineLaserpepe"
506576,"ravineGoldschmonk"
506576,"ravinePog2"
506576,"ravineOn"
506576,"ravinePog"
506576,"ravineLogo"
506576,"ravineGam"
598989,"sunRip"
598989,"sunThinking"
598989,"sunWizard"
598989,"sunLove"
598989,"sunBot"
598989,"sunGive"
598989,"sunHype"
598989,"sunFail"
598989,"sunPray"
598989,"sun2"
598989,"sun1"
598989,"sun3"
598989,"sunHi"
598989,"sunW"
598989,"sunCosy"
598989,"sunLurk"
598989,"sunPog"
598989,"sunS"
598989,"sunSad"
598989,"sunHalo"
598989,"sunWhat"
639308,"rupMoth"
639308,"rupDom"
639308,"rupIvey"
639308,"rupEgg"
639308,"rupTomato"
639308,"rupGin"
639308,"rupMicroreg"
639308,"rupBear"
653585,"cybWave"
653585,"cybChill"
695409,"siberAyy"
695409,"siberMB"
695409,"siberEpic"
695409,"siberShock"
695409,"siberHm"
695409,"siberRip"
695409,"siberHype"
695409,"siberPups"
747018,"jkwVamp"
747018,"jkwLul"
841419,"munozQdilla"
841419,"munozSvr"
841419,"munozBT"
992934,"benRAGE"
992934,"benW"
1268856,"bioLater"
1268856,"bioKing"
1268856,"bioGG"
1268856,"bioThump"
1268856,"bioKappa"
1268856,"bioMg"
1268856,"bioJoker1"
1268856,"bioJoker2"
1268856,"bioLove"
1268856,"bioFabb"
1268856,"bioPlays"
1425546,"dessyyBucky"
1463309,"ctfxcSquirrel"
1463309,"ctfxcCharMask"
1463309,"ctfxcRemi"
1463309,"ctfxcRemiPool"
1463309,"ctfxcCharleslol"
1463309,"ctfxcRica"
1463309,"ctfxcLuna"
1463309,"ctfxcMarpoo"
1463309,"ctfxcDiesel"
1463309,"ctfxcCoffecoffeecoffe"
1463309,"ctfxcAlliesmile"
1463309,"ctfxcZoey"
1463309,"ctfxcPizza"
1463309,"ctfxcDragon"
1607353,"paulBad"
1607353,"paulAwk"
1607353,"paulOML"
1607353,"paulGift"
1607353,"paulSad"
1607353,"paulPoker"
1607353,"paulOmg"
1607353,"paulO"
1607353,"paulTeam"
1607353,"paulHeart"
1607353,"paulDoge"
1607353,"paulRave"
1607353,"paulWub"
1645379,"gnnyProboto"
1645379,"gnnyCrash"
1645379,"gnnyKopp"
1645379,"gnnyCarp"
1645379,"gnnyH"
1845004,"zeroyalTDab"
1845004,"zeroyalTHypers"
1845004,"zeroyalPeels"
1845004,"zeroyalCW"
2126494,"thetylSoon"
2165662,"vidolPump"
2165662,"vidol14k"
2165662,"vidolBro"
2165662,"vidolZzz"
2165662,"vidolGrace"
2165662,"vidolFlame"
2165662,"vidolLumas"
2165662,"vidolPyro"
2165662,"vidolFocus"
2165662,"vidolMight"
2261919,"crreamGreed"
2261919,"crreamCult"
2261919,"crreamChat"
2305215,"bartgeoOGG"
2316268,"sendohCs"
2316268,"sendohPiscolita"
2335051,"foolzHarambe"
2335051,"foolzOD"
2335051,"foolzFREEBURGER"
2335051,"foolzSmoked"
2400710,"membHI2"
2400710,"membLOL2"
2400710,"membHYPE2"
2400710,"membGG2"
2444349,"murrScrub"
2444349,"murrFNILogo"
2444349,"murrFNIText"
2444349,"murrSulz"
2444349,"murrGoldChunes"
2444349,"murrSchleep"
2955503,"tmdzJamie"
2955503,"tmdzEnserio"
2955503,"tmdzSi"
2955503,"tmdzNo"
2955503,"tmdzSonrisa"
2955503,"tmdzDance"
3394619,"teeveePOG"
3394619,"teeveeSip"
3394619,"teeveeBlank"
3394619,"teeveeYIKES"
3394619,"teeveeCozy"
3394619,"teevee4W"
3394619,"teeveeWH2"
3394619,"teeveeWH1"
3394619,"teeveeH1"
3394619,"teeveeH2"
3394619,"teeveeB1"
3394619,"teeveeB2"
3394619,"teeveeB3"
3394619,"teeveeWHO"
3394619,"teeveeWidepeepohappychamp2"
3394619,"teeveeWidepeepohappychamp1"
3394619,"teeveeL"
3394619,"teeveeM"
3394619,"teeveeEZ"
3394619,"teevee5H"
3394619,"teeveeJUNE"
3394619,"teeveeFlex"
3396422,"keitChicken"
3396422,"keitShot"
3396422,"keitSwooce"
3396422,"keitRun"
3396422,"keitBang"
3396422,"keitBabyboy"
3396422,"keitCilvanis"
3396422,"keitDab"
3396422,"keitSquareup"
3396422,"keitFiend"
3396422,"keitHuhey"
3396422,"keitExposed"
3396422,"keitCatch"
3396422,"keitOf"
3396422,"keitDese"
3396422,"keitBan"
3396422,"keitKaz"
3396422,"keitSmug"
3396422,"keitLESGO"
3396422,"keitJCOLE"
3396422,"keitWATER"
3396422,"keitJUICE"
3396422,"keitPOGGERS"
3396422,"keitOof"
3396422,"keitHigh"
3396422,"keit4"
3396422,"keit1"
3396422,"keitLag"
3396422,"keitTrain"
3396422,"keitStoopid"
3396422,"keitIsee"
3396422,"keitMin"
3396422,"keitBooty"
3398302,"tailsGasm"
3398302,"tailsHi"
3398302,"tailsSad"
3398302,"tailsFire"
3398302,"tailsRage"
3398302,"tailsNess"
3398302,"tailsLUL"
3398302,"tailsShook"
3398302,"tailsSub"
3398302,"tailsGG"
3398302,"tailsHyuck"
3398302,"tailsPog"
3398302,"tailsKappa"
3398302,"tailsSalt"
3398302,"tailsLove"
3398302,"tailsRekt"
3437365,"yogiRacer"
3437365,"yogiGG"
3437365,"yogiEagleMan"
3451410,"eksesGod"
3451410,"eksesHype"
3451410,"eksesFMn"
3451410,"eksesDeadly"
3451410,"ekses3grd"
3451410,"eksesGG"
3451410,"eksesRekt"
3677556,"buscusGryphon"
3677556,"buscusCute"
3677556,"buscusFail2"
3677556,"buscusPog"
3677556,"buscusLog"
3677556,"buscuscantafford"
3677556,"buscusTimTim"
3677556,"buscusOFACE"
3677556,"buscusBless"
3677556,"buscusLove"
3677556,"buscusLord"
3677556,"buscusAttack"
3677556,"buscusOoo"
3677556,"buscusWizard"
3677556,"buscusOg"
3677556,"buscusNug"
3677556,"buscusTorch"
3677556,"buscusLag"
3677556,"buscusNo"
3677556,"buscusEpic"
3677556,"buscusWin"
3677556,"buscusPeaceoff"
3939463,"atsuSad"
3939463,"atsuHi"
3939463,"atsuRage"
3939463,"atsuHype"
4034015,"itsprKappa"
4086908,"elisePearl"
4086908,"eliseThink"
4086908,"eliseOh"
4086908,"eliseRigged"
4086908,"eliseNice"
4086908,"eliseLucky"
4086908,"eliseSplat"
4086908,"eliseHi"
4086908,"eliseHype"
4086908,"eliseLurk"
4086908,"eliseSad"
4086908,"eliseHammer"
4086908,"eliseLove"
4255239,"cistFLOOR"
4255239,"cistTOXIC"
4255239,"cistYIKES"
4255239,"cistDreams"
4255239,"cistOOF"
4255239,"cistFDKM"
4255239,"cistWEIRD"
4255239,"cistGREENBEAR"
4255239,"cistTFYOUSAY"
4255239,"cistUWU"
4255741,"strangVIBES"
4255741,"strangW"
4255741,"strangGG"
4255741,"strangLOVE"
4255741,"strangE"
4255741,"strangREKT"
4255741,"strangSUB"
4255741,"strangGOAT"
4255741,"strangNLT"
4255741,"strangHI"
4255741,"strangLUCKY"
4255741,"strangLOL"
4255808,"shtickyEAT"
4270896,"immortalRT"
4270896,"immortalProf"
4378902,"troutpout1"
4420730,"diemDaddy"
4420730,"diemCare"
4420730,"diemIDont"
4420730,"diemBless"
4420730,"diem1"
4420730,"diem2"
4420730,"diem3"
4420730,"diem4"
4420730,"diemHey"
4420730,"diemToo"
4420730,"diemBad"
4420730,"diemOMG"
4420730,"diemHaha"
4420730,"diemNANI"
4420730,"diemDAHMG"
4420730,"diemPuke"
4420730,"diemWow"
4420730,"diemPig"
4420730,"diemCreep"
4420730,"diemY"
4420730,"diemPeek"
4420730,"diemDAB"
4420730,"diemMad"
4420730,"diemSmile"
4420730,"diemGlad"
4420730,"diemAngy"
4420730,"diemFIRE"
4420730,"diemHype"
4420730,"diemHehe"
4420730,"diemLMAO"
4420730,"diemSad"
4420730,"diemWeird"
4420730,"diemBlush"
4420730,"diemSmart"
4420730,"diemDry"
4420730,"diemThinkies"
4420730,"diemO"
4420730,"diemAngwy"
4420730,"diemTake"
4420730,"diemMONKAS"
4420730,"diemToxic"
4420730,"diemJammed"
4781283,"justwaitBigWigs"
4781283,"justwaitMouth"
4794831,"mibrLogo"
4794831,"mibrPokas"
4794831,"mibrVaa"
4794831,"mibrAmo"
4794831,"mibrQueota"
4794831,"mibrVassoura"
4794831,"mibrMIBRcone"
5000563,"chxbbzCTSO"
5000563,"chxbbzHI"
5000563,"chxbbzNO"
5000563,"chxbbzDOIT"
5000563,"chxbbzFIRE"
5162637,"jaredSmile"
5162637,"jaredHearts"
5285308,"ezheKoPlut"
5285308,"ezheKoKlass"
5285308,"ezheKocringe"
5285308,"ezheRifat"
5285308,"ezheBeka"
5285308,"ezheMara"
5285308,"ezheSmolov"
5285308,"ezheSmoLove"
5285308,"ezheRoll"
5285308,"ezheRage"
5285308,"ezheKoKamano"
5285308,"ezheLook"
5285308,"ezheBara"
5285308,"ezheKulya"
5285308,"ezheLis"
5313783,"fnatvHellokitty"
5345890,"inklingsWrits"
5345890,"inklingsNotTH"
5345890,"inklingsSilentlyJudging"
5345890,"inklingsDC"
5345890,"inklingsEP"
5345890,"inklingsAD"
5345890,"inklingsTFF"
5345890,"inklingsNinjacringe"
5345890,"inklingsTFTL"
5345890,"inklingsTFTR"
5345890,"inklingsTFBL"
5345890,"inklingsTFBR"
5345890,"inklingsGold"
5345890,"inklingsBlue"
5345890,"inklingsFUFINN"
5442330,"juggerSnap"
5442330,"juggerFun"
5442330,"juggerCar"
5442330,"juggerVR"
5442330,"juggerSpider"
5442330,"juggerSF"
5442330,"juggerXP"
5442330,"juggerSwiss"
5442330,"juggerBuddy"
5442330,"juggerLuna"
5442330,"juggerDevil"
5442330,"juggerDevil2"
5442330,"juggerScamp"
5442330,"juggerAshley"
5442330,"juggerRage"
5442330,"juggerPoopjohn"
5442330,"juggerRidgid"
5442330,"juggerPsychodad"
5442330,"juggerJugg"
5442330,"juggerFunk"
5442330,"juggerHype"
5442330,"juggerJeffrey"
5442330,"juggerElla"
5442330,"juggerTom"
5442330,"juggerMom"
5521605,"ewrCassandra"
5521605,"ewrXianghua"
5521605,"ewrTira"
5521605,"ewrAstaroth"
5521605,"ewrAzwel"
5521605,"ewrTalim"
5574468,"tldrEclip"
5574468,"tldrStar"
5574468,"tldrPop"
5574468,"tldrPup"
5574468,"tldrHype"
5574468,"tldrPalm"
5574468,"tldrNnice"
5574468,"tldrZzz"
5574468,"tldrScar"
5660411,"sntrTyrant"
5660411,"sntrElder"
5660411,"sntrMonka"
5660411,"sntrFlush"
5660411,"sntrBrit"
5660411,"sntrSanity"
5660411,"sntrOk"
5660411,"sntrWhoa"
5660411,"sntrWhee"
5660411,"sntrMeow"
5660411,"sntrJVC"
5660411,"sntrStare"
5660411,"sntrOld"
5660411,"sntrZilla"
5660411,"sntrCrackMack"
5660411,"sntrMimic"
5660411,"sntrCrazy"
5660411,"sntrEye"
5660411,"sntrLemming"
5660411,"sntrFirst"
5660411,"sntrCrazyA"
5660411,"sntrTentacle"
5660411,"sntrStan"
5660411,"sntrXeen"
5726483,"nanito7"
5726483,"nanito1"
5726483,"nanito4"
5726483,"nanito5"
5726483,"nanito6"
5895485,"jensRIP"
5925754,"olaWizardhat"
5925754,"olaFace"
5925801,"dtoidAna1HP"
5925801,"dtoidLove"
5938920,"avarFace"
5938920,"avarThonk"
5938920,"avarThink"
5938920,"avarWeeb"
5938920,"avarDab"
5938920,"avarCute"
5938920,"avarChair"
5938920,"avarRip"
5938920,"avarSmoog"
5938920,"avarBot"
5938920,"avarFightTHEpower"
5938920,"avarAYAYA"
5938920,"avarSmart"
5938920,"avarPokiEars"
5959722,"pulpJudge"
5959722,"pulpS"
5959722,"pulpLUL"
5959722,"pulpOof"
5959722,"pulpCry"
5959722,"pulpTune"
5959722,"pulpYeah"
5959722,"pulpRip"
5959722,"pulpSRS"
5959722,"pulpGasm"
5959722,"pulpHi"
5959722,"pulpHeart"
5959722,"pulpOG"
5959722,"pulpSink"
5959722,"pulpRage"
5959722,"pulpHype"
6346472,"focuzedHype"
6346472,"focuzedHey"
6346472,"focuzedScared"
6346472,"focuzedKing"
6346472,"focuzedLUL"
6346472,"focuzedCry"
6346472,"focuzedGG"
6346472,"focuzedSleeper"
6346472,"focuzedPog"
6346472,"focuzedLove"
6346472,"focuzedCostume"
6346472,"focuzedTreat"
6346472,"focuzedMM"
6362178,"pitsisTakamouri"
6362178,"pitsisWut"
6362178,"pitsisCancerSign"
6362178,"pitsisKinkyBoy"
6362178,"pitsisFirstTry"
6362178,"pitsisKappa"
6534433,"ohjenHi"
6534433,"ohjenWink"
6534433,"ohjenHuh"
6534433,"ohjenThump"
6534433,"ohjenShrug"
6534433,"ohjenFail"
6534433,"ohjenGasm"
6534433,"ohjenLove"
6534433,"ohjenLUL"
6534433,"ohjenCringe"
6534433,"ohjenHype"
6534433,"ohjenRigged"
6534433,"ohjenRIP"
6626200,"dethePride"
6626200,"detheEpatha"
5313783,"fnatvFan"
5313783,"fnatvWakefusdream"
5453691,"nephaniWater"
7236692,"danNoted"
7560447,"melanyPalhacitah"
7560447,"melanyHMMM"
7560447,"melanyGAROUTAA"
7560447,"melanyBRABO"
7560447,"melanyOIS"
7601562,"chesscomFire"
7601562,"chesscomFirouzja"
7601562,"chesscomCanty"
7601562,"chesscomKappAronian"
7601562,"chesscomBabyFork"
7601562,"chesscomRosen"
7601562,"chesscomYep"
7601562,"chesscomBerlin"
7601562,"chesscomDingLiren"
7601562,"chesscomNepo"
7679293,"elliotgPeekNari"
7679293,"elliotgMadNari"
7679293,"elliotgChadNari"
7679293,"elliotgBonkNari"
7679293,"elliotgWHAT"
7679293,"elliotgAhhhhNari"
7679293,"elliotgPleadNari"
7679293,"elliotgFlowerNari"
7679293,"elliotgSleepNari"
7679293,"elliotgTeeHee"
7679293,"elliotgTigPeace"
7679293,"elliotgMadNariButNormalEyes"
7679293,"elliotgPetNari"
7679293,"elliotgTighdrate"
7679293,"elliotgEarWiggle"
7679293,"elliotgNoThoughts"
7679293,"elliotgTighdrateBlueCan"
7679293,"elliotgSadNari"
7679293,"elliotgPayNari"
7679293,"elliotgPogNari"
7679293,"elliotgHeartNari"
7679293,"elliotgOK"
7679293,"elliotgNO"
7679293,"elliotgBrushNari"
7679293,"elliotgSlayNari"
7832442,"riffTor"
7832442,"riffGlare"
7886744,"sabinTV"
7886744,"sabinAAA"
7886744,"sabinSHILL"
7886744,"sabinNYC"
7886744,"sabinWAXED"
7886744,"sabinKINS"
7886744,"sabinUnamused"
7886744,"sabinCen"
7886744,"sabinYungart"
7886744,"sabinDeus"
7886744,"sabinSop"
7886744,"sabinHigh"
7886744,"sabinBlowup"
7886744,"sabinYoga"
7886744,"sabinMaxcpm"
7886744,"sabinAnime"
7886744,"sabinBoon"
7886744,"sabin120"
7933128,"kozBarrio"
7933128,"kozSip"
7933128,"kozPop"
7969462,"gmbSalty"
7969462,"gmbHyperX1"
8341905,"blade5Nomongols"
8341905,"blade5NoDelhi"
8341905,"blade5Slap"
8412164,"gwolfBlue"
8412164,"gwolfPog"
8412164,"gwolfLUL"
8412164,"gwolfWave"
8412164,"gwolfOof"
8421033,"kikoskHey"
8439338,"aquanaHype"
8439338,"aquanaLove"
8439338,"aquanaCry"
8439338,"aquanaO"
8439338,"aquanaHug"
8439338,"aquanaSnug"
8439338,"aquanaLewd"
8439338,"aquanaFine"
8439338,"aquanaG"
8439338,"aquanaRIP"
8439338,"aquanaFast"
8439338,"aquanaXigFace"
8439338,"aquanaThonk"
8439338,"aquanaMustache"
8439338,"aquanaAngy"
8439338,"aquanaGasp"
8439338,"aquanaAyaya"
8439338,"aquanaBanger"
8439338,"aquanaW"
8439338,"aquanaLul"
8439338,"aquanaBox"
8439338,"aquanaScream"
8439338,"aquanaPoint"
8439338,"aquanaSMH"
8439338,"aquanaYo"
8488048,"fuzzy4Head"
8510151,"grimxdDbot"
8510151,"grimxdGfan"
8715881,"pbgTECH"
8715881,"pbgTHICC"
8715881,"pbgTHICCG"
8715881,"pbgRAIN"
8715881,"pbgRIP"
8715881,"pbgDAB"
8715881,"pbgSCREAM"
8715881,"pbgWAVE"
8715881,"pbgBEG"
8715881,"pbgFAINT"
8715881,"pbgSING"
8715881,"pbgLUL"
8715881,"pbgFACE"
8715881,"pbgFREAK"
8715881,"pbgMAD"
8715881,"pbgHYPE"
8715881,"pbgAHH"
8715881,"pbgJUMP"
8715881,"pbgGLARE"
8715881,"pbgOOO"
8715881,"pbgSMOKE"
8715881,"pbgHAPPY"
8715881,"pbgSMILEY"
8715881,"pbgHEHE"
8715881,"pbgTONGUE"
8715881,"pbgGAMER"
8715881,"pbgSMILE"
8715881,"pbgSPOOK"
8715881,"pbgPOGGERS"
8715881,"pbgLuka"
8715881,"pbgYes"
8715881,"pbgCHEERING"
8715881,"pbgShook"
8715881,"pbgNo"
8715881,"pbgWowie"
8715881,"pbgAzura"
8715881,"pbgTrue"
8715881,"pbgCRYING"
8715881,"pbgDs"
8715881,"pbgHeart"
8715881,"pbgLeave"
8715881,"pbgYum"
8715881,"pbgSHAKE"
8715881,"pbgStare"
8715881,"pbgSick"
9049063,"riivHeal"
9049063,"riivW"
9049063,"riivGoodVibes"
9049063,"riivSkrob"
9256066,"junkersGFN"
9256066,"junkersGspam"
9256066,"junkersFWN8"
9256066,"junkersREKT"
9256066,"junkersTopkek"
9256066,"junkersO7"
9279642,"pulseeOof"
9279642,"pulseeNani"
9279642,"pulseeHug"
9279642,"pulseeFeels"
9279642,"pulseeSmug"
9279642,"pulseeHmm"
9279642,"pulseeDerp"
9279642,"pulseeWave"
9279642,"pulseeSellout"
9279642,"pulseeWide2"
9279642,"pulseeWide1"
9279642,"pulseeShook"
9279642,"pulseePog"
9279642,"pulseeFab"
9279642,"pulseeCute"
9279642,"pulseeComfy"
9279642,"pulseeFine"
9279642,"pulseeLurk"
9279642,"pulseeTriumph"
9279642,"pulseeFlushed"
9279642,"pulseeSmile"
9279642,"pulseePause"
9279642,"pulseeNice"
9279642,"pulseeBOUNCE"
9279642,"pulseePat"
9279642,"pulseePOG"
9279642,"pulseeBRUH"
9279642,"pulseeANGY"
9279642,"pulseeHYPERS"
9279642,"pulseeBless"
9279642,"pulseeWOBB"
9279642,"pulseeTap"
9279642,"pulseeLove"
9279642,"pulseeEyes"
9279642,"pulseeArrive"
9279642,"pulseeSus"
9279642,"pulseeCringe"
9279642,"pulseeSip"
9279642,"pulseeLewd"
9279642,"pulseeSuffer"
9279642,"pulseeRISE"
9279642,"pulseeLmao"
9279642,"pulseeGross"
9279642,"pulsee7"
9460020,"kishPIPI"
9486879,"halomc1SMOKE"
9486879,"halomc1VOLANDO"
9486879,"halomc1VOLANDO2"
9486879,"halomc1CUTE"
9486879,"halomc1ANGRY"
9528182,"chilledChair"
9528182,"chilledXMASBONK"
9528182,"chilledSLEIGH1"
9528182,"chilledKRAMPUS"
9528182,"chilledXMASHEART"
9528182,"chilledSLEIGH2"
9528182,"chilledTORTMAS"
9528182,"chilledUZI"
9528182,"chilledCOOKIE"
9528182,"chilledLOSE"
9528182,"chilledTIFFSIT"
9528182,"chilledRICESIT"
9611617,"lugiaSir"
9611617,"lugiaCry"
9611617,"lugiaLOL"
9611617,"lugiaCute"
9611617,"lugiaCool"
9611617,"lugiaOMG"
9611617,"lugiaRage"
9611617,"lugiaF"
9611617,"lugiaGasm2"
9611617,"lugiaLEL"
9611617,"lugiaSed"
9611617,"lugiaHuevo"
9611617,"lugiaWink"
9611617,"lugiaDoritos"
9611617,"lugiaCheers"
9611617,"lugiaXmas2"
9611617,"lugiaMexas"
9611617,"lugiaEvil"
9611617,"lugiaPride2"
9611617,"lugiaBigF"
9611617,"lugiaRage2"
9652726,"jepsonHaters"
9652726,"jepsonRoad"
9652726,"jepsonJiggy"
9652726,"jepsonScam"
9652726,"jepsonChamp"
9652726,"jepsonPalm"
9652726,"jepsonLewd"
9652726,"jepsonHorn"
9652726,"jepsonHype"
9652726,"jepsonLUL"
9652726,"jepsonU"
9652726,"jepsonJabba"
9652726,"jepsonEyes"
9652726,"jepsonWaHey"
9652726,"jepsonThink"
9652726,"jepsonPain"
9652726,"jepsonUwU"
9652726,"jepsonPride"
9652726,"jepsonBank"
9652726,"jepsonToast"
9652726,"jepsonWhy"
9652726,"jepsonScream"
9652726,"jepsonPizza"
9652726,"jepsonSurprise"
9652726,"jepsonDude"
9652726,"jepsonHelp"
9652726,"jepsonFirst"
9652726,"jepsonSmile"
9652726,"jepsonWow"
9652726,"jepsonBits"
9652726,"jepsonLove"
9652726,"jepsonP"
9652726,"jepsonGetJiggy"
9652726,"jepsonLurk"
9652726,"jepsonRage"
9652726,"jepsonCry"
9652726,"jepsonWave"
9652726,"jepsonEyesButFaster"
9652726,"jepsonSob"
9652726,"jepsonExcite"
9652726,"jepsonTooBad"
9652726,"jepsonMad"
9652726,"jepsonAHH"
9652726,"jepsonSkull"
9652726,"jepsonCheers"
9652726,"jepsonT"
9661257,"boogieBoogcard"
9661257,"boogieMoney"
9661257,"boogieGoblin"
9661257,"boogieMouse"
9661257,"boogiePoo"
9661257,"boogieLove"
9661257,"boogieSad"
9661257,"boogieBanger"
9661257,"boogieBurgers"
9661257,"boogieCactus"
9661257,"boogieClipThis"
9661257,"boogieF150"
9661257,"boogieHype"
9661257,"boogieLit"
9661257,"boogieLove2"
9661257,"boogieLOL"
9661257,"boogiePacman"
9661257,"boogiePog"
9661257,"boogiePrime"
9661257,"boogieRIP"
9661257,"boogieSammy2"
9661257,"boogieScared"
9661257,"boogieSleep"
9661257,"boogieSub"
9661257,"boogieCorn"
9661257,"boogieFace"
9661257,"boogieRedneck"
9661257,"boogieSammy"
9661257,"boogieWWW"
9661257,"boogieRAGE"
9661257,"boogieGOLD"
9661257,"boogieBomb1"
9661257,"boogieBomb2"
9661257,"boogieBomb3"
9679595,"grimNite"
9679595,"grimT"
9679595,"grimUgh"
9679595,"grimGasm"
9679595,"grimBones"
9679595,"grimFlag"
9679595,"grimBan"
9679595,"grim1"
9679595,"grim2"
9679595,"grimHeal"
9679595,"grimC"
9679595,"grimYes"
9679595,"grimNo"
9679595,"grim3"
9679595,"grimBlood"
9679595,"grimG1"
9679595,"grimG2"
9679595,"grimGUUL"
9679595,"grimSick"
9679595,"grimAward"
9679595,"grimWhy"
9679595,"grimTrigger"
9679595,"grimBlind"
9679595,"grimLater1"
9679595,"grimWtf"
9679595,"grimRock1"
9679595,"grimRock2"
9679595,"grimMald"
9679595,"grimClown"
9679595,"grimLater"
9679595,"grimLul"
9679595,"grimNope"
9679595,"grimSmash"
9679595,"grimUh"
9679595,"grimPog"
9679595,"grimHm"
9679595,"grimSus"
9679595,"grimBubu"
9679595,"grimWelp"
9679595,"grimShh"
9679595,"grimSub"
9679595,"grimHyuk"
9679595,"grimS"
9679595,"grimLick1"
9679595,"grimLick2"
9679595,"grimLove"
9679595,"grimSeat"
9679595,"grimGG"
9679595,"grimOmg"
9679595,"grimDumb"
9679595,"grimR"
9679595,"grimDS"
9679595,"grimYum"
9679595,"grimYep"
9679595,"grimQ"
9679595,"grimG"
9679595,"grimUhoh"
9679595,"grimRock"
9679595,"grimSad"
9679595,"grimX"
9679595,"grimKEKW"
9679595,"grimElf"
9679595,"grimE"
9679595,"grimSup"
9679595,"grimWooo"
9679595,"grimChl"
9679595,"grimHehe"
9846758,"vgbcGimR"
9846758,"vgbcAposl"
9846758,"vgbcHype"
9846758,"vgbcDown"
9846758,"vgbcSneak"
9846758,"vgbcScript"
9846758,"vgbcWut"
9846758,"vgbcD3"
9846758,"vgbcD2"
9846758,"vgbcTaunt"
9846758,"vgbcKrool"
9846758,"vgbcLight"
9846758,"vgbcPog"
9846758,"vgbcShrug3"
9846758,"vgbcShrug2"
9846758,"vgbcShrug1"
9846758,"vgbcLUL"
9846758,"vgbcS"
9846758,"vgbcJabLock"
9846758,"vgbcJV"
9846758,"vgbcReverse"
9846758,"vgbcShieldBreak"
9846758,"vgbcStock"
9846758,"vgbcTimeOut"
9846758,"vgbcSmart"
9846758,"vgbcJumpSteal"
9846758,"vgbcEdgeGuard"
9846758,"vgbcUsa"
9846758,"vgbcCc10"
9846758,"vgbcMexico"
9846758,"vgbcJapan"
9846758,"vgbcChile"
9848509,"kareedaMelonHeart"
9848509,"kareedaDab"
9848509,"kareedaCry"
9848509,"kareedaKiss"
9848509,"kareedaPogRex"
9848509,"kareedaAyaya"
9848509,"kareedaAREEE"
9848509,"kareedaHYPERS"
9848509,"kareedaLurk"
9848509,"kareedaSip"
9848509,"kareedaBang"
9848509,"kareedaRed"
9848509,"kareedaPanic"
9848509,"kareedaSmug"
9848509,"kareedaFacePalm"
9848509,"kareedaLove"
9848509,"kareedaHeadpat"
9848509,"kareedaHi"
9848509,"kareedaWantsit"
9848509,"kareedaUnless"
9848509,"kareedaFrozen"
9848509,"kareedaKing"
9848509,"kareedaPizza"
9848509,"kareedaKissFire"
9848509,"kareedaKama"
9848509,"kareedaRawr"
9848509,"kareedaPistol"
9848509,"kareedaAngry"
9848509,"kareedaGun"
9848509,"kareedaSleep"
9848509,"kareedaOtherGun"
9848509,"kareedaHype"
9848509,"kareedaFireSpin"
9848509,"kareedaPokeball"
9848509,"kareedaRage"
9852545,"chenGasm"
9852545,"chenLogic"
9852545,"chenRage"
9852545,"chenKill"
9852545,"chenHmm"
9852545,"chenNuts"
9852545,"chenFuuu"
9852545,"chenSigma"
9852545,"chenKyo"
9852545,"chenLucia"
9852545,"chenLowTier"
9852545,"chenNathLP"
9852545,"chenNathMP"
9852545,"chenNathHP"
9852545,"chenNathMK"
9852545,"chenNathHK"
9852545,"chenNathan"
9852545,"chenNButt"
9852545,"chenJButt"
9852545,"chenShades"
10004253,"alex19ITHINK"
10004253,"alex19READS"
10004253,"alex19WHATSTHAT"
10004253,"alex19G8R"
10004253,"alex19PC"
10004253,"alex19OHMY"
10004253,"alex19NOFRIENDS"
10004253,"alex19FeelsMagicMan"
10004253,"alex19Shrek"
10004253,"alex19CAMP"
10004253,"alex19HUGODOUKEN"
10004253,"alex19GOLD"
10004253,"alex19PLAT"
10004253,"alex19DUNK"
10004253,"alex19TUESDAY"
10004253,"alex19BLUR"
10004253,"alex19CHEESECAKE"
10004253,"alex19W"
10004253,"alex19MAGIC"
10004253,"alex19OhNo"
10004253,"alex19PogChimp"
10004253,"alex19SHARK"
10004253,"alex19GAZORPAZORP"
10004253,"alex19HMMM"
10004253,"alex19GO"
10004253,"alex19PROF"
10004253,"alex1919"
10004253,"alex19DUNDUNDUN"
10004253,"alex19LUL"
10004253,"alex19A19"
10004253,"alex19AL"
10004253,"alex19BOBO"
10004253,"alex19SCAR"
10004253,"alex19CHIMPETTE"
10033435,"stridersMath"
10033435,"stridersDestro1"
10033435,"stridersDestro2"
10033435,"stridersDestro3"
10033435,"stridersLand"
10033435,"stridersGoodGarbage"
10033435,"stridersLamp"
10033435,"stridersRead"
10033435,"stridersKeep"
10033435,"stridersTroll"
10033435,"stridersCuffs"
10033435,"stridersRope1"
10033435,"stridersRope2"
10033435,"stridersRope3"
10033435,"striders1HP"
10033435,"stridersExplode"
10033435,"stridersScrewed"
10033435,"stridersWhere"
10033435,"stridersCheers1"
10033435,"stridersSmoke"
10033435,"stridersCheers2"
10033435,"stridersDance"
10033435,"stridersSaltShaker"
10033435,"stridersLampAppear"
10086201,"dieselShot"
10086201,"dieselGG"
10086201,"dieselSmirk"
10086201,"dieselCh"
10086201,"dieselGift"
10086201,"dieselJB"
10086201,"dieselMae"
10086201,"dieselMD"
10086201,"dieselPlums"
10086201,"dieselREKT"
10086201,"dieselRIP"
10086201,"dieselSEND"
10086201,"dieselEZ"
10086201,"dieselT"
10086201,"dieselC"
10086201,"dieselHE"
10086201,"dieselWipe"
10086201,"dieselST"
10086201,"dieselOMOO"
10086201,"dieselOpTic"
10086201,"dieselLove"
10086201,"dieselFT"
10086201,"dieselD"
10086201,"dieselS"
10086201,"dieselHK"
10086201,"dieselGold"
10086201,"dieselWUT"
10086201,"dieselKobe"
10086201,"dieselToxic"
10086201,"dieselBDP"
10086201,"dieselRAGE"
10086201,"dieselBB"
10086201,"dieselOot"
10086201,"dieselICE"
10086201,"dieselHYPE"
10086201,"dieselCAME"
10136962,"livelySip"
10136962,"livelyThink"
10136962,"livelyComfy"
10136962,"livelyHuh"
10136962,"livelyEyes"
10136962,"livelyNotes"
10136962,"livelyHeyo"
10136962,"livelyBigeyes"
10136962,"livelySlam"
10136962,"livelyJam"
10136962,"livelyKid"
10136962,"livelySmug"
10154953,"nfenHAM"
10154953,"nfenOH"
10154953,"nfenCREAM"
10154953,"nfenCREAMED4"
10154953,"nfenCREAMED3"
10154953,"nfenCREAMED2"
10154953,"nfenCREAMED1"
10154953,"nfenSTACHED"
10154953,"nfenPOG"
10154953,"nfenICBH"
10154953,"nfenStacheChamp"
10154953,"nfenFeelsBad"
10154953,"nfenTATER"
10154953,"nfenWeirdcHAMp"
10154953,"nfenPogChamp"
10154953,"nfenPogChampW"
10154953,"nfenTATE"
10154953,"nfenYEET"
10154953,"nfenPOGSLIDE"
10154953,"nfenSODA"
10154953,"nfenHUH"
10154953,"nfenPOGSHAKE"
10154953,"nfenPOTATAI"
10154953,"nfenNO"
10154953,"nfenSMOOCH"
10154953,"nfenDUB"
10154953,"nfenWAIT"
10154953,"nfenWUT"
10154953,"nfenYES"
10154953,"nfenTRUE"
10181362,"octoImpacto"
10181362,"octoNi"
10181362,"octoNa"
10181362,"octoDab"
10181362,"octoUp"
10181362,"octoOil"
10181362,"octoTo"
10181362,"octoItsTime"
10181362,"octoRB"
10181362,"octoBless"
10181362,"octoMon"
10181362,"octoSum"
10181362,"octoProf"
10181362,"octoLewd"
10181362,"octoWhy"
10181362,"octoWOLOLO"
10181362,"octoSad"
10181362,"octoCHARGE"
10181362,"octoToxsip"
10181362,"octoAngel"
10181362,"octoRIP"
10181362,"octoUnga"
10181362,"octoLurk"
10181362,"octoFoil"
10181362,"octoClown"
10181362,"octoFine"
10181362,"octoHack"
10181362,"octoYeehaw"
10181362,"octoGun"
10181362,"octoRCB"
10181362,"octoRedcard"
10181362,"octoPathetic"
10181362,"octoNut2"
10181362,"octoLove"
10181362,"octoFRE"
10181362,"octoOOF"
10181362,"octoKazoo"
10181362,"octo200IQ"
10181362,"octoKnife"
10181362,"octoTank"
10181362,"octoMisery"
10181362,"octoBonka"
10181362,"octoNeuron"
10181362,"octoFAST"
10181362,"octoWallet"
10181362,"octoLd"
10181362,"octoAscenda"
10181362,"octoDing"
10181362,"octoDance"
10181362,"octoGrab"
10181362,"octoFancy"
10217631,"pattyHelping"
10217631,"pattyS"
10217631,"pattyBaited"
10217631,"pattyYikes"
10217631,"pattyOK"
10217631,"pattyRIP"
10217631,"pattyMods"
10217631,"pattyMald"
10217631,"pattyOwO"
10217631,"pattyH"
10217631,"pattyPun"
10217631,"pattySmile"
10217631,"pattyDope"
10217631,"pattyChat"
10217631,"pattyButt"
10217631,"pattyX"
10217631,"pattyFaith"
10217631,"pattyMoney"
10217631,"pattySmug"
10217631,"pattyBrain"
10217631,"pattyEw"
10217631,"pattyD"
10217631,"pattyWant"
10217631,"pattySip"
10217631,"pattyShambles"
10217631,"pattyNice"
10217631,"pattyO"
10217631,"pattyShrug"
10217631,"pattyCozy"
10217631,"pattyChill"
10217631,"pattyMad"
10217631,"pattyDimmaDab"
10217631,"pattySquint"
10217631,"pattyGoodGamer"
10217631,"pattyHi"
10217631,"pattyGAMBA"
10217631,"pattyCute"
10217631,"pattyThinkin"
10217631,"pattyPadi"
10217631,"pattyDance"
10217631,"pattyMonkey"
10217631,"pattyOwie"
10217631,"pattyBeeg"
10217631,"pattyHowdy"
10217631,"pattySpooky"
10217631,"pattyHypers"
10217631,"pattyOMEGAPAIN"
10217631,"pattyLOL"
10217631,"pattyPain"
10217631,"pattyOG"
10217631,"pattyYou"
10217631,"pattyThink"
10217631,"pattySearch"
10217631,"pattySad"
10217631,"pattyOHNO"
10217631,"pattyEyes"
10217631,"pattyNODDERS"
10217631,"pattyWave"
10217631,"pattyLurk"
10217631,"pattyPoint"
10217631,"pattyOld"
10217631,"pattyChad"
10217631,"pattyDoot"
10217631,"pattyBald"
10217631,"pattyLove"
10219676,"dsmoov1Obama"
10219676,"dsmoov1Rise"
10219676,"dsmoov1Swang"
10219676,"dsmoov1Pog"
10219676,"dsmoov1Cap"
10219676,"dsmoov1Wut"
10219676,"dsmoov1Woke"
10319232,"clipsHype"
10319232,"clipsDixie"
10319232,"clipsDixielove"
10319232,"clipsJinx"
10319232,"clipsHeyGuys"
10319232,"clipsLove"
10319232,"clipsCrybaby"
10319232,"clipsSleeper"
10319232,"clips2face"
10319232,"clipsLurk"
10319232,"clipsCoolStory"
10319232,"clipsLTD"
10319232,"clipsPigeon"
10319232,"clipsSmoke"
10319232,"clipsWUTTTTT"
10319232,"clipsBigwhiz"
10319232,"clipsStr8"
10319232,"clipsFlex"
10319232,"clipsOh4real"
10319232,"clips3staranimated"
10319232,"clips3star"
10319232,"clipsEzmoney"
10319232,"clipsScam"
10319232,"clipsWutt"
10319232,"clipsJammin"
10319232,"clipsHeadbird"
10319232,"clipsFax"
10328157,"nameCASH"
10328157,"nameLOSTFULL"
10328157,"nameEAT"
10328157,"nameREGAIN"
10328157,"nameSUBHYPE"
10328157,"nameMOBB"
10328157,"nameTRAIN"
10328157,"nameKAPPA"
10328157,"nameSTAR"
10328157,"nameHULK"
10328157,"nameHAMMER"
10328157,"nameIQ"
10328157,"nameBEAM"
10328157,"nameGG"
10328157,"nameLUL"
10328157,"nameSAD"
10328157,"nameRAGE"
10328157,"nameSMH"
10328157,"nameWHAT"
10328157,"nameCAT"
10328157,"nameMONEY"
10328157,"namePOGGERS"
10328157,"nameVIBE"
10328157,"nameHYPED"
10328157,"nameCRY"
10328157,"nameSNIPE"
10328157,"nameSWEAT"
10328157,"nameGIFT"
10328157,"nameLOVE"
10386664,"limmySteel"
10386664,"limmyGumsy"
10386664,"limmyEccied"
10386664,"limmyPoint"
10386664,"limmyAccent"
10386664,"limmyIninin"
10386664,"limmyFh1"
10386664,"limmyDd1"
10386664,"limmyJmchoux"
10386664,"limmyReaction"
10386664,"limmyBh"
10386664,"limmyPlas"
10386664,"limmyDd2"
10386664,"limmyParty"
10386664,"limmyDd3"
10386664,"limmyJm2"
10386664,"limmyTier3"
10386664,"limmyTier2"
10386664,"limmyFatface"
10386664,"limmyYouaredead"
10386664,"limmyCancelled"
10386664,"limmyHeadshake"
10386664,"limmyPermit"
10386664,"limmyCharlie"
10386664,"limmyBlahem"
10386664,"limmyVip"
10386664,"limmyOldman"
10386664,"limmyTears"
10386664,"limmyRaging"
10386664,"limmyIntense"
10386664,"limmyFfs"
10386664,"limmyBaldy"
10386664,"limmyLiar"
10386664,"limmyYouwot"
10386664,"limmyFlexR"
10386664,"limmyFlexC"
10386664,"limmyFlexL"
10386664,"limmySmug"
10386664,"limmyBlaaa"
10386664,"limmyLaugh"
10386664,"limmyTeeth"
10386664,"limmyDespair"
10386664,"limmyFedUp"
10386664,"limmyWfh"
10386664,"limmySkyam"
10386664,"limmy4k"
10386664,"limmyBobbi"
10386664,"limmyBlahemGif"
10386664,"limmyHeadshakeGif"
10386664,"limmyDropit"
10386664,"limmyBabyBlues"
10386664,"limmyEcciedRGif"
10386664,"limmyBeg"
10386664,"limmyRodent"
10386664,"limmyEcciedMGif"
10386664,"limmyEcciedLGif"
10386664,"limmyWakeup"
10386664,"limmyBanter"
10397006,"jerBm1"
10397006,"jerBm2"
10397006,"jerPB"
10397006,"jerHype"
10397006,"jer1G"
10397006,"jerFeels"
10397006,"jerHYPERS"
10397006,"jerWide1"
10397006,"jerWide2"
10397006,"jerWide3"
10397006,"jerCozy"
10397006,"jerBrain"
10397006,"jerL"
10397006,"jerRIP"
10397006,"jerNice"
10397006,"jerBest"
10397006,"jerToof"
10397006,"jerFace"
10397006,"jerKappa"
10397006,"jerPesto"
10397006,"jerFacepalm"
10397006,"jerCry"
10397006,"jerMonikaS"
10397006,"jerC2"
10397006,"jerC"
10397006,"jerFeelsBad"
10397006,"jerLUL"
10397006,"jerYes"
10397006,"jerNo"
10397006,"jerSellout"
10397006,"jerGood"
10397006,"jerBad"
10397006,"jerGasm"
10397006,"jerHYPERLUL"
10397006,"jerPeace"
10397006,"jerAim"
10397006,"jerLove"
10397006,"jerTangle"
10397006,"jerW"
10397006,"jerNote"
10397006,"jerTOS"
10397006,"jerX"
10397006,"jerPog"
10397006,"jerBlind"
10397006,"jerAFK"
10397006,"jerBday"
10397006,"jerYike"
10397006,"jerNM"
10397006,"jerTM"
10397006,"jerCult"
10402653,"drewth6NerdRage"
10402653,"drewth6OOOOO"
10402653,"drewth6Happy"
10402653,"drewth6Scared"
10402653,"drewth6Mad"
10402653,"drewth6Whoa"
10402653,"drewth6Mmmperfect"
10402653,"drewth6Head"
10402653,"drewth6Love"
10402653,"drewth6Smh"
10402653,"drewth6Lickandkick"
10402653,"drewth6Tomato"
10402653,"drewth6ThunderClap"
10402653,"drewth6Cobblerface"
10402653,"drewth6Derp"
10402653,"drewth6Peek"
10402653,"drewth6Yikes"
10402653,"drewth6Eww"
10402653,"drewth6Attitude"
10402653,"drewth6Sick"
10402653,"drewth6Angry"
10402653,"drewth6Lick"
10402653,"drewth6Blush"
10402653,"drewth6Ummm"
10514679,"maynRIP"
10514679,"maynTurtle"
10514679,"maynStare"
10514679,"maynPog"
10514679,"maynLove"
10514679,"maynGotEM"
10514679,"maynShred"
10514679,"maynRave"
10514679,"maynG"
10514679,"maynTilted"
10514679,"maynS"
10514679,"maynNom"
10514679,"maynCOGGERS"
10514679,"maynBall"
10692319,"elixBruh"
10692319,"elixC"
10692319,"elixGasm"
10692319,"elixW"
10692319,"elixOne"
10692319,"elixLurk"
10692319,"elixHype"
10692319,"elixSOAR"
10692319,"elixSwag"
10692319,"elixRAGE"
10692319,"elixIshii"
10692319,"elixSus"
10692319,"elixStrong"
10692319,"elixFaded"
10692319,"elixLaugh"
10692319,"elixThink"
10692319,"elixPride"
10692319,"elixSpit"
10692319,"elixBanger"
10692319,"elixBot"
10692319,"elixCozy"
10692319,"elixDS"
10692319,"elixEZ"
10692319,"elixLaser"
10692319,"elix7"
10692319,"elixBrother"
10692319,"elixIQ"
10692319,"elixLavish"
10692319,"elixDapper"
10692319,"elixWeird"
10692319,"elixHappy"
10692319,"elixFancy"
10692319,"elixKEKW"
10692319,"elixHydrate"
10692319,"elixRupert"
10692319,"elixSnack"
10692319,"elixSGO"
10692319,"elixLove"
10692319,"elixCash"
10692319,"elixSmirk"
10692319,"elixS"
10692319,"elixGift"
10692319,"elixFUN"
10692319,"elixSHEESH"
10692319,"elixBits"
10692319,"elixR"
10692319,"elixSnipe"
10692319,"elixH"
10692319,"elixWTF"
10692319,"elixSmile"
10692319,"elixGG"
10692319,"elixSweat"
10692319,"elixWave"
10692319,"elixXath"
10692319,"elixL"
10692319,"elixDerp"
10794219,"ketRaven"
10794219,"ketRekt"
10794219,"ketBoom"
10794219,"ketOrange"
10794219,"ketGGBat"
10794219,"ketCannon"
10794219,"ketNoPants"
10794219,"ketZergTears"
10794219,"ketKappa"
10794219,"ketSeeker"
10814064,"calleYUNG007"
10814064,"calleSpeederman"
10814064,"calleLasagna"
10814064,"calleDuctTape"
10814064,"calleS1"
10814064,"calleHUH"
10814064,"calleCrongmas"
10814064,"calleJAAA"
10814064,"calleKrey"
10814064,"calleBlankey"
10814064,"calleNoCap"
10814064,"calleCLAGLESS"
10814064,"callePOG"
10814064,"calleTouchGrass"
10817445,"ijpHAPPYG"
10817445,"ijpKINGG"
10817445,"ijpH1"
10817445,"ijpH2"
10817445,"ijpH3"
10817445,"ijpH4"
10817445,"ijpREGI"
10817445,"ijpDF"
10817445,"ijpCHAIR"
10817445,"ijp9559"
10817445,"ijpGASM"
10817445,"ijpWTF"
10817445,"ijpBOOP"
10817445,"ijpSPOILER"
10817445,"ijpCLOWN"
10817445,"ijpCUTE"
10817445,"ijpTOTSUGEKI"
10817445,"ijp5HEAD"
10817445,"ijpH"
10817445,"ijpHAHA"
10817445,"ijpNO"
10817445,"ijpONO"
10817445,"ijpONEGUY"
10817445,"ijpSEXY"
10817445,"ijpOLLIE"
10817445,"ijpDOGSLIDE"
10817445,"ijpW2"
10817445,"ijpHUG"
10817445,"ijpLOOT"
10817445,"ijpOLD"
10817445,"ijp7"
10817445,"ijpCLAP"
10817445,"ijpMAD"
10817445,"ijpCRY"
10817445,"ijpD"
10817445,"ijpSUS"
10817445,"ijpHERO"
10817445,"ijpPRAY"
10817445,"ijpSHRUG"
10817445,"ijpNEVILLE"
10817445,"ijpW1"
10817445,"ijpREPORT"
10817445,"ijpNOM"
10817445,"ijpMONKA"
10817445,"ijpCHEER"
10817445,"ijpEZ"
10817445,"ijpDEAL"
10817445,"ijpAHH"
10817445,"ijpNAP"
10817445,"ijpHI"
10817445,"ijpLUNA"
10817445,"ijpHAPPY"
10817445,"ijpJPNN"
10817445,"ijpPOGGERS"
10817445,"ijpWHALE"
10817445,"ijpFATTY"
10817445,"ijpSMUG"
10817445,"ijpDED"
10817445,"ijpCOMFY"
10817445,"ijpLOVE"
10817445,"ijpNOPERS"
10817445,"ijpSIP"
10817445,"ijpSAD"
10817445,"ijpKEK"
10817445,"ijpLAUGH"
10817445,"ijpNODDERS"
10817445,"ijpANGY"
10817445,"ijpHMM"
10817445,"ijpFIGHT"
10817445,"ijpLURK"
10817445,"ijpSUFFER"
10876012,"butamaButa"
10876012,"butamaPeropero"
10876012,"butamaPero"
10876012,"butamaWhistle"
10876012,"butamaKaidan"
10876012,"butamaThief"
10876012,"butamaCry"
10886638,"fergJulia"
10886638,"fergAyaya"
10886638,"fergAxes"
10886638,"fergEcksDee"
10886638,"fergMorra"
10886638,"fergZaf"
10886638,"fergYass"
10886638,"fergTifa"
10886638,"fergEw"
10886638,"fergSmile"
10886638,"fergLaugh"
10886638,"fergKiss"
10886638,"fergKuni"
10886638,"fergLissie"
10886638,"fergSpook"
10886638,"fergBlush"
10886638,"fergHey"
10886638,"fergBoke"
10886638,"fergCry"
10886638,"fergTea"
10886638,"fergMonkas"
10886638,"fergCmon"
10886638,"fergMash"
10886638,"fergPoggers"
10886638,"fergJam"
10886638,"fergComfy"
10886638,"fergRicky"
10886638,"fergGun"
10886638,"fergSmug"
10886638,"fergShake"
10886638,"fergYandere"
10886638,"fergAngry"
10905809,"ambotClown"
10905809,"ambotStare"
10905809,"ambotSmile"
10905809,"ambotBones"
10905809,"ambotVamp"
10905809,"ambotGlasses"
10905809,"ambotO"
10905809,"ambotPirate"
10905809,"ambotDED"
10905809,"ambotMad"
10905809,"ambotAnnoyed"
10905809,"ambotHmm"
10905809,"ambotMug"
10905809,"ambotPumpkin"
10905809,"ambotDrip"
10905809,"ambotPride"
10905809,"ambotFrank"
10905809,"ambotJason"
10918194,"pfrHost"
10918194,"pfrSad"
10918194,"pfrHi"
10918194,"pfrHey"
10918194,"pfrGift"
10918194,"pfrW"
10951945,"excellentTroll"
10951945,"excellentChef"
10951945,"excellentVinnie"
10951945,"excellentGrassmask"
10951945,"excellentHuss"
10951945,"excellentGamechild"
10951945,"excellentDoll1"
10951945,"excellentSickness"
10951945,"excellentSofa"
10951945,"excellentCrusade"
10951945,"excellentQIP"
10951945,"excellentTech"
10951945,"excellentAnglia"
10951945,"excellentJimmy"
10951945,"excellentBully"
10951945,"excellentMonster"
10951945,"excellentHat"
10951945,"excellentSafari"
10951945,"excellentElk"
10951945,"excellentPOPStation"
10951945,"excellentShepski"
10951945,"excellentDorian"
10951945,"excellentWarra"
10951945,"excellentBlobby"
10951945,"excellentGloobee3"
10951945,"excellentBBCMicro"
10951945,"excellentSkull"
10951945,"excellentPewPewPew"
10951945,"excellentYeahright"
10951945,"excellentGoon"
10951945,"excellentDumpster"
10951945,"excellentWench"
10951945,"excellentScream"
10951945,"excellentRothgo"
10951945,"excellentCrown"
10951945,"excellentIcarus"
10951945,"excellentShakingmonster"
10951945,"excellentUnacceptable"
10951945,"excellentDave"
10951945,"excellentConcern"
10985446,"pinkda2Fki"
11001241,"speedyFeels"
11001241,"speedyREEEE"
11001241,"speedyThonk"
11001241,"speedyGift"
11001241,"speedyKiss"
11001241,"speedyFacepalm"
11001241,"speedyMonka"
11001241,"speedyPopcorn"
11001241,"speedyIQ"
11001241,"speedyTrash"
11001241,"speedyWink"
11001241,"speedyLove"
11001241,"speedyYay"
11001241,"speedyClown"
11001241,"speedyBFC"
11001241,"speedyBuy"
11001241,"speedySell"
11001241,"speedyBlind"
11001241,"speedyHydrate"
11001241,"speedyPoogers"
11001241,"speedyBruh"
11001241,"speedyAyaya"
11001241,"speedyGasm"
11001241,"speedyEyes"
11001241,"speedySmile2"
11001241,"speedyKYRMY"
11001241,"speedyWTF"
11001241,"speedyLaugh"
11001241,"speedySus"
11001241,"speedyHmm"
11001241,"speedyDurrr"
11001241,"speedySmileG"
11001241,"speedyLoveG"
11001241,"speedySmile2G"
11001241,"speedyKYRMYG"
11001241,"speedyLoveDia"
11001241,"speedySmile2Dia"
11001241,"speedySmileDia"
11001241,"speedyGeneral"
11001241,"speedyPoggers"
11001241,"speedyCry"
11001241,"speedyHey"
11001241,"speedyNotes"
11001241,"speedyCrown"
11001241,"speedyTreat"
11001241,"speedyHug"
11001241,"speedyYikes"
11001241,"speedyDab"
11001241,"speedyDabG"
11001241,"speedyShades"
11001241,"speedySmug"
11001241,"speedyPatrick"
11001241,"speedyAngry"
11001241,"speedySalt"
11001241,"speedyThumb"
11001241,"speedyLaser"
11001241,"speedyGasp"
11001241,"speedySmile4"
11001241,"speedySmile5"
11001241,"speedySmile6"
11001241,"speedySmile7"
11001241,"speedySmile8"
11001241,"speedySmile9"
11001241,"speedySmile10"
11001241,"speedySmile"
11001241,"speedyBread"
11001241,"speedyWiggle"
11001241,"speedySmile11"
11001241,"speedyMulletPls"
11001241,"speedySpeedies"
11001241,"speedyJam"
11001241,"speedyKnuck"
11001241,"speedyDance"
11001241,"speedyBread2"
11001241,"speedyICANT"
11002670,"bizBeast"
11002670,"bizHype"
11002670,"bizWave"
11002670,"bizSneer"
11002670,"bizHmm"
11002670,"bizCool"
11002670,"bizBless"
11002670,"bizNani"
11002670,"bizNice"
11002670,"bizGun"
11002670,"bizSigh"
11002670,"bizSmile"
11002670,"bizJam"
11002670,"bizMacky"
11002670,"bizGasm"
11002670,"bizCute"
11002670,"bizBlind"
11002670,"bizDolan"
11002670,"bizS0ra"
11002670,"bizLurk"
11002670,"bizStop"
11002670,"bizKnife"
11002670,"bizThink"
11002670,"bizGoffy"
11002670,"bizRage"
11002670,"bizChamp"
11002670,"bizLol"
11002670,"bizG0ffy"
11002670,"bizLove"
11002670,"bizOhGod"
11002670,"bizShrug"
11002670,"bizSweat"
11002670,"bizDip"
11002670,"bizSmh"
11002670,"bizNoises"
11002670,"bizAlbert"
11002670,"bizUgh"
11002670,"bizRNG"
11002670,"bizSad"
11002670,"bizReally"
11002670,"bizLiar"
11002670,"bizYEAH"
11008415,"andraJalter"
11008415,"andraJeanne"
11008415,"andraXmas"
11008415,"andraSalter"
11008415,"andraMad"
11008415,"andraYay"
11008415,"andraHug"
11008415,"andraPog"
11008415,"andraSad"
11008415,"andraWow"
11008415,"andraHappy"
11010196,"pseLuv"
11010196,"pseSip"
11010196,"pseSmk"
11010196,"pseReee"
11010196,"pseLrk"
11010196,"pseWrd"
11010196,"pseBrd"
11010196,"pseKng"
11010196,"pseDrp"
11010196,"pseBrf"
11010196,"pseSmg"
11010196,"pseHr"
11010196,"pseHL"
11010196,"pseEye"
11010196,"pseGsp"
11010196,"pseFce"
11010196,"pseTnk"
11010196,"pseSr"
11010196,"pseDrg"
11010196,"pseHm"
11010196,"pseSL"
11027606,"dzejthKEK"
11027606,"dzejthKrasnal"
11027606,"dzejthWarka"
11027606,"dzejthNPC"
11027606,"dzejthOrly"
11027606,"dzejthITB"
11027606,"dzejthDawaj"
11027606,"dzejthKEKU"
11027606,"dzejthHihihihi"
11027606,"dzejthLedue"
11027606,"dzejthEz"
11027606,"dzejthOG"
11070640,"larryKawaii"
11070640,"larryHey"
11070640,"larryTriggered"
11070640,"larrySmug"
11070640,"larryThink"
11070640,"larryLuv"
11070640,"larryAbs"
11070640,"larryL"
11070640,"larrySad"
11070640,"larryPog"
11070640,"larryRobbery"
11070640,"larryS"
11070640,"larrySleeper"
11070640,"larrySip"
11070640,"larryLUL"
11070640,"larryAYAYA"
11070640,"larryReal"
11070640,"larryNod"
11070640,"larryCap"
11070640,"larryPat"
11070640,"larryRage"
11070640,"larryEcho"
11070640,"larrySakurai"
11070640,"larryShake"
11070640,"larryDrip1"
11070640,"larryAds"
11070640,"larryDrip2"
11070640,"larryEZ"
11148817,"pajaHandsUp"
11148817,"pajaS"
11148817,"pajaDank"
11148817,"pajaMLADA"
11148817,"pajaWTH"
11148817,"pajaLaugh"
11148817,"pajaLady"
11148817,"pajaScoots"
11148817,"pajaHey"
11148817,"pajaGa"
11148817,"pajaCopter"
11148817,"pajaCmon"
11148817,"pajaH"
11148817,"pajaM"
11148817,"pajaCORAL"
11148817,"pajaPHP"
11148817,"pajaShh"
11148817,"pajaAngry"
11148817,"pajaDent"
11148817,"pajaShrug"
11148817,"pajaThink"
11148817,"pajaPog"
11148817,"pajaLift"
11148817,"pajaNotSure"
11148817,"pajaWO"
11148817,"pajaCow"
11148817,"pajaSus"
11148817,"pajaSubs"
11148817,"pajaCult"
11148817,"pajaSit"
11148817,"pajaL"
11148817,"pajaKek"
11148817,"pajaPepe"
11148817,"pajaW"
11148817,"pajaDuck"
11148817,"pajaGASM"
11148817,"pajaHappy"
11148817,"pajaXD"
11148817,"pajaCool"
11148817,"pajaDog"
11148817,"pajaVan"
11148817,"pajaDespair"
11148817,"pajaGIGA"
11148817,"pajaG"
11148817,"pajaLading"
11148817,"pajaStare"
11148817,"pajaCCool"
11148817,"pajaDink"
11148817,"pajaAAAAAAAAAAA"
11148817,"pajaWTF"
11152602,"spookyTrollno"
11152602,"spookyYoaaa"
11152602,"spookySoulfist"
11152602,"spookyStickchuck"
11152602,"spookyPlz"
11152602,"spookyScorpion"
11152602,"spooky2B"
11152602,"spookyJulia"
11152602,"spookyCall"
11152602,"spookySweep"
11152602,"spookyNoble"
11152602,"spookyDollars"
11152602,"spookyMixed"
11152602,"spookyBullet"
11152602,"spookyNLBC"
11152602,"spookyFatal"
11152602,"spookyLity"
11152602,"spookyCheap"
11152602,"spookyDuff"
11152602,"spookyDante"
11152602,"spookyTrap"
11152602,"spookyDoge"
11152602,"spookyHype"
11152602,"spookyShock"
11152602,"spookySSJ"
11152602,"spookyCody"
11152602,"spookyCody2"
11152602,"spookyArc"
11152602,"spookySaber"
11152602,"spookyHype2"
11152602,"spookyCiel"
11152602,"spookyDolphin"
11152602,"spookyKOD"
11152602,"spookyMix"
11152602,"spookySweep2"
11152602,"spookyAkiha"
11152602,"spookyVision"
11152602,"spookyRain"
11152602,"spookyKohasweep"
11152602,"spookyVS"
11169338,"sham1"
11169338,"sham2"
11169338,"sham3"
11169338,"sham4"
11169338,"shamWich"
11169338,"shamJam"
11169338,"shamNice"
11169338,"shamHam"
11169338,"shamRIP"
11169338,"shamHUH"
11169338,"shamFuel"
11169338,"shamStop"
11169338,"shamSleep"
11169338,"shamUrdead"
11169338,"shamHmm"
11169338,"shamNoodle"
11169338,"shamPraise"
11169338,"shamBustin"
11169338,"shamTimesUp"
11169338,"shamBorger"
11169338,"shamSpooder"
11169338,"shamKiss"
11169338,"shamDuke"
11169338,"shamPositive"
11169338,"shamHealth"
11169338,"shamChoked"
11169338,"shamNFTAndy"
11179005,"makotofoxGross"
11179005,"makotofoxToxic2"
11179005,"makotofoxSmugy"
11179005,"makotofoxSleep"
11179005,"makotofoxGucci"
11179005,"makotofoxThinky"
11179005,"makotofoxSip2"
11179005,"makotofoxToxic1"
11179005,"makotofoxSip1"
11179005,"makotofoxAngy"
11198364,"deluxe4DAB"
11198364,"deluxe4Wheeze"
11198364,"deluxe4Yikes"
11198364,"deluxe4FAM"
11198364,"deluxe4Blind"
11198364,"deluxe4DAH"
11198364,"deluxe4Feller"
11198364,"deluxe4Think"
11198364,"deluxe4Rain"
11198364,"deluxe4Whisper"
11198364,"deluxe4Hi"
11198364,"deluxe4UwU"
11198364,"deluxe4Dab"
11198364,"deluxe4Pog1"
11198364,"deluxe4Pog2"
11198364,"deluxe4Pog3"
11198364,"deluxe4Pog4"
11198364,"deluxe4Huh"
11198364,"deluxe4Spit"
11198364,"deluxe4W"
11198364,"deluxe4Kiss"
11198364,"deluxe4Cop"
11198364,"deluxe4LMAO"
11198364,"deluxe4Preach"
11198364,"deluxe4Bop"
11198364,"deluxe4Music"
11198364,"deluxe4Sigh"
11198364,"deluxe4Banana"
11198364,"deluxe4Chad"
11198364,"deluxe4Tried"
11198364,"deluxe4Gold"
11198364,"deluxe4Nice"
11198364,"deluxe4Sur"
11198364,"deluxe4Sus"
11198364,"deluxe4Clo"
11198364,"deluxe4Yell"
11198364,"deluxe4Drool"
11198364,"deluxe4Weird"
11198364,"deluxe4Yi"
11198364,"deluxe4Kes"
11198364,"deluxe4Weirdo"
11198364,"deluxe4Hyper"
11198364,"deluxe4Rap"
11198364,"deluxe4Sad"
11198364,"deluxe4Cry"
11198364,"deluxe4HYPER"
11198364,"deluxe4Eye"
11198364,"deluxe4ZZZ"
11198364,"deluxe4Baby"
11198364,"deluxe4Lessthan2"
11198364,"deluxe4Cozy"
11198364,"deluxe4Love"
11198364,"deluxe4Cuff"
11198364,"deluxe4Jam"
11198364,"deluxe4Who"
11198364,"deluxe4Dab4"
11198364,"deluxe4L8R"
11198364,"deluxe4YEET"
11198364,"deluxe4Pet"
11198364,"deluxe4Fine"
11198364,"deluxe4Steer"
11198364,"deluxe4Brick"
11198364,"deluxe4NoRP"
11198364,"deluxe4Slam"
11198364,"deluxe4Bottle"
11198364,"deluxe4Gift"
11198364,"deluxe4Sit"
11198364,"deluxe4Hug"
11198364,"deluxe4Spit4"
11249217,"jnbN"
11249217,"jnbDrag"
11249217,"jnbMM"
11249217,"jnbT"
11249217,"jnbP"
11249217,"jnbBan"
11249217,"jnbPog"
11249217,"jnbW"
11249217,"jnbKappa"
11249217,"jnbWeird"
11249217,"jnbWut"
11249217,"jnbWC"
11249217,"jnbPapa"
11249217,"jnbMama"
11249217,"jnbIBS"
11249217,"jnbL"
11249217,"jnbT3"
11249217,"jnbT32"
11249217,"jnbDab"
11249217,"jnbSubs"
11249217,"jnbHey"
11249217,"jnbYikes"
11249217,"jnbTeeth"
11249217,"jnbAw"
11249217,"jnbHB"
11249217,"jnbCry"
11249217,"jnbSleeper"
11249217,"jnbGasm"
11249217,"jnbO"
11249217,"jnbS"
11249217,"jnb4Head"
11249217,"jnbShiba"
11249217,"jnbHOGGERS"
11249217,"jnbBless"
11249217,"jnbTee"
11249217,"jnbYo"
11249217,"jnbJ"
11249217,"jnbK"
11249217,"jnbStory"
11249217,"jnbPeek"
11249217,"jnbZ"
11249217,"jnbD"
11249217,"jnbKinda"
11249217,"jnbE"
11249217,"jnbPride"
11249217,"jnbFriends"
11249217,"jnbKiss"
11249217,"jnbEZ"
11249217,"jnbLUL"
11249217,"jnb52"
11249217,"jnbSmart"
11249217,"jnbCmon"
11249217,"jnbGimme"
11249217,"jnbA"
11249217,"jnbOK"
11249217,"jnbWell"
11249217,"jnbCozy"
11249217,"jnbGold"
11249217,"jnbWiggle"
11249217,"jnbShame"
11249217,"jnbB"
11249217,"jnbFrugal"
11249217,"jnbDance"
11249217,"jnbWeeb"
11249217,"jnbIRL"
11249217,"jnbTalk"
11249217,"jnbLess"
11249217,"jnb5Head"
11249217,"jnbSalute"
11249217,"jnbR"
11249217,"jnbAYAYA"
11249217,"jnbTaro"
11249217,"jnbNani"
11249217,"jnbSmash"
11249217,"jnbCOOL"
11272561,"grumBBB"
11272561,"grumRip"
11272561,"grumDapper"
11272561,"grumTen"
11272561,"grumCry"
11272561,"grumDerp"
11272561,"grumFail"
11272561,"grumLove"
11272561,"grumHi"
11272561,"grumHype"
11272561,"grumLol"
11272561,"grumLurk"
11272561,"grumNo"
11272561,"grumMad"
11272561,"grumRant"
11272561,"grumThink"
11272561,"grumYes"
11272561,"grumScare"
11272561,"grumPog"
11272561,"grumZombie"
11272561,"grumNinja"
11272561,"grumLoot"
11272561,"grumPride"
11272561,"grumAim"
11272561,"grumBlind"
11272561,"grumNom"
11272561,"grumWTF"
11272561,"grumCoffee"
11272561,"grumTired"
11272561,"grumTache"
11272561,"grumGross"
11272561,"grumEvil"
11272561,"grumHugz"
11320046,"labatScream"
11320046,"labatDWiggle"
11320046,"labatMmhmm"
11320046,"labatFurry"
11320046,"labatIQ"
11320046,"labatDRip"
11320046,"labatDRun"
11320046,"labatMGun"
11320046,"labatMKEKW"
11320046,"labatPregrid"
11320046,"labatMonka"
11320046,"labatCry"
11320046,"labatMPhone"
11320046,"labatPOG"
11320046,"labatDab"
11320046,"labatLaWiggle"
11320046,"labatMoney"
11320046,"labatFlame"
11320046,"labatMRage"
11320046,"labatSus"
11320046,"labatHack"
11320046,"labatDitto"
11320046,"labatGun"
11320046,"labatMSus"
11320046,"labatMDrive"
11320046,"labatScared"
11320046,"labatSneak"
11320046,"labatPlayStation"
11320046,"labatBaby"
11320046,"labatEZ"
11320046,"labatBot"
11320046,"labatWhat"
11320046,"labatXbox"
11320046,"labatVR"
11320046,"labatDrag"
11320046,"labatNintendo"
11320046,"labatJam"
11320046,"labatKEKW"
11320046,"labatDKEKW"
11320046,"labatBoomer"
11320046,"labatTV"
11320046,"labatKiki"
11320046,"labatKona"
11320046,"labatClown"
11397895,"tsbRisky"
11397895,"tsbBaked"
11397895,"tsbLK"
11397895,"tsbBug"
11397895,"tsbMilky"
11397895,"tsbPain"
11397895,"tsbMajin"
11397895,"tsbWoke"
11397895,"tsbFocus"
11397895,"tsbGiru"
11397895,"tsbHorns"
11397895,"tsbSogos"
11397895,"tsbBigbrain"
11397895,"tsbSplit"
11397895,"tsbZordon"
11397895,"tsbFeels"
11397895,"tsbCam"
11397895,"tsbTurtles"
11397895,"tsbBully"
11397895,"tsbJinzo"
11397895,"tsbDoc"
11397895,"tsbNan"
11397895,"tsbJam"
11397895,"tsbPot"
11397895,"tsbAshy"
11397895,"tsbJj"
11397895,"tsbGamer"
11524494,"v1kLila"
11524494,"v1kCool2"
11524494,"v1kFunny2"
11524494,"v1kRage2"
11524494,"v1kHi"
11524494,"v1kShock"
11524494,"v1kOops"
11524494,"v1kPray"
11524494,"v1kFacepalm"
11524494,"v1kUff"
11524494,"v1kCry"
11524494,"v1kRage"
11524494,"v1kRage3"
11524494,"v1kFunny3"
11524494,"v1kCool3"
11524494,"v1kParty"
11524494,"v1kLove"
11524494,"v1kDoener"
11524494,"v1kBoomer"
11524494,"v1kPepega"
11524494,"v1kS"
11524494,"v1kLUL"
11524494,"v1kHands"
11524494,"v1kOMEGALUL"
11524494,"v1kSadge"
11524494,"v1kYOOO"
11524494,"v1kW"
11524494,"v1kPog"
11524494,"v1kHmm"
11524494,"v1kSleeper"
11524494,"v1kUwu"
11524494,"v1kSTAB"
11524494,"v1kKING"
11524494,"v1kHALLO"
11524494,"v1kKrank"
11561802,"corgiGrandMa"
11561802,"corgi0"
11561802,"corgiHEY"
11561802,"corgiCry"
11561802,"corgiNicE"
11561802,"corgiYoung"
11561802,"corgiQualifieD"
11561802,"corgi4"
11561802,"corgiGold"
11561802,"corgiAyaya"
11561802,"corgiUmm"
11561802,"corgiGF1"
11561802,"corgiGF0"
11561802,"corgiQ"
11561802,"corgiLuL"
11561802,"corgiHey"
11561802,"corgiMonkey1"
11561802,"corgiMonkey2"
11561802,"corgiAgain"
11561802,"corgiDinoHi"
11561802,"corgiDinoTired"
11561802,"corgiPoor"
11561802,"corgiSleeper"
11561802,"corgiMoney"
11561802,"corgiWhat"
11561802,"corgiGreedy"
11561802,"corgiGoDJJ"
11561802,"corgiPlusOne"
11561802,"corgiSongLa"
11561802,"corgiNo"
11561802,"corgiRO"
11561802,"corgiRR"
11561802,"corgiJJ"
11561802,"corgiNOO"
11561802,"corgiXX"
11561802,"corgiStinger"
11561802,"corgiTK"
11561802,"corgiJJJ"
11561802,"corgiPog"
11561802,"corgiHIT"
11561802,"corgiHot"
11561802,"corgiR"
11561802,"corgiRD"
11561802,"corgiQQ"
11561802,"corgiSnitcher"
11561802,"corgiDrowned"
11561802,"corgiAA"
11561802,"corgiDaikai"
11561802,"corgiBullet"
11561802,"corgiJPOP"
11561802,"corgiDinyi"
11561802,"corgiLove"
11561802,"corgiIDK"
11561802,"corgiAnyaJ"
11561802,"corgiHE"
11561802,"corgiS"
11618662,"exgom4"
11618662,"exgom6"
11618662,"exgom5"
11618662,"exgomVB"
11618662,"exgomHi"
11618662,"exgomQuestion"
11618662,"exgomHeart"
11618662,"exgomMad"
11618662,"exgomBloodTrail"
11618662,"exgomNanha"
11618662,"exgom3"
11618662,"exgom7"
11618662,"exgomJJik"
11618662,"exgomSbn"
11618662,"exgom1"
11618662,"exgom11"
11618662,"exgom9"
11618662,"exgom8"
11618662,"exgom10"
11618662,"exgom12"
11620933,"strangeBeef"
11620933,"strangeLove"
11620933,"strangeGG"
11620933,"strangeSnack"
11620933,"strangeArr"
11620933,"strangeCool"
11620933,"strangeEww"
11620933,"strangeRage"
11620933,"strangeBaka"
11620933,"strangeZzz"
11620933,"strangeYeezy"
11620933,"strangeYay"
11620933,"strangeGee"
11620933,"strangeCult"
11620933,"strangeBeary"
11620933,"strangeSad"
11620933,"strangeOh"
11620933,"strangeHuh"
11620933,"strangeWow"
11620933,"strangeShrug"
11620933,"strangeYo"
11620933,"strangeJoy"
11620933,"strangePun"
11620933,"strangeNo"
11620933,"strangeCozy"
11628200,"wahooOo"
11628200,"wahooHea"
11628200,"wahooPray"
11628200,"wahooKokeru"
11628200,"wahooOK"
11628200,"wahooRainboow"
11628200,"wahooSad"
11628200,"wahooYoshi"
11628200,"wahooRoll"
11628200,"wahooNYA"
11628200,"wahooRIP"
11628200,"wahooGG"
11628200,"wahooDancing"
11628200,"wahooGL"
11628200,"wahooDOHYA"
11628200,"wahooWhy"
11628200,"wahooDOYA"
11628200,"wahooWAA"
11628200,"wahooPokan"
11628200,"wahooLove"
11628200,"wahooMOGU"
11628200,"wahooPogS"
11628200,"wahooWA2"
11628200,"wahooRainbow"
11628200,"wahooJAM"
11641559,"junkya6Junkyard"
11641559,"junkya6BearMcBearface"
11641559,"junkya6Jeff"
11641559,"junkya6JunkFail"
11641559,"junkya6GunnerLove"
11641559,"junkya6JunkyardTaskMaster"
11641559,"junkya6Imposter"
11641559,"junkya6Ramen"
11641559,"junkya6WeWon"
11641559,"junkya6RIP"
11641559,"junkya6JumpingJunk"
11641559,"junkya6Innocent"
11641559,"junkya6Hi"
11641559,"junkya6Lurking"
11641559,"junkya6ThumbsUp"
11641559,"junkya6Shark"
11641559,"junkya6Easy"
11641559,"junkya6LOL"
11641559,"junkya6CheersMate"
11641559,"junkya6Ghost"
11641559,"junkya6JunkWink"
11641559,"junkya6Gunner"
11641559,"junkya6MrsJunkyard"
11641559,"junkya6ModHammer"
11641559,"junkya6Bazinga"
11641559,"junkya6OPA"
11641559,"junkya6J4J"
11641559,"junkya6Fear"
11641559,"junkya6GunnerBlanket"
11641559,"junkya6Blankie"
11641559,"junkya6Darla"
11641559,"junkya6Jebaited"
11641559,"junkya6Junkdab"
11641559,"junkya6Pirate"
11641559,"junkya6Bean"
11641559,"junkya6Clown"
11641559,"junkya6GunnerSmile"
11641559,"junkya6Sendit"
11641559,"junkya6Wave"
11641559,"junkya6Ship"
11641559,"junkya6FearShaking"
11641559,"junkya6Bonk"
11641559,"junkya6Junkcookin"
11692694,"uzraA"
11692694,"uzraD"
11692694,"uzraUzrak"
11692694,"uzra12"
11692694,"uzra123"
11692694,"uzraSong"
11692694,"uzraYyy"
11692694,"uzraOk"
11692694,"uzraGg"
11692694,"uzra03"
11692694,"uzra04"
11692694,"uzra21"
11692694,"uzra1234"
11692694,"uzra12331"
11692694,"uzra2312"
11692694,"uzraCc"
11692694,"uzra3131"
11692694,"uzraFsadf"
11692694,"uzra002"
11692694,"uzra003"
11692694,"uzra004"
11692694,"uzra005"
11692694,"uzra006"
11692694,"uzra9"
11692694,"uzra22"
11692694,"uzra24"
11692694,"uzra26"
11692694,"uzra321"
11692694,"uzraHi"
11692694,"uzraCC"
11692694,"uzra2221"
11692694,"uzraQqqq"
11692694,"uzraXczcz"
11692694,"uzraGgggggg"
11692694,"uzraCool"
11692694,"uzra12231"
11692694,"uzraS"
11692694,"uzraAaaa"
11692694,"uzraAa"
11692694,"uzraRR"
11692694,"uzra007"
11692694,"uzra008"
11692694,"uzra112"
11692694,"uzra113"
11692694,"uzra41"
11692694,"uzra4"
11692694,"uzra5"
11692694,"uzra6"
11692694,"uzraE"
11692694,"uzraF"
11692694,"uzraG"
11692694,"uzraH"
11692694,"uzra2"
11692694,"uzraI"
11692694,"uzraL"
11692694,"uzraN"
11692694,"uzraP"
11692694,"uzraQ"
11692694,"uzraC"
11692694,"uzraQQQ"
11692694,"uzra995"
11692694,"uzraYyya"
11692694,"uzraCCC"
11692694,"uzraDsa"
11692694,"uzraEz"
11772951,"vellHound"
11772951,"vellShrug"
11772951,"vellDone"
11772951,"vellOL"
11772951,"vellY"
11772951,"vellGasm"
11772951,"vellO"
11772951,"vellVeeta"
11772951,"vellGG"
11772951,"vellC"
11772951,"vellP"
11772951,"vellBeard"
11772951,"vellDerp"
11772951,"vellSad"
11772951,"vellT"
11772951,"vellDab"
11772951,"vellSmrik"
11772951,"vellWink"
11772951,"vell2C"
11772951,"vellF"
11772951,"vellC1"
11772951,"vellC2"
11772951,"vellC3"
11772951,"vellC4"
11772951,"vellSmug"
11772951,"vellW"
11772951,"vellBean"
11772951,"vellL"
11772951,"vellYeah"
11772951,"vellOL2"
11772951,"vellLurk"
11772951,"vellButt"
11772951,"vellHeart"
11772951,"vellB"
11772951,"vellAir"
11772951,"vellCool"
11772951,"vellSmirky"
11772951,"vellR"
11772951,"vellM"
11772951,"vellKai"
11772951,"vellCro"
11847181,"janRosa"
11847181,"janHmm"
11847181,"janFail"
11847181,"janCheese"
11847181,"janGeld"
11847181,"janNotLikeThis"
11847181,"janThump"
11847181,"janBonk"
11847181,"janLurk"
11847181,"janLUL"
11847181,"janNom"
11847181,"janBlush"
11847181,"janSu"
11847181,"janWat"
11847181,"janRage"
11847181,"janLove"
11847181,"janGG"
11847181,"janOho"
11847181,"janNope"
11847181,"janGrimmig"
11847181,"janHype"
11847181,"janThink"
11847181,"janCoolStory"
11847181,"janFeelsBienMan"
11847181,"janNote"
11847181,"janPog"
11847181,"janAye"
11847181,"janS"
11901280,"devoWELP"
11901280,"devoCHEERS"
11901280,"devoOOPS"
11901280,"devoGRIN"
11901280,"devoEH"
11901280,"devoNOM"
11901280,"devoTATO"
11901280,"devo5"
11901280,"devoREE"
11901280,"devoLOVE"
11901280,"devoO4"
11901280,"devoO3"
11901280,"devoO2"
11901280,"devoO1"
11901280,"devoDC"
11901280,"devoNOTE"
11901280,"devoSIP"
11901280,"devoJAM"
11901280,"devoKISS"
11901280,"devoLAZORS"
11901280,"devoKING"
11901280,"devoK"
11901280,"devoBAP"
11901280,"devoBELT"
11901280,"devoMS"
11901280,"devoSG"
11901280,"devoCRASH"
11901280,"devoJAIL"
11901280,"devoSPACE"
11901280,"devoWUT"
11901280,"devoKatpa"
11901280,"devoHEY"
11901280,"devoCINDER"
11901280,"devoOOO"
11901280,"devoWEE"
11901280,"devoCOP"
11901280,"devoTHUMP"
11901280,"devoG"
11901280,"devoGSUS"
11901280,"devoWEB"
11901280,"devoGASM"
11901280,"devoSHI"
11901280,"devoCOOL"
11901280,"devoGOOD"
11901280,"devoSALTAR"
11901280,"devoWINK"
11901280,"devoSNO"
11901280,"devoPOG"
12131870,"itlw2"
12131870,"itlwSpud"
12131870,"itlwTrain"
12131870,"itlwHype"
12131870,"itlwBed"
12131870,"itlwRip"
12131870,"itlwTOS"
12131870,"itlwCat"
12131870,"itlwBelly"
12131870,"itlwButt"
12131870,"itlwBaby"
12131870,"itlwCry"
12131870,"itlwCash"
12131870,"itlwGasm"
12131870,"itlwGg"
12131870,"itlwWow"
12131870,"itlwCute"
12131870,"itlwFlex"
12131870,"itlwSnipe"
12131870,"itlwSuss"
12131870,"itlwVom"
12131870,"itlwBruh"
12131870,"itlwCart"
12131870,"itlwFail"
12131870,"itlwSock"
12131870,"itlwDance"
12131870,"itlwCode"
12131870,"itlwSing"
12131870,"itlwCosy"
12131870,"itlwChair"
12131870,"itlwBlob"
12131870,"itlwGift"
12131870,"itlwSneak"
12131870,"itlwD"
12131870,"itlwBoo"
12131870,"itlwAha"
12131870,"itlwPhil"
12131870,"itlwMips"
12175414,"p1k4GSM"
12175414,"p1k4Comfy"
12175414,"p1k4Brok"
12175414,"p1k4GUN1"
12175414,"p1k4BRUH"
12175414,"p1k4HAP"
12175414,"p1k4Ohgod"
12175414,"p1k4SMRT"
12175414,"p1k4PISM"
12175414,"p1k4Vang"
12175414,"p1k4Vbor"
12175414,"p1k4Vcry"
12175414,"p1k4Vthi"
12175414,"p1k4Vwel"
12175414,"p1k4Old"
12175414,"p1k40mg"
12175414,"p1k40h"
12175414,"p1k4H"
12175414,"p1k4PE"
12175414,"p1k4EVL"
12175414,"p1k4LUL"
12175414,"p1k4PRIDE"
12175414,"p1k4CRY"
12175414,"p1k4PRIDEA"
12175414,"p1k4Ohgoda"
12175414,"p1k4BRUHA"
12175414,"p1k4Vanga"
12175414,"p1k4LULA"
12292934,"xyroNM"
12292934,"xyroWELP"
12292934,"xyroLIMIT"
12292934,"xyroBigX"
12292934,"xyroThunking"
12292934,"xyroWoweez"
12292934,"xyroSPEED"
12292934,"xyroBEANED"
12292934,"xyroThonkig"
12292934,"xyroWoah1"
12292934,"xyroWoah2"
12292934,"xyroWoah3"
12292934,"xyroWoah4"
12292934,"xyroEvil"
12292934,"xyroCozy"
12292934,"xyroHYPER"
12292934,"xyroGlock"
12292934,"xyroSanta"
12292934,"xyroHonk"
12292934,"xyroNotAmused"
12292934,"xyroWICKED"
12292934,"xyroS"
12292934,"xyroW"
12292934,"xyroLit"
12338326,"formalv20Hat"
12338326,"formalv20Greenwall"
12338326,"formalv20OneMore"
12338326,"formalv2030"
12338326,"formalv20Choo"
12338326,"formalv20Gift"
12338326,"formalv20Sniped"
12338326,"formalv20LostFull"
12338326,"formalv20Dono"
12338326,"formalv2020"
12338326,"formalv20GGs"
12338326,"formalv205"
12338326,"formalv2010"
12338326,"formalv2025"
12338326,"formalv20100"
12338326,"formalv20Twisted"
12338326,"formalv20Wick"
12338326,"formalv20Clutch"
12338326,"formalv2050"
12338326,"formalv20Ontio"
12338326,"formalv20Alscot"
12338326,"formalv20Bowie"
12338326,"formalv20Kobe"
12338326,"formalv20Lighthouse"
12338326,"formalv20Racin"
12338326,"formalv2020bomb"
12338326,"formalv20Bmartinn"
12338326,"formalv20Goku"
12338326,"formalv20Mvpp"
12338326,"formalv203rdeye"
12338326,"formalv20Rectem"
12338326,"formalv20Stain"
12338326,"formalv205onit"
12338326,"formalv20Botboss"
12338326,"formalv20Pouch"
12338326,"formalv20Afghan"
12338326,"formalv20338"
12338326,"formalv20Huntsmen"
12338326,"formalv20Zippo"
12338326,"formalv20H4F"
12338326,"formalv20TX"
12338326,"formalv20Jetpacker"
12338326,"formalv20SubHype"
12338326,"formalv20Love"
12338326,"formalv20Rekt"
12338326,"formalv20Kappa"
12338326,"formalv20T2p"
12338326,"formalv20Deranged"
12338326,"formalv20Checked"
12338326,"formalv20Tippable"
12338326,"formalv20Locked"
12492867,"matthdICON"
12492867,"matthdRedlist"
12492867,"matthdConfused"
12492867,"matthdCry"
12492867,"matthdWtf"
12492867,"matthdFace"
12492867,"matthdChair"
12492867,"matthdYes"
12492867,"matthdNo"
12492867,"matthdWalkout"
12492867,"matthdBlobby"
12492867,"matthdGgg"
12492867,"matthdRaid"
12492867,"matthdMrBlobby"
12492867,"matthdCrying"
12492867,"matthdHeart"
12574072,"choi1POGGERS"
12574072,"choi1Babyspider"
12574072,"choi1Oldandass"
12574072,"choi1Greetings"
12574072,"choi1Spooder"
12574072,"choi1Gasp"
12574072,"choi1Guldo"
12574072,"choi1Jammies"
12574072,"choi1Burgerb"
12574072,"choi1Despair"
12574072,"choi1Sorc"
12574072,"choi1Nimbus"
12574072,"choi1Wowaclown"
12574072,"choi1Wowacow"
12574072,"choi1Miwanna"
12574072,"choi1Ayaya"
12574072,"choi1Blewboar"
12574072,"choi1Washin"
12574072,"choi1Chonchi"
12574072,"choi1Husti"
12574072,"choi1Questionmark"
12574072,"choi1Veged"
12574072,"choi1Scrapper"
12582482,"rexiMod"
12582482,"rexiRankaisija"
12582482,"rexiBrother"
12582482,"rexiMyyra"
12582482,"rexiWtf"
12582482,"rexiGasm"
12582482,"rexiFace"
12582482,"rexiSwag"
12582482,"rexiRage"
12582482,"rexiTykittely"
12582482,"rexiRolex"
12582482,"rexiDapper"
12582482,"rexiHuutia"
12582482,"rexiKing"
12582482,"rexiYes"
12582482,"rexiLegioona"
12582482,"rexiNotwashedup"
12582482,"rexiEnjoyer"
12582482,"rexiLuv"
12582482,"rexiSanta"
12582482,"rexiBella"
12582482,"rexiTirsk"
12582482,"rexiWhat"
12582482,"rexiStich"
12582482,"rexiJutsu"
12582482,"rexiMentalreset"
12582482,"rexiVauhdikas"
12597527,"idynazFIRE"
12597527,"idynazLFG"
12597527,"idynazMEWZONK"
12597527,"idynazHYPE"
12597527,"idynazTEA"
12597527,"idynazPOG"
12597527,"idynazLOVE"
12597527,"idynazTAP"
12597527,"idynazMewtwoMAD"
12597527,"idynazSENDIT"
12597527,"idynazMEW"
12597527,"idynazEspeonLuck"
12597527,"idynazBOOM"
12597527,"idynazFISH"
12597527,"idynazROCKIN"
12597527,"idynazMEWmagic"
12606037,"nliRef2"
12606037,"nliThink"
12606037,"nliRowan2"
12606037,"nliMDK"
12606037,"nliL1"
12606037,"nliL2"
12606037,"nliL3"
12606037,"nliBrog"
12606037,"nliThumbs"
12606037,"nliWut"
12606037,"nliKurt"
12606037,"nliWudder"
12606037,"nliAhhh"
12606037,"nliChair"
12606037,"nliLUL2"
12606037,"nliBat"
12606037,"nliBOO"
12606037,"nliYAY"
12606037,"nliFELL"
12606037,"nliJR"
12606037,"nliWHAT"
12606037,"nliTAZLUL"
12606037,"nliPUNCH"
12606037,"nliOC"
12606037,"nliOMEGALUL"
12606037,"nliBreak"
12606037,"nliYOSH"
12606037,"nli9"
12606037,"nliDX"
12606037,"nliBigBoy"
12606037,"nliDVon"
12606037,"nliSlip"
12606037,"nliJEEZUS"
12606037,"nliStar"
12606037,"nliRowan"
12606037,"nliGasm"
12606037,"nliHULLO"
12606037,"nliRef"
12606037,"nliTable"
12606037,"nliGold"
12606037,"nli2Sweet"
12606037,"nliLUL"
12606037,"nliCry"
12606037,"nliBucks"
12606037,"nliAwesome"
12606037,"nliFlip"
12606037,"nliBleh"
12606037,"nliHONK"
12606037,"nliVince"
12606037,"nliBEEP"
12616386,"gennaDead"
12616386,"gennaGG"
12616386,"gennaIDK"
12616386,"gennaWin"
12616386,"gennaNova"
12616386,"gennaNova2"
12616386,"gennaLUL"
12616386,"gennaBear"
12616386,"gennaGen2"
12616386,"gennaGen3"
12616386,"gennaSithGen"
12616386,"gennaKumoface"
12616386,"gennaFPS"
12616386,"gennaAward"
12638471,"elodiPogicolo"
12638471,"elodiPbliss"
12638471,"elodiPauseFisk"
12638471,"elodiPepeChamp"
12638471,"elodiFeelsSwampMan"
12638471,"elodiTogeSmile"
12638471,"elodiAyayazu"
12638471,"elodiEmolgaLUL"
12638471,"elodiLiepardL"
12638471,"elodiHioh"
12638471,"elodiDrag7"
12638471,"elodiSalazzleDazzle"
12638471,"elodiRaidOh"
12638471,"elodiKEKZ"
12638471,"elodiSadHat"
12638471,"elodiPachiBASS"
12638471,"elodiTheSheriff"
12638471,"elodiTAPTAP"
12638471,"elodiLugnutStonks"
12638471,"elodiSmearG"
12638471,"elodiAwakRiot"
12640214,"gammaMoriG"
12640214,"gammaMoriR"
12640214,"gammaGasm"
12640214,"gammaRage"
12640214,"gammaCute"
12640214,"gammaNote"
12640214,"gammaWtf"
12640214,"gammaDevil"
12640214,"gammaPog"
12640214,"gammaFail"
12640214,"gammaAngel"
12640214,"gammaDrink"
12640214,"gammaGG"
12640214,"gammaCringe"
12640214,"gammaScared"
12640214,"gammaLaugh"
12640214,"gammaLove"
12640214,"gammaSalt"
12640214,"gammaIQ"
12640214,"gammaMad"
12640214,"gammaRIP"
12640214,"gammaDerp"
12640214,"gammaPuke"
12640214,"gammaPlz"
12640214,"gammaYes"
12640214,"gammaSleep"
12640214,"gammaHype"
12640214,"gammaSweat"
12640214,"gammaSus"
12640214,"gammaHi"
12640214,"gammaHug"
12640214,"gammaLurk"
12640214,"gammaEat"
12640214,"gammaCry"
12677144,"absoGotem"
12677144,"absoBye"
12677144,"absoLutely"
12677144,"absoRage"
12677144,"absoEz"
12677144,"absoAbs"
12677144,"absoSweat"
12677144,"absoGg"
12677144,"absoMASK"
12677144,"absoEw"
12677144,"absoHalo"
12682083,"lcbAHH"
12682083,"lcbKrull"
12682083,"lcbGK"
12682083,"lcbGEE"
12682083,"lcbMH"
12682083,"lcbFAUR"
12682083,"lcbD"
12682083,"lcbDOG"
12682083,"lcbG"
12682083,"lcbMANN"
12682083,"lcbR"
12682083,"lcbS"
12682083,"lcbA"
12682083,"lcbW"
12682083,"lcbC"
12682083,"lcbH"
12682083,"lcbLUL"
12682083,"lcbVR"
12682083,"lcbEw"
12682083,"lcbLurk"
12682083,"lcbNO"
12682083,"lcbF"
12682083,"lcbYEP"
12682083,"lcbN"
12682083,"lcbOut"
12682083,"lcbSip"
12682083,"lcbP"
12682083,"lcbPain"
12682083,"lcbJam"
12682083,"lcbCry"
12682083,"lcbL"
12682083,"lcb5"
12682083,"lcbSweat"
12691278,"ifcGasm"
12691278,"ifcOH"
12691278,"ifcHypes"
12691278,"ifcDante"
12691278,"ifcMagnush"
12691278,"ifcCurlehM"
12691278,"ifcGill"
12691278,"ifcGvo"
12691278,"ifcWow"
12691278,"ifcJCVD"
12691278,"ifcEmd2"
12691278,"ifcEmd"
12691278,"ifcStare"
12691278,"ifcDeat"
12691278,"ifcWong"
12691278,"ifcHm"
12691278,"ifcLUL"
12691278,"ifcS"
12691278,"ifcCool"
12691278,"ifcMango"
12691278,"ifcPringles"
12691278,"ifcJustice"
12691278,"ifcGuapo"
12691278,"ifcSK"
12691278,"ifcMatrix"
12691278,"ifcIJDU"
12691278,"ifcCO"
12691278,"ifcPls"
12691278,"ifcCross"
12691278,"ifcGobou"
12691278,"ifcWater"
12731745,"deadlyLove"
12731745,"deadlyChair"
12731745,"deadlyNo"
12731745,"deadlyRiot"
12731745,"deadlyRIP"
12731745,"deadlyOof"
12731745,"deadlyGasm"
12731745,"deadlyMusk"
12731745,"deadlyWUT"
12731745,"deadlyNice"
12731745,"deadlyFusion"
12731745,"deadlyFusion2"
12731745,"deadlyParty"
12731745,"deadlyYikes"
12731745,"deadlyButter"
12731745,"deadlyWow"
12731745,"deadlyNade"
12731745,"deadlyWoo"
12731745,"deadlyChair2"
12731745,"deadlyChair3"
12731745,"deadlyMeat"
12731745,"deadlyCoffee"
12731745,"deadlyDeal"
12731745,"deadlyHD"
12731745,"deadlyGoose"
12731745,"deadlyMoney"
12731745,"deadlyStory"
12731745,"deadlyTuna"
12731745,"deadlyDog"
12731745,"deadlyJeff"
12731745,"deadlyWedge1"
12731745,"deadlyWedge8"
12731745,"deadlyIce"
12731745,"deadlySkip"
12731745,"deadlyForget"
12731745,"deadlyDAD"
12731745,"deadlyFlush"
12731745,"deadlyLUL"
12731745,"deadlyMad"
12731745,"deadlyHey"
12731745,"deadlyRekt"
12731745,"deadlyBomb"
12731745,"deadlyCat"
12731745,"deadlyLurker"
12731745,"deadlyHype"
12731745,"deadlyButcher"
12731745,"deadlyPray"
12731745,"deadlyCringe"
12731745,"deadlyTank"
12731745,"deadlySafe"
12731745,"deadlyFOM"
12731745,"deadlyWTF"
12731745,"deadlyBroke"
12731745,"deadlyBeen"
12731745,"deadlySuperHype"
12731745,"deadlyNadal"
12731745,"deadlySSC"
12731745,"deadlyCertified"
12731745,"deadlyHeart"
12731745,"deadlyWonton"
12731745,"deadlyJEFFjam"
12731745,"deadlyBald"
12731745,"deadlyFOAM"
12731745,"deadlyMage"
12855851,"macawGood"
12855851,"macawGuts"
12855851,"macawRomero"
12855851,"macawKen"
12855851,"macawFPS"
12855851,"macaw1"
12855851,"macaw2"
12855851,"macawStrong"
12855851,"macawLaugh"
12855851,"macawDrunk"
12855851,"macawKing"
12855851,"macawArnold"
12855851,"macawReview"
12855851,"macawGoldArnold"
12855851,"macawWolfteam"
12855851,"macawChest"
12855851,"macawArm"
12855851,"macawOmg"
12855851,"macawKojima"
12855851,"macawGiger"
12855851,"macawKing1"
12855851,"macawKing2"
12855851,"macawKing3"
12855851,"macawKing4"
12855851,"macawKirk"
12855851,"macawRambo"
12855851,"macawSmile"
12855851,"macawGasm"
12855851,"macawTheColonel"
12855851,"macawGameIs"
12855851,"macawWaterworld"
12855851,"macawCrazed"
12855851,"macawPlateMail"
12855851,"macawParrot"
12855851,"macawKenAngry"
12855851,"macawRambo2"
12855851,"macawUltimate"
12855851,"macawExtendArm"
12855851,"macawRambo3"
12855851,"macawWhatever"
12855851,"macawRambo1"
12855851,"macawRambo4"
12875057,"gronkhStuhlTV"
12875057,"gronkhLurch"
12875057,"gronkhFace"
12875057,"gronkhFrika"
12875057,"gronkhMond"
12875057,"gronkhHerz"
12875057,"gronkhCamp"
12875057,"gronkhHA"
12875057,"gronkhPoop"
12875057,"gronkhFail"
12875057,"gronkhB"
12875057,"gronkhNA"
12875057,"gronkhAww"
12875057,"gronkhBurn"
12875057,"gronkhCry"
12875057,"gronkhMI"
12875057,"gronkhSalt"
12875057,"gronkhAngst"
12875057,"gronkhTired"
12875057,"gronkhKaffee"
12875057,"gronkhBronko"
12875057,"gronkhRage"
12875057,"gronkhLiebe"
12875057,"gronkhWillibert"
12875057,"gronkhSnarph"
12875057,"gronkhHi"
12875057,"gronkhSir"
12875057,"gronkhDU"
12875057,"gronkhLysatrya"
12875057,"gronkhVerina"
12899674,"pheeSausage"
12899674,"pheeBeef"
12902657,"outconCara"
12902657,"outconOjo"
12902657,"outconBoom"
12902657,"outconRupas"
12902657,"outconWow"
12902657,"outconYsisi"
12902657,"outconBlitz"
12902657,"outconBebe"
12902657,"outconRabia"
12902657,"outconCalvario"
12902657,"outcon2K20"
12902657,"outconRich"
12902657,"outconZelig"
12902657,"outconF"
12902657,"outconRaquel"
12902657,"outconEnfin"
12902657,"outconBidet"
12902657,"outconPan"
12902657,"outconTele"
12902657,"outconPan2"
12902657,"outconKappa"
12902657,"outconDog"
12943173,"pokeHmm"
12943173,"pokeLAWL"
12943173,"poke1"
12943173,"poke2"
12943173,"poke3"
12943173,"poke4"
12943173,"pokeHWAT"
12943173,"pokeU"
12943173,"pokeSleeper"
12943173,"pokeWeird"
12943173,"pokeGun"
12943173,"pokeSip"
12943173,"pokeWTF"
12943173,"pokeBOOMER"
12943173,"pokeDiet"
12943173,"pokeSellout"
12943173,"pokeZOOMER"
12943173,"pokeM"
12943173,"pokeSoon"
12943173,"pokeS"
12943173,"pokeADD"
12943173,"pokeAYAYA"
12943173,"pokeCOZY"
12943173,"pokeCRY"
12943173,"pokeEZ"
12943173,"pokeFAT"
12943173,"pokeHI"
12943173,"pokeLAUGH"
12943173,"pokeL"
12943173,"pokeSMOKE"
12943173,"pokeREE"
12943173,"pokeP"
12943173,"pokeG"
12943173,"pokeHungry"
12943173,"pokePeepo"
12943173,"pokeMald"
12943173,"pokeYikes"
12943173,"pokeHD"
12943173,"pokePoggers"
12943173,"pokeSUBS"
12943173,"pokeTSM"
12943173,"pokeWICKED"
12943173,"pokeSPIN"
12943173,"pokeRage"
12943173,"pokeWake"
12943173,"pokeSleep"
12943173,"pokeScoots"
12943173,"pokeSUCC"
12943173,"pokeLurk"
12943173,"pokeING"
12943487,"derajnVict2"
12943487,"derajnReat"
12943487,"derajn5head"
12943487,"derajnThanos"
12943487,"derajnThink"
12943487,"derajnKappa"
12943487,"derajnRule1"
12943487,"derajnGalactus"
12943487,"derajnRet"
12943487,"derajnVict1"
12943487,"derajnRule9"
12943487,"derajnCalcb"
12943487,"derajnPoggers"
12943487,"derajnSnapf"
12943487,"derajnHands"
12943487,"derajnLOL"
12943487,"derajnCalcw"
12943487,"derajnRule5"
12984340,"vixenDA"
12984340,"vixenBEATS"
12984340,"vixenFAIL"
12984340,"vixenKITTY"
12984340,"vixenBAN"
12984340,"vixenFINGER"
12984340,"vixenBREAK"
12984340,"vixenDANCE"
12984340,"vixenPAIM"
12984340,"vixenBELIEVE"
12984340,"vixenREKT"
12984340,"vixenSALT"
12984340,"vixenRIGGED"
12984340,"vixenSELLOUT"
12984340,"vixenCKSCKR"
12984340,"vixenGIFT"
12984340,"vixenHYPE"
12984340,"vixenSUCKIT"
12984340,"vixenLURK"
12984340,"vixenTIP"
12984340,"vixenBLAME"
12984340,"vixenVIBES1"
12984340,"vixenVIBES2"
12984340,"vixenVIBES3"
12984340,"vixenTREAT"
12984340,"vixenPup"
12984340,"vixenHA"
12984340,"vixenGG"
12984340,"vixenMVP"
12984340,"vixenSNOWFLAKE"
12984340,"vixenDEADUNICORN"
12984340,"vixenTRAIN"
12984340,"vixenRAGE"
12984340,"vixenLIVINGUNICORN"
12984340,"vixenWEEWOO"
12984340,"vixenPOPCORN"
12984340,"vixenBOMB"
12984340,"vixenBADASS"
12984340,"vixenFLOOF"
12984340,"vixenCHERRYPOP"
12984340,"vixenCARROT"
12984340,"vixenBITS"
12989801,"ennsMeatball"
12989801,"ennsYo"
12989801,"ennsGero"
12989801,"ennsCaptain"
12989801,"ennsGolf"
13153992,"jerdGP"
13153992,"jerdCRY"
13153992,"jerdBOMB"
13153992,"jerdMTG"
13153992,"jerdCARDS"
13153992,"jerdBZZT"
13153992,"jerdRIP"
13153992,"jerdDODGE"
13153992,"jerdLVL"
13153992,"jerdPIZZA"
13153992,"jerdDIATH"
13153992,"jerdWEEB"
13153992,"jerdWEED"
13153992,"jerdCOZY"
13153992,"jerdSPOOKUMS"
13153992,"jerdSPRAY"
13153992,"jerdCHOCOBO"
13153992,"jerdCRAW"
13153992,"jerdMONEY"
13153992,"jerdSTRETCH"
13153992,"jerdAYY"
13153992,"jerdFASHION"
13153992,"jerdCATERPIE"
13153992,"jerdBEES"
13153992,"jerdMYAD"
13153992,"jerdAWW"
13153992,"jerdLEWD"
13153992,"jerdNOTEBOI"
13153992,"jerdBACKSEAT"
13153992,"jerdSNOM"
13153992,"jerdHANDS"
13153992,"jerdEND"
13153992,"jerdCHEST"
13153992,"jerdCHAIR"
13153992,"jerdFEET"
13153992,"jerdMRDR"
13153992,"jerdRAID"
13153992,"jerdPRIDE"
13153992,"jerdGOLD"
13153992,"jerdGOODJOB"
13153992,"jerdCRIT"
13153992,"jerdONE"
13153992,"jerdPAUSE"
13153992,"jerdDAB"
13153992,"jerdLURK"
13153992,"jerdLEAVE"
13153992,"jerdJAM"
13153992,"jerdSMILE"
13153992,"jerdARRIVE"
13153992,"jerdSTRESS"
13153992,"jerdPOG"
13153992,"jerdOLD"
13153992,"jerdJAIL"
13163498,"juggr6k"
13163498,"juggrGM"
13163498,"juggrW"
13163498,"juggrToothless"
13163498,"juggrJay"
13163498,"juggrSweat"
13163498,"juggrWOW"
13163498,"juggrGG"
13163498,"juggrPOGGERSG"
13163498,"juggrHey"
13163498,"juggrMeme"
13163498,"juggrStim"
13163498,"juggrPog"
13163498,"juggrWhy"
13163498,"juggrRainbow"
13163498,"juggrO"
13163498,"juggrMad"
13163498,"juggrScam"
13163498,"juggrWall1"
13163498,"juggrWall2"
13163498,"juggrWall3"
13163498,"juggrWall4"
13163498,"juggrUwU"
13163498,"juggrByun"
13163498,"juggrBless"
13163498,"juggrBully"
13163498,"juggrNation"
13163498,"juggrL"
13220401,"djk7b"
13220401,"djkRNG"
13220401,"djkG"
13220401,"djkLurk"
13220401,"djkHype"
13220401,"djkRage"
13220401,"djkRum"
13220401,"djkUm"
13220401,"djkCheeks"
13220401,"djkTW"
13220401,"djkLewd"
13220401,"djkSean"
13220401,"djkRWing"
13220401,"djkPrime"
13220401,"djkForce"
13220401,"djkSip"
13220401,"djkCry"
13220401,"djkRick"
13220401,"djkD"
13220401,"djkWut"
13220401,"djkSing"
13220401,"djkTune"
13220401,"djkSwoon"
13220401,"djkMando"
13220401,"djkYup"
13220401,"djkCrown"
13220401,"djkC"
13220401,"djkChamp"
13220401,"djkLol"
13220401,"djkW"
13220401,"djkGun"
13220401,"djkRGun"
13220401,"djkLala"
13220401,"djkSalute"
13220401,"djkCute"
13220401,"djkSneaky"
13220401,"djkDubs"
13220401,"djkHi"
13220401,"djkLWing"
13220401,"djkPlot"
13220401,"djkClap"
13220401,"djkSwag"
13220401,"djkLick"
13220401,"djkHey"
13220401,"djkHug"
13220401,"djkLove"
13220401,"djkH"
13220401,"djkSneak"
13240194,"scumpWindy"
13240194,"scumpRage"
13240194,"scumpRat"
13240194,"scumpPlane"
13240194,"scumpGas"
13240194,"scumpBot"
13240194,"scump20"
13240194,"scump30"
13240194,"scump5gifted"
13240194,"scump20gifted"
13240194,"scump50gifted"
13240194,"scump100gifted"
13240194,"scumpChalked"
13240194,"scumpCracked"
13240194,"scumpGoat1"
13240194,"scumpGoat2"
13240194,"scumpLeo"
13240194,"scumpBuzz"
13240194,"scumpTrain"
13240194,"scumpCrown"
13240194,"scumpHuntsmen"
13240194,"scumpGg"
13240194,"scumpLogo"
13240194,"scumpVibecheck"
13240194,"scumpSubhype"
13240194,"scumpSnoofy"
13240194,"scumpPretzel"
13240194,"scumpGoldfish"
13240194,"scumpGoaty"
13240194,"scumpBeams"
13240194,"scump200iq"
13240194,"scumpHype"
13240194,"scumpRIP"
13240194,"scumpTroll"
13240194,"scumpGoldGoat1"
13240194,"scumpGoldGoat2"
13240194,"scumpBoomer"
13240194,"scumpLove"
13240194,"scumpNuke"
13240194,"scumpBanana"
13240194,"scumpOpTic"
13240194,"scumpWorm"
13240194,"scumpOG"
13240194,"scumpOT"
13240194,"scumpC"
13240194,"scumpK"
13240194,"scumpWEVI"
13240194,"scumpSmile"
13240194,"scumpOG2"
13240194,"scumpSnake"
13279462,"aplSavage"
13279462,"aplWOKE"
13279462,"aplPuzzlegod"
13279462,"aplNut"
13279462,"aplDab"
13279462,"aplGolddeag"
13279462,"aplSellout"
13279462,"aplWut"
13279462,"aplGeezer"
13279462,"aplHaHAA"
13279462,"aplSquareface"
13279462,"aplDealwithit"
13279462,"aplILL"
13279462,"aplPray"
13279462,"aplNubile"
13279462,"aplTume"
13279462,"aplBoomer"
13279462,"aplKapap"
13279462,"aplCry"
13279462,"aplFridge"
13279462,"aplPermit"
13279462,"aplKona"
13279462,"aplGTFO"
13279462,"aplCam"
13279462,"aplDonpeek"
13279462,"apl1deag"
13279462,"aplFab"
13279462,"aplOMEGALUL"
13279462,"aplShen"
13279462,"aplFine"
13279462,"aplKAYW"
13279462,"aplAYAY"
13279462,"aplHype"
13279462,"aplHugeround"
13279462,"aplLook"
13279462,"aplDead"
13279462,"aplShavd"
13279462,"aplThonk"
13279462,"aplWin"
13279462,"aplCreep"
13279462,"aplLit"
13279462,"aplTilapia"
13301545,"wesclutchBtH"
13301545,"wesclutchPoppie"
13301545,"wesclutchHaw"
13326547,"parasiteHead"
13326547,"parasiteGOAT"
13326547,"parasiteTROLL"
13326547,"parasiteKOBE"
13326547,"parasiteSTARE"
13326547,"parasiteHuh"
13326547,"parasiteCry2"
13326547,"parasiteCry"
13326547,"parasiteHype2"
13326547,"parasiteRaid"
13326547,"parasiteCozy"
13326547,"parasiteIq"
13326547,"parasiteMad"
13326547,"parasiteHi"
13326547,"parasiteToxic"
13326547,"parasiteLove"
13326547,"parasiteRip"
13326547,"parasiteSmug"
13326547,"parasiteEat"
13326547,"parasiteRage"
13326547,"parasiteHehe"
13326547,"parasiteSexy"
13326547,"parasiteBAN"
13326547,"parasiteHype"
13326547,"parasiteHi2"
13326547,"parasiteGG"
13326547,"parasiteSleep"
13343566,"filisBan"
13343566,"filisEfe"
13343566,"filisMiedo"
13343566,"filisGym"
13343566,"filisClub"
13343566,"filisSleep"
13343566,"filisDance"
13343566,"filisAma"
13343566,"filisAwa"
13343566,"filisNom"
13343566,"filisGgs"
13343566,"filisMetal"
13343566,"filisHype"
13343566,"filisCorte"
13343566,"filisPelon"
13343566,"filisClap"
13343566,"filisHi"
13343566,"filisHugsy"
13343566,"filisCry"
13343566,"filisRaid"
13343566,"filisLol"
13343566,"filisHug"
13343566,"filisWhat"
13343566,"filisClown"
13343566,"filisBits"
13343566,"filisAdiospop"
13362498,"frioAsobi"
13362498,"frioSand"
13363719,"oshiRage"
13363719,"oshiCreep"
13363719,"oshiO"
13363719,"oshi9"
13363719,"oshiNice"
13363719,"oshiM8"
13363719,"oshiSmug"
13363719,"oshiW"
13363719,"oshiSip"
13363719,"oshiNo"
13363719,"oshiYes"
13363719,"oshiClean"
13363719,"oshiLurk"
13363719,"oshiParty"
13363719,"oshiFlo1"
13363719,"oshiFlo2"
13363719,"oshiFlo3"
13363719,"oshiR"
13363719,"oshiC"
13363719,"oshiGun"
13363719,"oshiPride"
13363719,"oshiYell"
13363719,"oshiEvil"
13363719,"oshiSus"
13363719,"oshiT"
13363719,"oshiBruh"
13363719,"oshiOMG"
13363719,"oshiRip"
13363719,"oshiWut"
13363719,"oshiThink"
13363719,"oshiGasm"
13363719,"oshiF"
13363719,"oshiDone"
13363719,"oshiK"
13363719,"oshiHype"
13363719,"oshiMad"
13363719,"oshiSword"
13363719,"oshiBonk"
13363719,"oshiMoon"
13363719,"oshiOW"
13363719,"oshiLate"
13363719,"oshiV"
13363719,"oshiNotes"
13363719,"oshiEmLG"
13363719,"oshiPizza"
13363719,"oshiBye"
13363719,"oshiBelieve"
13363719,"oshiYay"
13363719,"oshiHi"
13363719,"oshiSTEER"
13363719,"oshiFlex"
13363719,"oshiMYAA"
13363719,"oshiBall"
13363719,"oshiY"
13374246,"lplolTeeto"
13374246,"lplolLECPT"
13374246,"lplolLECBR"
13374246,"lplolPRT"
13460644,"muhPoopies"
13460644,"muhBlush"
13460644,"muhGawd"
13460644,"muhChamp"
13460644,"muh5"
13460644,"muhUgh"
13460644,"muhNom"
13460644,"muhFeels"
13460644,"muhLuv"
13460644,"muhSmug"
13460644,"muhThink"
13460644,"muhK"
13460644,"muhBad"
13460644,"muhOho"
13460644,"muhGood"
13460644,"muhPlot"
13460644,"muhPlat"
13460644,"muhSafe4work"
13460644,"muhShock"
13460644,"muhDottieNo"
13460644,"muh2"
13460644,"muh1"
13460644,"muhYee"
13460644,"muhZ"
13460644,"muhShrug"
13460644,"muhEdge"
13460644,"muhShh"
13460644,"muhGasm"
13460644,"muhBoopies"
13460644,"muh3"
13460644,"muhXD"
13460644,"muhBaka"
13460644,"muhQuag"
13460644,"muhLong"
13460644,"muhJam"
13460644,"muhO"
13504527,"rawrLUL"
13504527,"rawr7"
13504527,"rawrShrug"
13504527,"rawrLIT"
13504527,"rawrThink"
13504527,"rawrPotato"
13504527,"rawrPls"
13504527,"rawrComfy"
13504527,"rawrPew"
13504527,"rawrWeird"
13504527,"rawrBONK"
13504527,"rawrSmart"
13504527,"rawrCool"
13504527,"rawrPray"
13504527,"rawrLewd"
13504527,"rawrPout"
13504527,"rawrRain"
13504527,"rawrPat"
13504527,"rawrTen"
13504527,"rawrGG"
13504527,"rawrJAM"
13504527,"rawrLove"
13504527,"rawrThicc"
13504527,"rawrCry"
13504527,"rawrHug"
13504527,"rawrSenpai"
13504527,"rawrLurk"
13504527,"rawrAYAYA"
13504527,"rawrGift"
13504527,"rawrHype"
13504527,"rawrGasm"
13504527,"rawrBlind"
13504527,"rawrSpook"
13504527,"rawrSweat"
13504527,"rawrBlush"
13504527,"rawrThis"
13504527,"rawrAw"
13504527,"rawrCelebrate"
13504527,"rawrOne"
13504527,"rawrBitty"
13504527,"rawrWink"
13504527,"rawrSmile"
13504527,"rawrSmug"
13504527,"rawrRage"
13504527,"rawrSpray"
13504527,"rawrCheck"
13504527,"rawrNOU"
13504527,"rawrDone"
13504527,"rawrWant"
13504527,"rawrCult"
13504527,"rawrChancla"
13504527,"rawrNerd"
13504527,"rawrKeel"
13504527,"rawrHehe"
13504527,"rawrShy"
13504527,"rawrRare"
13504527,"rawrLAX"
13504527,"rawrPog"
13504527,"rawrFeels"
13504527,"rawrSip"
13556092,"bexyG"
13556092,"bexyS"
13556092,"bexyFLAIL"
13556092,"bexyCREEP"
13556092,"bexyHNNG"
13556092,"bexySAD"
13556092,"bexyRAGE"
13556092,"bexySIP"
13556092,"bexyBITE"
13556092,"bexyCAKE"
13556092,"bexyDOG"
13556092,"bexyHAI"
13556092,"bexySNUG"
13556092,"bexySTRETCH"
13556092,"bexyDROOL"
13556092,"bexyH1"
13556092,"bexyPUFF"
13556092,"bexyLAUGH"
13556092,"bexyF"
13556092,"bexyWELLHELLO"
13556092,"bexySQUEE"
13556092,"bexyNOTE"
13556092,"bexyBIRD"
13556092,"bexyYAWN"
13556092,"bexySPRAY"
13556092,"bexySTARE"
13556092,"bexyOH"
13556092,"bexyLEG"
13556092,"bexyW"
13556092,"bexyLURK"
13556092,"bexyWHY"
13556092,"bexyHALO"
13556092,"bexyBAKE"
13556092,"bexyBAT"
13556092,"bexyH2"
13556092,"bexyGREED"
13556092,"bexyTHINK"
13556092,"bexyHORN"
13556092,"bexyDURP"
13556704,"tekkferatuWave"
13556704,"tekkferatuSadge"
13556704,"tekkferatuDance"
13556704,"tekkferatuJAM"
13556704,"tekkferatuEZ"
13576693,"frodanSurrender1"
13576693,"frodanTay"
13576693,"frodanSurrender2"
13576693,"frodanSurrender3"
13576693,"frodanGM"
13576693,"frodanHUH"
13576693,"frodanThumbsup"
13576693,"frodanSus"
13576693,"frodanTao"
13576693,"frodanLove"
13576693,"frodanDab"
13576693,"frodanHmm"
13576693,"frodanShake"
13576693,"frodanG"
13576693,"frodan8"
13577147,"andyamUgh"
13577147,"andyamGolf"
13577147,"andyamSafety"
13577147,"andyamDog"
13577147,"andyamEasy"
13577147,"andyamPog"
13577147,"andyamHelp"
13577147,"andyamNeco"
13577147,"andyamToby"
13577147,"andyamSoma"
13577147,"andyamLuigi"
13577147,"andyam5"
13577147,"andyamCoolS"
13577147,"andyamBuck"
13577147,"andyamMario"
13577147,"andyamHi"
13577147,"andyamCreakingSkull"
13577147,"andyamLetsGo"
13579203,"mcdaRez"
13579203,"mcdaNani"
13579203,"mcdaBaka"
13579203,"mcdaFace"
13579203,"mcdaFalco"
13579203,"mcdaBlaze"
13579203,"mcdaYay"
13579203,"mcdaSuffa"
13579203,"mcdaSBreak"
13579203,"mcdaFine"
13579203,"mcdaThink"
13579203,"mcdaSleep"
13579203,"mcdaLurk"
13579203,"mcdaFiiine"
13626948,"mikebConnect"
13626948,"mikebMix"
13626948,"mikebTone"
13626948,"mikebStare"
13626948,"mikebYtho"
13626948,"mikebSave"
13626948,"mikebMadmom"
13626948,"mikebBruh"
13626948,"mikebOHSHI"
13626948,"mikebDarnair"
13626948,"mikebDonkey"
13626948,"mikebRjump"
13626948,"mikebTires"
13626948,"mikebLjump"
13626948,"mikebRsparkle"
13626948,"mikebLionrear"
13626948,"mikebLionhead"
13626948,"mikebLsparkle"
13626948,"mikebDarnthumb"
13626948,"mikebSmile"
13626948,"mikebCat"
13626948,"mikebDarnell"
13626948,"mikebRIP"
13626948,"mikebCool"
13626948,"mikebYay"
13626948,"mikebPoop"
13626948,"mikebYikes"
13626948,"mikebLUL"
13626948,"mikebWave"
13626948,"mikebBoing"
13626948,"mikebTonebow"
13626948,"mikebNice"
13626948,"mikebNEWS"
13668184,"ghoste12CASUL"
13668184,"ghoste12Zopka"
13668184,"ghoste12OK"
13668184,"ghoste12WRPlusPrets"
13668184,"ghoste12WRPlusWagh"
13668184,"ghoste12King"
13698772,"barraNana"
13698772,"barraRekt"
13698772,"barraTilt"
13698772,"barraLetsgo"
13698772,"barraIce"
13698772,"barraShock"
13698772,"barraDerpy"
13698772,"barraResidentSleeper"
13698772,"barraLuna"
13698772,"barraBolts"
13698772,"barraTank"
13698772,"barraHype"
13698772,"barraDhype"
13698772,"barraW"
13698772,"barraCmonBruh"
13698772,"barraSeemsGood"
13698772,"barraBlessRNG"
13698772,"barraBabyRage"
13698772,"barraPogChamp"
13698772,"barraHeyGuys"
13698772,"barraKappaPride"
13698772,"barraLUL"
13698772,"barraKreygasm"
13698772,"barraKappa"
13698772,"barraHero"
13698772,"barraST"
13698772,"barraHappy"
13698772,"barraScorm"
13698772,"barraDream"
13698772,"barraGoat"
13698772,"barraBread"
13822183,"kitspyGirlistricky"
13822183,"kitspyBlamkitspy"
13822183,"kitspyBlamwa"
13822183,"kitspyNice"
13822183,"kitspyWhat"
13822183,"kitspySatomi"
13822183,"kitspyOra"
13822183,"kitspyListen"
13822183,"kitspyHug"
13822183,"kitspyIamhere"
13822183,"kitspyHEHE"
13822183,"kitspyRubbish"
13822183,"kitspyGotohell"
13822183,"kitspySad"
13822183,"kitspyHeaHea"
13822183,"kitspyHidesmile"
13822183,"kitspySatomiCry"
13822183,"kitspyOHSHIII"
13822183,"kitspy5Lhei"
13822183,"kitspyNani"
13822183,"kitspyCute"
13831039,"jeffgeMrDo"
13831039,"jeffgeGrock"
13831039,"jeffgeMouseCop"
13831039,"jeffgeDoface"
13831039,"jeffgeBull"
13831039,"jeffgeRapdog"
13831039,"jeffgeDeadmappy"
13831039,"jeffgeDktwosix"
13913721,"toksheDerp"
13913721,"toksheLove"
13913721,"toksheWaagh"
13913721,"tokshePalm"
13913721,"toksheNeed"
13913721,"toksheRage"
13913721,"toksheLewd"
13913721,"toksheSad"
13913721,"toksheLUL"
13913721,"toksheFine"
13913721,"toksheCam"
13913721,"toksheHi"
13913721,"toksheRIP"
13958058,"oproGoofy"
13958058,"oproHands"
13958058,"oproGa"
13958058,"oproBlush"
13958058,"oproBless"
13958058,"oproSin"
13958058,"oproClown"
13958058,"oproAyaya"
13958058,"oproSing"
13958058,"opro7"
13958058,"oproNotes"
13958058,"oproLove"
13958058,"oproLurk"
13958058,"oproSip"
13958058,"oproSpit"
13958058,"oproStare"
13958058,"oproShoot"
13958058,"oproHey"
13958058,"oproPOG"
13958058,"oproFufu"
13958058,"oproSweat"
13958058,"oproPout"
13958058,"oproRage"
13958058,"oproPls"
13958058,"oproD"
13958058,"oproYikes"
13958058,"oproPoint"
13958058,"oproRich"
13958058,"oproChill"
13958058,"oproScheme"
13958058,"oproWoke"
13958058,"oproShh"
13958058,"oproDummy"
13958058,"opro1"
13958058,"oproCozy"
13958058,"oproGodsPlan"
13958058,"oproNodders"
13958058,"oproChamp"
13958058,"oproRun"
13958058,"oproSmoke"
13958058,"oproHmm"
13958058,"oproHug"
13992537,"ecomogMDoggMad"
13992537,"ecomogStruggleConfused"
13992537,"ecomog2Bfacepalm"
13992537,"ecomog2BHype"
13992537,"ecomogStruggleLOL"
13992537,"ecomogBen"
13992537,"ecomogHUH"
13992537,"ecomogSshuh"
13992537,"ecomogTF"
13992537,"ecomogJokerKiryu"
13992537,"ecomogWRONG"
13992537,"ecomogOK"
13992537,"ecomogOMG"
13992537,"ecomogPissed"
13992537,"ecomogShock"
13992537,"ecomogSilentEyeroll"
13992537,"ecomogJigsaw"
13992537,"ecomogNotBad"
14024201,"criW"
14024201,"criB"
14024201,"criFail"
14024201,"criRIP"
14024201,"criLit"
14024201,"criRNG"
14024201,"criYXR"
14024201,"cri25DollarEmote"
14024201,"criFly"
14024201,"criFlare"
14040866,"jiveThink"
14040866,"jiveJiveisaboss"
14040866,"jiveIsgangsta"
14040866,"jiveBARZ"
14040866,"jiveWHATUP"
14065639,"donyelTroll"
14065639,"donyelClifford"
14065639,"donyelQuez"
14065639,"donyelHypers"
14065639,"donyelNou"
14065639,"donyelTbas"
14065639,"donyelJose"
14065639,"donyelCowboy"
14065639,"donyelGriddy"
14065639,"donyelBeast"
14065639,"donyelRickey"
14065639,"donyelBunt"
14065639,"donyelDonyell"
14065639,"donyelWelp"
14065639,"donyelHeart"
14065639,"donyelLargent"
14065639,"donyelGoal"
14065639,"donyelCupid"
14065639,"donyelAlpaca"
14065639,"donyelShook"
14065639,"donyelDonny"
14065639,"donyelDot"
14065639,"donyelThanksgiving"
14065639,"donyelDream"
14065639,"donyelMac"
14065639,"donyelClutch"
14065639,"donyelDawg"
14065639,"donyelHype"
14065639,"donyelGrass"
14065639,"donyelStephbro"
14065639,"donyelMullin"
14065639,"donyelAye"
14065639,"donyelBitbomb"
14065639,"donyelHoodie"
14065639,"donyelRaid"
14065639,"donyelGG"
14065639,"donyelSteph"
14312468,"kokeSc"
14312468,"kokeHikken"
14312468,"kokeHizyo"
14312468,"kokeYubi"
14312468,"kokeNyouolpix"
14312468,"kokePineappleman"
14312468,"kokeDark"
14312468,"kokeHKRNend"
14312468,"kokeNyousing"
14312468,"kokeMoltane"
14312468,"kokeNish"
14324281,"gutsLetsgowave"
14324281,"gutsLance"
14324281,"gutsLogo"
14324281,"gutsGCW"
14339949,"adrLord"
14339949,"adrBit"
14339949,"adrLg"
14339949,"adrMember"
14339949,"adrBus"
14339949,"adrArmy"
14339949,"adrYay"
14339949,"adrDallas"
14339949,"adrNani"
14339949,"adrHughes"
14339949,"adrSanic"
14339949,"adrBjorm"
14339949,"adrDrought"
14339949,"adrDani"
14339949,"adrYawn"
14339949,"adrYo"
14339949,"adrSong"
14339949,"adrYo2"
14339949,"adrLuck2"
14339949,"adrSob"
14339949,"adrBun"
14339949,"adrGroo"
14339949,"adrFoot"
14339949,"adrShiny"
14339949,"adrGuitar"
14339949,"adrCheese"
14339949,"adrSub"
14339949,"adrOh"
14339949,"adrKbake"
14339949,"adrGfuel"
14339949,"adrNeko"
14339949,"adrAdro"
14339949,"adrWhat4"
14339949,"adrHeykids"
14339949,"adrHax"
14339949,"adrMom"
14339949,"adrMarvinLove"
14339949,"adrHera"
14339949,"adrNom"
14339949,"adrShinynom"
14339949,"adrTrain"
14339949,"adrRant"
14339949,"adrRoast"
14339949,"adrSkewer"
14339949,"adrCup"
14339949,"adrStump"
14339949,"adrBanana"
14339949,"adrLuck"
14339949,"adrTurnup"
14339949,"adrMindblown"
14339949,"adrPoifect"
14339949,"adrFail"
14339949,"adrFlex"
14339949,"adr1"
14339949,"adrPeace"
14339949,"adrPrime"
14339949,"adrGift"
14339949,"adrBuffchick"
14339949,"adrSnipe"
14339949,"adrVikavolt"
14339949,"adrBurn"
14339949,"adrEz"
14339949,"adrLilli"
14339949,"adrLove"
14339949,"adrChair"
14339949,"adrBan"
14339949,"adrWoop"
14339949,"adrPride"
14342567,"tenchiDerp"
14342567,"tenchiHappy"
14342567,"tenchiFail"
14342567,"tenchiLove"
14342567,"tenchiWoo"
14342567,"tenchiHype"
14342567,"tenchiCute"
14342567,"tenchiSad"
14342567,"tenchiF"
14342567,"tenchiAyy"
14342567,"tenchiParty"
14342567,"tenchiRetro"
14342567,"tenchiLurk"
14342567,"tenchiSteve"
14342567,"tenchiLUL"
14342567,"tenchiUm"
14342567,"tenchiSmoosh"
14342567,"tenchiGG"
14342567,"tenchiCereal"
14342567,"tenchiEZ"
14342567,"tenchiShrug"
14342567,"tenchiOMG"
14342567,"tenchiNani"
14342567,"tenchiBarret"
14342567,"tenchiButt"
14342567,"tenchiBlush"
14342567,"tenchiDapper"
14342567,"tenchiBM"
14342567,"tenchiHey"
14342567,"tenchiForever"
14342567,"tenchiTogether"
14342567,"tenchiYell"
14342567,"tenchiWhat"
14342567,"tenchiEw"
14342567,"tenchiGold"
14342567,"tenchiLele"
14342567,"tenchiRage"
14342567,"tenchiLucky"
14342567,"tenchiBull"
14342567,"tenchiLofty"
14342567,"tenchiIron"
14371185,"lionBook"
14371185,"lionFeels"
14371185,"lionLate"
14371185,"lionFlood"
14371185,"lionRapgod"
14371185,"lionSing"
14371185,"lionChamp"
14371185,"lionSleep1"
14371185,"lionSleep2"
14371185,"lionOverlay"
14371185,"lionSlab"
14371185,"lionBaby"
14371185,"lionMullet"
14371185,"lionHifive"
14371185,"lionNice"
14371185,"lionAustin"
14371185,"lionBaer"
14371185,"lionJosh"
14371185,"lionMalf"
14371185,"lionNick"
14371185,"lionRobert"
14371185,"lionHuh"
14371185,"lionIsaac"
14371185,"lionDongers"
14371185,"lionStop"
14371185,"lionYikes"
14371185,"lionMuted"
14371185,"lionThink"
14371185,"lionSleep"
14371185,"lionPogged"
14371185,"lionShocked"
14371185,"lionBlinder"
14371185,"lionLetsGo"
14371185,"lionPain"
14371185,"lionLeaf"
14371185,"lionVictory"
14371185,"lionCOAC"
14371185,"lionBeb"
14371185,"lionDemon1"
14371185,"lionDemon2"
14371185,"lionDemon3"
14371185,"lionDemon4"
14371185,"lionWut"
14371185,"lionThrow"
14371185,"lionSalt"
14371185,"lionBlind"
14371185,"lionDusted"
14371185,"lionElmoFace"
14371185,"lionRoasted"
14371185,"lionToasted"
14371185,"lionBumbo"
14371185,"lionBurnt"
14371185,"lionPride"
14371185,"lionTomo"
14371185,"lionDoubtit"
14371185,"lionKratos"
14371185,"lionDAE"
14371185,"lionMonkaS"
14371185,"lionGalaxy"
14371185,"lionVAC"
14371185,"lionEgg"
14379209,"nyokenFace"
14379209,"nyokenThink"
14379209,"nyokenDisaster"
14379209,"nyokenFlashbang"
14379209,"nyokenBingo"
14388907,"guybHype"
14388907,"guybHeadshot"
14388907,"guybFiredUp"
14388907,"guybLove"
14388907,"guybBigenergy"
14388907,"guybLookatgod"
14388907,"guybSOULSNATCHED"
14388907,"guybHeals"
14388907,"guybRespect"
14388907,"guybST"
14388907,"guybCast"
14388907,"guybTurnup"
14397255,"mirwanApika"
14397255,"mirwanAsad"
14397255,"mirwanAKurtCobain"
14397255,"mirwanAfear"
14397255,"mirwanAembarrassment"
14397255,"mirwanApogchamp"
14397255,"mirwanAheart"
14397255,"mirwanAzzz"
14397255,"mirwanAPro"
14397255,"mirwanAm9so"
14397255,"mirwanAvac"
14397255,"mirwanAbomj"
14397255,"mirwanSubhype"
14397255,"mirwanCry"
14397255,"mirwanAhi"
14397255,"mirwanAmoney"
14397255,"mirwanAenotik"
14397255,"mirwanOK"
14397255,"mirwanFncslow"
14397255,"mirwanGhoul"
14397255,"mirwanLiciy"
14397255,"mirwanPet"
14397255,"mirwanFncs"
14397255,"mirwanAaa"
14408894,"ceezO"
14408894,"ceezNatural"
14408894,"ceezLurkage"
14408894,"ceezLady"
14408894,"ceezBeeN"
14408894,"ceezNK"
14408894,"ceezCh"
14408894,"ceezUnda"
14408894,"ceez6"
14408894,"ceezIdea"
14408894,"ceezLUL"
14408894,"ceezBrush"
14408894,"ceezENAS"
14408894,"ceezHow"
14408894,"ceezVP"
14408894,"ceezPP"
14408894,"ceezYonder"
14408894,"ceezPogitivity"
14408894,"ceezAF"
14408894,"ceezROD"
14408894,"ceezQCT"
14408894,"ceezSR"
14408894,"ceezTired"
14408894,"ceezAckha"
14408894,"ceezDAF2"
14408894,"ceezRO2"
14408894,"ceezLOL"
14408894,"ceezHC"
14408894,"ceezNF"
14408894,"ceezGT"
14408894,"ceezMT"
14408894,"ceezDis"
14408894,"ceezMatrix"
14408894,"ceezBackHug"
14408894,"ceezGeeG"
14408894,"ceezRage"
14408894,"ceezThirst"
14408894,"ceezExplo"
14408894,"ceezBonding"
14408894,"ceezYeet"
14408894,"ceezFest"
14408894,"ceezMani"
14408894,"ceezDathwa"
14408894,"ceezGU"
14408894,"ceezDeded"
14408894,"ceezSit"
14408894,"ceezMagine"
14408894,"ceezHot"
14408894,"ceezP"
14408894,"ceezPongers"
14408894,"ceezGR"
14408894,"ceezBarz"
14408894,"ceezWhose"
14408894,"ceezKW"
14408894,"ceezThumb"
14408894,"ceezFB1"
14408894,"ceezWW"
14408894,"ceezDisgust"
14408894,"ceezFB2"
14408894,"ceezFocus"
14408894,"ceezFB"
14408894,"ceezPaper"
14408894,"ceezRock"
14408894,"ceezPS"
14408894,"ceezMaldytail"
14408894,"ceezOKOK"
14408894,"ceezLordus"
14408894,"ceezEhh"
14408894,"ceezW"
14408894,"ceezTMF"
14408894,"ceezGasp"
14408894,"ceezChristina"
14408894,"ceezScissor"
14408894,"ceezMeepo"
14408894,"ceezOTK"
14410317,"zekeTHINK"
14410317,"zekeFIST"
14410317,"zekeYUP"
14410317,"zekeNOPE"
14410317,"zekeLUL"
14410317,"zekeRAGE"
14410317,"zekeFLIRT"
14410317,"zekeFU"
14410317,"zekeZ"
14410317,"zekeO"
14410317,"zekeCH"
14410317,"zekeAD"
14410317,"zekeSTARE"
14410317,"zekeHAM"
14410317,"zekeFGM"
14410317,"zekeYAY"
14410317,"zekeDERP"
14410317,"zekeTROLL"
14410317,"zekeHI"
14410317,"zekeSMRT"
14410317,"zekeSIP"
14410317,"zekeKEK"
14410317,"zekeKISS"
14410317,"zekeSCOTT"
14410317,"zekeCOHHDOG"
14410317,"zekePOG"
14410317,"zekeMOM"
14410317,"zeke999"
14410317,"zeke2499"
14410317,"zekeROCK"
14410317,"zekeHULK"
14410317,"zekeEGG"
14410317,"zekeBAKA"
14410317,"zekeYOSH"
14410317,"zekeB"
14410317,"zeke3"
14410317,"zekeSAWSAGE"
14410317,"zekePIMP"
14410317,"zeke1"
14410317,"zekeGOD"
14410317,"zekeWUT"
14410317,"zekeSUH"
14410317,"zekeS"
14410317,"zekeR"
14410317,"zekeTOPKEK"
14410317,"zeke4"
14410317,"zekeSTINK"
14410317,"zekeLOVE"
14410317,"zekeCLAW"
14410317,"zekePEPE"
14410317,"zekeLIL"
14410317,"zekeBIZ"
14410317,"zekeFBM"
14410317,"zekeGG"
14410317,"zeke2"
14410317,"zekeTRICK"
14410317,"zekeSALT"
14410317,"zekeI"
14410317,"zekeD"
14410317,"zekePOUND"
14410317,"zekeLURK"
14410317,"zekeAYAYA"
14597923,"bigfatNomi"
14597923,"bigfatLEL"
14597923,"bigfatCat"
14597923,"bigfatNFGL"
14597923,"bigfatSheep"
14597923,"bigfatTammi"
14597923,"bigfatKing"
14597923,"bigfatAyy"
14597923,"bigfatDerp"
14597923,"bigfatGrandma"
14597923,"bigfatGunni"
14597923,"bigfatO"
14597923,"bigfatTammah"
14597923,"bigfatH4"
14597923,"bigfatMissy"
14597923,"bigfatWhistle"
14597923,"bigfatchauSterZ"
14597923,"bigfatchauXD"
14597923,"bigfatchauZzz"
14597923,"bigfatchauDoge"
14597923,"bigfatchauWtf"
14597923,"bigfatPaw"
14597923,"bigfatSmile"
14597923,"bigfatWave"
14597923,"bigfatWow"
14597923,"bigfatCool"
14597923,"bigfatRyu"
14597923,"bigfatPride"
14597923,"bigfatS"
14597923,"bigfatWeeb"
14597923,"bigfatKO3"
14597923,"bigfatKO2"
14597923,"bigfatKO1"
14597923,"bigfatGiggle"
14597923,"bigfatGood"
14597923,"bigfatAgree"
14597923,"bigfatOpie"
14597923,"bigfatFroge"
14597923,"bigfatCdrive"
14597923,"bigfatTired"
14597923,"bigfatCpls"
14597923,"bigfatTammahpls"
14597923,"bigfatR"
14597923,"bigfatSus"
14597923,"bigfatRave"
14597923,"bigfatLmao"
14597923,"bigfatPopcorn"
14597923,"bigfatKekyou"
14597923,"bigfatThumb"
14684169,"g12150Mi"
14684169,"g12150Hhl"
14684169,"g12150Nono"
14684169,"g12150SSR"
14684169,"g12150QQ"
14684169,"g12150Ha"
14684169,"g1215077"
14684169,"g12150Haa"
14684169,"g12150DB"
14684169,"g12150Fear"
14684169,"g12150OuOb"
14684169,"g12150QAQ"
14684169,"g12150Yesyoucan"
14684169,"g12150Hhr"
14684169,"g12150Grand1"
14684169,"g12150Jewel"
14684169,"g12150Hehe"
14684169,"g12150Indi"
14684169,"g12150Grand2"
14684169,"g12150Fearnow"
14684169,"g12150Angrydog"
14684169,"g12150Olive"
14684169,"g12150Moko"
14684169,"g12150Shock"
14684169,"g12150Hanhan"
14684169,"g12150Mokohehe"
14684169,"g12150MM"
14684169,"g12150VVpika"
14698899,"galfiGerson"
14698899,"galfiWard"
14698899,"galfiGado"
14698899,"galfiKkoma"
14698899,"galfiCavaco"
14698899,"galfiMacro"
14698899,"galfi5050"
14698899,"galfiPudim"
14717297,"rexPickle"
14717297,"rexAnime"
14717297,"rexAww"
14717297,"rexChamp"
14717297,"rexCited"
14717297,"rexD"
14717297,"rexFeels"
14717297,"rexGasm"
14717297,"rexGrr"
14717297,"rexHi"
14717297,"rexHyperOwO"
14717297,"rexK"
14717297,"rexLost"
14717297,"rexLove"
14717297,"rexNLT"
14717297,"rexOwO"
14717297,"rexP"
14717297,"rexPls"
14717297,"rexQQ"
14717297,"rexSly"
14717297,"rexSmug"
14717297,"rexThink"
14717297,"rexW"
14717297,"rexWat"
14717297,"rexUU"
14717297,"rexAYAYA"
14717297,"rexShy"
14717297,"rexMemeRage"
14717297,"rexMemeHype"
14717297,"rexAngree"
14717297,"rexOk"
14717297,"rexCursed"
14717297,"rexMemeLove"
14717297,"rexMegaConcern"
14717297,"rexRare"
14717297,"rexBlankies"
14717297,"rexSlight"
14717297,"rexM"
14717297,"rexYikes"
14717297,"rexLook"
14717297,"rexPog"
14717297,"rexMemeQQ"
14717297,"rexSpin"
14717297,"rexJoy"
14717343,"bazikLUL"
14717343,"bazikOMG"
14717343,"bazik0IQ"
14717343,"bazikCry"
14717343,"bazikHi"
14717343,"bazikPls"
14717343,"bazikLove"
14717343,"bazikByeOut"
14717343,"bazikHiIn"
14717343,"bazikLULSpin"
14820296,"arjaraLUL"
14820296,"arjaraLingua"
14820296,"arjaraHappy"
14820296,"arjaraWtf"
14820296,"arjaraSad"
14820296,"arjaraLanchado"
14820296,"arjaraRage"
14820296,"arjaraOHNAO"
14820296,"arjaraMorto"
14820296,"arjaraLMAO"
14820296,"arjaraSensacional"
14820296,"arjaraOimeuchapa"
14820296,"arjaraDance"
14820296,"arjaraBelezaentao"
14820296,"arjaraHarambe"
14820296,"arjaraCleitim"
14820296,"arjaraPei"
14820296,"arjaraDERP"
14820296,"arjaraUAU"
14820296,"arjaraTahBom"
14820296,"arjara322"
14891712,"p00sDread"
14891712,"p00sYOWL"
14891712,"p00sOWO"
14891712,"p00sRobbed"
14891712,"p00sComfy"
14891712,"p00sBUENO"
14891712,"p00sWink"
14891712,"p00sLUL"
14891712,"p00sHi"
14891712,"p00sPREGFIELD"
14891712,"p00sREALLYPOWERFUL"
14891712,"p00s1"
14891712,"p00s2"
14891712,"p00s3"
14891712,"p00s4"
14891712,"p00sCRY"
14891712,"p00sL"
14891712,"p00sR"
14891712,"p00sP00sio"
14891712,"p00sONG"
14891712,"p00sPoos"
14891712,"p00sBlessUp"
14891712,"p00sSweat"
14891712,"p00sMLEM"
14891712,"p00sJAM"
14891712,"p00sB"
14891712,"p00sF"
14891712,"p00sBAKED"
14891712,"p00sHA"
14891712,"p00sWAT"
14891712,"p00sHYPE"
14891712,"p00sSPIN"
14891712,"p00sBONGO"
14891712,"p00sFORTISSIMO"
14891712,"p00sRIGHTCLICK"
14891712,"p00sPET"
14891712,"p00sSMILE"
14891712,"p00sT"
14891712,"p00sCHILL"
14891712,"p00sRBF"
14891712,"p00sTOWEL"
14964040,"pwnstarBag"
14964040,"pwnstarBald"
14964040,"pwnstarUtried"
14964040,"pwnstarTrash"
14964040,"pwnstarRage"
14964040,"pwnstarPF"
14964040,"pwnstarPopcorn"
14964040,"pwnstarPog"
14964040,"pwnstarOld"
14964040,"pwnstarMicrowave"
14964040,"pwnstarLove"
14964040,"pwnstarGun"
14964040,"pwnstarMedal"
14964040,"pwnstarGasm"
14964040,"pwnstarQuit"
14964040,"pwnstarFat"
14964040,"pwnstarPalm"
14964040,"pwnstarDisgust"
14964040,"pwnstarCry"
14964040,"pwnstarCop"
14964040,"pwnstarJP"
14964040,"pwnstarComfy"
14964040,"pwnstarClown"
14964040,"pwnstarChonk"
14964040,"pwnstarButt"
14964040,"pwnstarFight"
14964040,"pwnstarBlind"
14964040,"pwnstarBlubber"
14964040,"pwnstarHappy"
14964040,"pwnstarO"
14964040,"pwnstarMalone"
14964040,"pwnstarW"
14964040,"pwnstarRem"
14964040,"pwnstarPuke"
14964040,"pwnstarYawn"
14964040,"pwnstarAngy"
14964040,"pwnstarBomb"
14964040,"pwnstarShaker"
15025961,"crimsHey"
15025961,"crimsLOL"
15025961,"crimsWhy"
15025961,"crimsNap"
15025961,"crimsHYPE"
15025961,"crimsLurk"
15025961,"crimsRAGE"
15025961,"crimsThink"
15025961,"crimsPizza"
15025961,"crimsS"
15025961,"crimsHug"
15025961,"crimsEw"
15025961,"crimsPARTY"
15025961,"crimsSeeya"
15025961,"crimsDance"
15025961,"crimsGRAWR"
15025961,"crimsGun"
15025961,"crimsYosh"
15034292,"alodarAlly"
15034292,"alodarHorde"
15034292,"alodarTBL"
15034292,"alodarTBR"
15034292,"alodarNO"
15034292,"alodarSTU"
15034292,"alodarPID"
15034292,"alodarSHT"
15034292,"alodarBCL"
15034292,"alodarBCR"
15034292,"alodarRage"
15034292,"alodarTBC"
15034292,"alodarVAN"
15034292,"alodarWrath"
15034292,"alodarPOG"
15034292,"alodarITL"
15034292,"alodarITR"
15034292,"alodarIBL"
15034292,"alodarIBR"
15034292,"alodarFTL"
15034292,"alodarFTR"
15034292,"alodarFBL"
15034292,"alodarFBR"
15034292,"alodar58"
15034292,"alodarNOBOTS"
15034292,"alodarAlodab"
15034292,"alodarAlizee"
15034292,"alodarIrl"
15034292,"alodarSmile"
15034292,"alodarChick"
15167749,"dinikPekaKepka"
15167749,"dinikCatCool"
15167749,"dinikLove"
15167749,"dinikInteresting"
15167749,"dinikDinikSamokat"
15167749,"dinikDinikOsuzdaiu"
15167749,"dinikDinikCry"
15167749,"dinikDinikCatLove"
15167749,"dinikDinikSaid"
15167749,"dinikWhaat"
15167749,"dinikCatCry"
15167749,"dinikPride"
15167749,"dinikOhMy"
15167749,"dinikLoveYou"
15167749,"dinikDogYes"
15167749,"dinikDogRofl"
15208758,"demLove"
15208758,"demBlank"
15208758,"demRIP"
15208758,"demStare"
15208758,"demHug"
15208758,"demOwO"
15208758,"demZzz"
15208758,"demNom"
15208758,"demDerp"
15208758,"demJuice"
15208758,"demBlech"
15208758,"demFine"
15208758,"demKnife"
15208758,"demSigh"
15208758,"demO"
15208758,"demAww"
15208758,"demBaka"
15208758,"demJam"
15208758,"demD"
15208758,"demPat"
15208758,"demPls"
15208758,"demW"
15208758,"demFesCat"
15208758,"demOiii"
15208758,"demThink"
15208758,"demSellout"
15208758,"demLewd"
15208758,"demComfy"
15208758,"demPants"
15208758,"demNope"
15208758,"demGG"
15208758,"demToilet"
15208758,"demNerd"
15208758,"demCopium"
15208758,"demMad"
15208758,"demWhat"
15208758,"demChonk"
15208758,"demYay"
15208758,"demPantalones"
15209689,"poolsPled"
15209689,"poolsFP"
15209689,"poolsThink"
15209689,"poolsDerp"
15209689,"poolsHi"
15209689,"poolsMLG"
15209689,"poolsOxic"
15209689,"poolsCZAR"
15209689,"poolsGASM"
15209689,"poolsHYPE"
15209689,"poolsOMG"
15209689,"poolsDushno"
15209689,"poolsWut"
15209689,"poolsPlast"
15209689,"poolsKOTIC"
15209689,"poolsNICHE"
15209689,"poolsDuckan"
15209689,"poolsToxica"
15209689,"poolsCSB"
15209689,"poolsLoena"
15209689,"poolsNyrage"
15209689,"poolsTest"
15209689,"poolsLul"
15209689,"poolsRofl"
15209689,"poolsFire"
15209689,"poolsHihi"
15209689,"poolsPeka"
15209689,"poolsNOVO"
15209689,"poolsGO"
15232983,"achienHey"
15232983,"achienA"
15232983,"achienHa"
15232983,"achienHeart"
15232983,"achienZero"
15232983,"achienDrink"
15232983,"achienNani"
15232983,"achienHappy"
15232983,"achienPunch"
15232983,"achienPlus1"
15232983,"achienTouch"
15232983,"achienWosai"
15232983,"achienMad"
15232983,"achienWiggle"
15232983,"achienLUL"
15232983,"achienQQ"
15232983,"achienGood"
15232983,"achienOoO"
15232983,"achienZzz"
15232983,"achienFlag"
15232983,"achienQQ2"
15232983,"achien777"
15232983,"achienWhat"
15232983,"achienPaPa"
15310631,"greekDitch"
15310631,"greekW"
15310631,"greekBrow"
15310631,"greekGordo"
15310631,"greekM"
15310631,"greekReed"
15310631,"greekJim"
15310631,"greekHey"
15310631,"greekBoring"
15310631,"greekMidget"
15310631,"greekOi"
15310631,"greekOff"
15310631,"greekListen"
15310631,"greekG"
15310631,"greekA"
15310631,"greekThink"
15310631,"greekOG"
15310631,"greekSssh"
15310631,"greekWC"
15310631,"greekSad"
15310631,"greekRes"
15310631,"greekPVC"
15310631,"greekT"
15310631,"greekNext"
15310631,"greekWtf"
15310631,"greekWhy"
15310631,"greekSquad"
15310631,"greekJoy"
15310631,"greekLips"
15310631,"greekPega"
15310631,"greekSubs"
15310631,"greekWide"
15310631,"greekEgo"
15310631,"greekShame"
15310631,"greekCozer"
15310631,"greekDrip"
15310631,"greekOkay"
15310631,"greekTRUE"
15310631,"greekYikes"
15310631,"greekB1"
15310631,"greekB2"
15310631,"greekB3"
15310631,"greekB4"
15310631,"greekP"
15310631,"greekL"
15310631,"greekHYPERP"
15386355,"markGG"
15386355,"markRage"
15386355,"markGRIL"
15386355,"markFeels"
15386355,"markHug"
15386355,"markFlannel"
15386355,"mark9"
15386355,"markPony"
15386355,"markTongue"
15386355,"mark10"
15386355,"mark25"
15386355,"markBits"
15386355,"markLUL"
15386355,"markBear"
15386355,"markSniped"
15386355,"markBackpack"
15386355,"markHeart"
15386355,"markSalt"
15386355,"markChug"
15386355,"markKobe"
15386355,"markShield"
15386355,"markScar"
15386355,"markAce"
15386355,"markFail"
15386355,"markHYPE"
15386355,"markREKT"
15386355,"markClutch"
15386355,"markGasm"
15386355,"markSad"
15386355,"markRIP"
15386355,"markSST"
15386355,"markPat"
15386355,"markPog"
15386355,"markRAVE"
15386355,"markIQ"
15386355,"markPoggies"
15386355,"markSMH"
15425212,"jbxGG"
15425212,"jbxHello"
15425212,"jbxLuv"
15425212,"jbxSip"
15425212,"jbxSpark"
15425212,"jbxDong"
15425212,"jbxSalute"
15425212,"jbxPinky"
15425212,"jbxSalt"
15425212,"jbxHotdog"
15425212,"jbxPunch"
15425212,"jbxKick"
15425212,"jbxGuard"
15487436,"curiousLUL"
15487436,"curiousGASM"
15487436,"curiousLOVE"
15487436,"curiousMAD"
15487436,"curiousRNG"
15487436,"curiousSAD"
15487436,"curiousCOOL"
15487436,"curiousGG"
15487436,"curiousSOMA"
15487436,"curiousGARF"
15487436,"curiousVETA"
15487436,"curiousVIDEL"
15487436,"curiousLURK"
15487436,"curiousC1"
15487436,"curiousC2"
15487436,"curiousC3"
15487436,"curiousHYPE"
15487436,"curiousMERGA"
15487436,"curiousCORN"
15487436,"curiousPALM"
15487436,"curiousCAVI"
15487436,"curiousOMG"
15487436,"curiousDON"
15487436,"curiousYATE"
15524802,"djmacuFire"
15524802,"djmacuOscar"
15524802,"djmacuHolla"
15524802,"djmacuHeartsonfire"
15524802,"djmacuGold"
15524802,"djmacuArtheart"
15524802,"djmacuStu"
15524802,"djmacuBeastie"
15524802,"djmacuJokic"
15524802,"djmacuAnimal"
15524802,"djmacuFunklectic"
15524802,"djmacuBigbird"
15524802,"djmacuLilly"
15524802,"djmacuSunnid"
15524802,"djmacuAstronaut"
15524802,"djmacuCookie"
15524802,"djmacuTune"
15524802,"djmacuDarth"
15524802,"djmacuYoda"
15524802,"djmacuHug"
15524802,"djmacuMeditate"
15524802,"djmacuBoba"
15524802,"djmacuFam"
15524802,"djmacuKermit"
15524802,"djmacuGold2"
15524802,"djmacuRoxy"
15524802,"djmacuGhost"
15524802,"djmacuStaypuft"
15524802,"djmacuGarfield"
15524802,"djmacuMando"
15524802,"djmacuHan"
15524802,"djmacuPeanuts"
15524802,"djmacuMaul"
15524802,"djmacuGrogu"
15524802,"djmacuObiwan"
15524802,"djmacuC3PO"
15524802,"djmacuTrooper"
15524802,"djmacuVibes"
15524802,"djmacuGrievous"
15524802,"djmacuLando"
15524802,"djmacuBigups"
15554591,"cptHS"
15554591,"cptOnly"
15554591,"cptKNAI"
15554591,"cptSalty"
15554591,"cptCorptan"
15554591,"cptDemonetized"
15554591,"cptRK"
15554591,"cptO"
15554591,"cptF"
15554591,"cptMan"
15554591,"cptAw"
15554591,"cptCry"
15554591,"cptPanic"
15554591,"cptRage"
15554591,"cptWoot"
15554591,"cptAyaya"
15554591,"cptFlex"
15554591,"cptLul"
15554591,"cptScheme"
15554591,"cptIanite"
15554591,"cptSwick"
15554591,"cptRS"
15554591,"cptGT"
15554591,"cptMonetized"
15554591,"cptHi"
15554591,"cptToilet"
15554591,"cptConcentrate"
15554591,"cptHmm"
15554591,"cptJerry"
15554591,"cptFace"
15554591,"cptSkin"
15554591,"cptLogo"
15554591,"cptTrial"
15554591,"cptOMG"
15554591,"cptRIP"
15554591,"cptEek"
15554591,"cptRekt"
15554591,"cptGG"
15554591,"cptFeels"
15554591,"cptPraise"
15554591,"cptVroom"
15554591,"cptHeart"
15554591,"cptSip"
15554591,"cptFool"
15554591,"cptPog"
15564828,"nickmercsKAI"
15564828,"nickmercsJOEY"
15564828,"nickmercsBH"
15564828,"nickmercsFAZE"
15564828,"nickmercsCOUNTRY"
15564828,"nickmercsBEAM"
15564828,"nickmercsYURR"
15564828,"nickmercsBIT"
15564828,"nickmercsDS"
15564828,"nickmercsOD"
15564828,"nickmercsCOMS"
15564828,"nickmercsL"
15564828,"nickmercs20"
15564828,"nickmercsGULAG"
15564828,"nickmercsJAX"
15564828,"nickmercsEMU"
15564828,"nickmercsSOON"
15564828,"nickmercsTHINK"
15564828,"nickmercsPH"
15564828,"nickmercsHMM"
15564828,"nickmercsDEMON"
15564828,"nickmercsSUB"
15564828,"nickmercsJERRY"
15564828,"nickmercsLOCK"
15564828,"nickmercsPEACE"
15564828,"nickmercsROBERTO"
15564828,"nickmercsFAMILY"
15564828,"nickmercsMFAM"
15564828,"nickmercsFLEX"
15564828,"nickmercsANGRY"
15564828,"nickmercsSHADES"
15564828,"nickmercsNECK"
15564828,"nickmercsSTEVE"
15564828,"nickmercsREAL"
15564828,"nickmercsYA"
15564828,"nickmercsLY"
15564828,"nickmercsTRIPODS"
15564828,"nickmercsHYPERS"
15564828,"nickmercsLG"
15564828,"nickmercsJAM"
15564828,"nickmercsBANG"
15564828,"nickmercsGLHF"
15564828,"nickmercsSMILE"
15564828,"nickmercsPOG"
15564828,"nickmercsCLIP"
15564828,"nickmercsREADY"
15564828,"nickmercsGG"
15564828,"nickmercsLIT"
15564828,"nickmercsGIFT"
15564828,"nickmercsBAN"
15564828,"nickmercsPot1"
15564828,"nickmercsRAT"
15564828,"nickmercsPOP"
15564828,"nickmercsLOVE"
15564828,"nickmercsYT"
15564828,"nickmercsVIBES"
15564828,"nickmercsNT"
15564828,"nickmercsS"
15564828,"nickmercsRP"
15564828,"nickmercsG"
15564828,"nickmercsRIP"
15564828,"nickmercsAPED"
15564828,"nickmercsCHAMP"
15564828,"nickmercsFAM"
15564828,"nickmercsQUE"
15666801,"mdeeRobe"
15666801,"mdeeLie"
15666801,"mdeeLove"
15666801,"mdeeKnight"
15666801,"mdeeSmirk"
15666801,"mdeeBonk"
15666801,"mdeeSweat"
15666801,"mdeePicklecigar"
15666801,"mdeeNom"
15666801,"mdeeLUL"
15666801,"mdeeD"
15666801,"mdeeUhoh"
15666801,"mdeeGlare"
15666801,"mdeePeek"
15666801,"mdeeTakeRNG"
15666801,"mdeeKitty"
15666801,"mdeeThink"
15666801,"mdeeMauryKEK"
15666801,"mdeeLemons"
15666801,"mdeePug"
15666801,"mdeeJammies"
15666801,"mdeeNewYear"
15666801,"mdeeCHI"
15666801,"mdeeLost"
15666801,"mdeeGivePLZ"
15666801,"mdeeAyaya"
15666801,"mdeeHug"
15666801,"mdeeHi"
15666801,"mdeeSips"
15666801,"mdeePLZ"
15666801,"mdeeKittydance"
15666801,"mdeeBlank"
15913897,"aliaThink"
15913897,"aliaYay"
15913897,"aliaMad"
15913897,"aliaWave"
15913897,"aliaBlush"
15913897,"aliaLaugh"
15913897,"aliaSmug"
15913897,"aliaWow"
15913897,"aliaSigh"
15913897,"alia3c"
15913897,"aliaWhoa"
15913897,"aliaCool"
15913897,"aliaArrive"
15913897,"aliaSleep"
15913897,"aliaRee"
15913897,"aliaLeave"
15913897,"aliaSlain"
15913897,"aliaEZ"
15954674,"kencomboFair"
15954674,"kencomboDair"
15954674,"kencomboSurvivorken"
15954674,"kencomboRichiederp"
15954674,"kencomboMonsterHype"
15954674,"kencomboKingofSmash"
15954674,"kencomboPrincyPls"
15954674,"kencomboCATCAM"
15954674,"kencomboDance"
15954674,"kencomboDuck"
15954674,"kencomboArm"
15954674,"kencomboPigmonkey"
15954674,"kencomboPrincyspin"
15954674,"kencomboConfused"
15954674,"kencomboGrab"
15954674,"kencomboKoolaidkirb"
15954674,"kencomboTipper"
15954674,"kencomboGg"
15954674,"kencomboLeonardo"
15992425,"meekspHeart"
15992425,"meekspCringe"
15992425,"meekspGem"
15992425,"meekspPout"
15992425,"meekspDopium"
15992425,"meekspSpooked"
15992425,"meekspNoMaidens"
15992425,"meekspGapped"
15992425,"meekspWave"
15992425,"meekspDIESOFRIO"
15992425,"meekspStonks"
15992425,"meekspWoke"
15992425,"meekspSleep"
16033486,"etchyLmao"
16033486,"etchySob"
16033486,"etchySneer"
16033486,"etchyEnter"
16033486,"etchyLFG"
16033486,"etchyPain"
16033486,"etchy5Head"
16033486,"etchyOwo"
16033486,"etchyStop"
16033486,"etchyNom"
16033486,"etchyExhausted"
16033486,"etchyPog"
16033486,"etchyNoU"
16033486,"etchyNotes"
16033486,"etchyEpic"
16033486,"etchyTIMELOSS"
16033486,"etchyNYOO"
16033486,"etchyConfus"
16033486,"etchyEvil"
16033486,"etchyGasm"
16033486,"etchyBAN"
16033486,"etchyGun"
16033486,"etchyD"
16033486,"etchySweat"
16033486,"etchyPoo"
16033486,"etchyBlush"
16033486,"etchyBless"
16033486,"etchyLMFAO"
16033486,"etchyHandsome"
16033486,"etchy7"
16033486,"etchyDumpy"
16033486,"etchyHowsTheRun"
16033486,"etchyTouchGrass"
16033486,"etchyPride"
16033486,"etchyLove"
16033486,"etchyHug"
16033486,"etchyOkAnd"
16033486,"etchyFine"
16033486,"etchyThink"
16033486,"etchyStare"
16033486,"etchyCool"
16033486,"etchyFlip"
16033486,"etchyPOP"
16033486,"etchySleep"
16033486,"etchyLovePride"
16033486,"etchyNoz"
16064695,"dhaluBlue"
16064695,"dhaluCringe"
16064695,"dhaluFail"
16064695,"dhaluCritical"
16064695,"dhaluDeagle"
16064695,"dhaluEvil"
16064695,"dhaluHappy"
16064695,"dhaluGrin"
16064695,"dhaluHmmm"
16064695,"dhaluHey"
16064695,"dhaluCheer"
16064695,"dhaluLol"
16064695,"dhaluMeme"
16064695,"dhaluBad"
16064695,"dhaluWhy"
16064695,"dhaluUps"
16064695,"dhaluPeace"
16064695,"dhaluAngry"
16064695,"dhaluSmug"
16064695,"dhaluKappa"
16064695,"dhaluHype"
16064695,"dhaluPik"
16064695,"dhaluWhat"
16064695,"dhaluShiny"
16064695,"dhaluDeal"
16064695,"dhaluScare"
16064695,"dhaluOh"
16064695,"dhaluF"
16064695,"dhaluLove"
16064695,"dhaluWild"
16064695,"dhaluBan"
16064695,"dhaluPiepega"
16064695,"dhaluKecW"
16064695,"dhaluBongo"
16064695,"dhaluSnack"
16064695,"dhalu200"
16064695,"dhaluRose"
16064695,"dhaluNerf"
16064695,"dhaluInc2"
16064695,"dhaluInc1"
16064695,"dhaluHerz"
16064695,"dhaluLuigi"
16064695,"dhaluLuma"
16064695,"dhaluPeach"
16064695,"dhaluRosa"
16064695,"dhaluPoke1"
16064695,"dhaluPoke2"
16064695,"dhaluPoke3"
16064695,"dhaluSalz"
16064695,"dhaluLoco"
16064695,"dhaluRage"
16064695,"dhaluACringe"
16064695,"dhaluACrit"
16064695,"dhaluDete"
16064695,"dhaluDete2"
16064695,"dhaluGeist"
16064695,"dhaluWasser"
16064695,"dhaluBurnsB"
16064695,"dhaluTroll"
16064695,"dhaluLd"
16064695,"dhaluBoomer"
16064695,"dhaluMoney"
16064695,"dhaluClap"
16064695,"dhaluDabB"
16064695,"dhaluWi"
16064695,"dhaluLeave"
16064695,"dhaluDance"
16064695,"dhaluDab"
16064695,"dhaluLuLC"
16064695,"dhaluRIP"
16064695,"dhaluGG"
16064695,"dhaluLucky"
16064695,"dhaluNote"
16064695,"dhaluGrml"
16064695,"dhaluBurns"
16146075,"grxW"
16146075,"grxFail"
16146075,"grxChamp"
16146075,"grxSeemsGood"
16146075,"grxKizgin"
16146075,"grxPride"
16146075,"grxSapka"
16146075,"grxPog"
16146075,"grxBye"
16146075,"grxHey"
16146075,"grxKarpuz"
16146075,"grxRofl"
16146075,"grxCay"
16146075,"grxGamer"
16146075,"grxBoss"
16146075,"grxOG"
16146075,"grxYam"
16146075,"grxSad"
16146075,"grxTeyze"
16146075,"grxQ"
16146075,"grxKekw"
16146075,"grxMiniog"
16151006,"fatsEyes"
16151006,"fatsM"
16151006,"fatsHeh"
16151006,"fatsA"
16151006,"fatsHEH"
16151006,"fatsPlot"
16151006,"fatsZZZ"
16151006,"fatsT"
16151006,"fatsLit"
16151006,"fatsW"
16151006,"fatsTT"
16151006,"fatsN"
16151006,"fatsKa"
16151006,"fatsYasha"
16151006,"fatsS"
16151006,"fatsYate"
16151006,"fatsBrainpower"
16151006,"fatsSUPERSAIYAN3SHUCKLE"
16151006,"fatsPwease"
16151006,"fatsNANDESUKA"
16151006,"fatsH"
16151006,"fatsPu"
16151006,"fatsG"
16151006,"fatsF"
16151006,"fatsNZ"
16151006,"fatsK"
16151006,"fatsHH"
16151006,"fatsRLY"
16151006,"fatsSA"
16151006,"fatsJOKERFIED"
16151006,"fatsSCUM"
16151006,"fatsKTURN"
16151006,"fatsHuh"
16151006,"fatsPain"
16151006,"fatsRight"
16151006,"fatsKISAAMA"
16151006,"fatsZu"
16151006,"fatsE"
16151006,"fatsC"
16226414,"beerbGG"
16226414,"beerbRIP"
16226414,"beerbSNACC"
16226414,"beerbCHEERS"
16226414,"beerbREKT"
16226414,"beerbCATCH"
16226414,"beerbKaren"
16226414,"beerbRage"
16226414,"beerbHYPE"
16226414,"beerbGHs"
16226414,"beerbRsnac"
16226414,"beerbSrage"
16226414,"beerbLove"
16226414,"beerbGH"
16226414,"beerbUN"
16226414,"beerbUNS"
16344334,"lpmarkusYoshi"
16344334,"lpmarkusFacepalm"
16344334,"lpmarkusFail"
16344334,"lpmarkusHype"
16344334,"lpmarkusThink"
16344334,"lpmarkusRage"
16344334,"lpmarkusLUL"
16344334,"lpmarkusGG"
16344334,"lpmarkusVIP"
16344334,"lpmarkusJill"
16344334,"lpmarkusCry"
16344334,"lpmarkusYesSir"
16344334,"lpmarkusRIP"
16344334,"lpmarkusHeart"
16344334,"lpmarkusSans"
16344334,"lpmarkusCoolStory"
16344334,"lpmarkusMusic"
16344334,"lpmarkusSleep"
16344334,"lpmarkusShock"
16344334,"lpmarkusOMG"
16344334,"lpmarkusEat"
16344334,"lpmarkusBombe"
16344334,"lpmarkusHi"
16344334,"lpmarkusUndciao"
16344334,"lpmarkusBizzdann"
16344334,"lpmarkusGrin"
16344334,"lpmarkusAffenstark"
16344334,"lpmarkusMoney"
16344334,"lpmarkusOops"
16344334,"lpmarkusBaron"
16344334,"lpmarkusSweat"
16344334,"lpmarkusEvil"
16344334,"lpmarkusWhat"
16344334,"lpmarkusDance"
16344334,"lpmarkusYawn"
16344334,"lpmarkusPain"
16344334,"lpmarkusLancer"
16344334,"lpmarkusGym"
16344334,"lpmarkusLurk"
16344334,"lpmarkusDerp"
16344334,"lpmarkusHehe"
16344334,"lpmarkusRun"
16344334,"lpmarkusBye"
16348249,"phantaDunkedOn"
16348249,"phantaFingerGuns"
16348249,"phantaLove"
16348249,"phantaMerica"
16348249,"phantaChamp"
16348249,"phantaSmile"
16398798,"the1Haha"
16398798,"the1Handsome1"
16535718,"aka2Shy"
16535718,"aka2Wave"
16535718,"aka2Heart"
16535718,"aka2Dab"
16535718,"aka2LUL"
16535718,"aka2Hmm"
16535718,"aka2Sleeper"
16535718,"aka2Woke"
16535718,"aka2S"
16535718,"aka2Out"
16535718,"aka2Sad"
16535718,"aka2Baited"
16535718,"aka2Gun"
16535718,"aka2EZ"
16535718,"aka2Kona"
16535718,"aka2Mad"
16535718,"aka2Door"
16535718,"aka2W"
16535718,"aka2Rein"
16535718,"aka2No"
16535718,"aka2Yea"
16535718,"aka2D"
16535718,"aka2AYAYA"
16535718,"aka2Love"
16535718,"aka2Ok"
16535718,"aka2Rage"
16535718,"aka2Smug"
16535718,"aka2AYAYA2"
16535718,"aka2Noted"
16535718,"aka2KEKW"
16535718,"aka2Evil"
16535718,"aka2G2"
16535718,"aka2Pray"
16535718,"aka2Hey"
16578375,"jinriMadstache"
16578375,"jinriBang"
16578375,"jinriWhip"
16578375,"jinriKiss"
16578375,"jinriLurk"
16578375,"jinriHappy"
16578375,"jinriPogger"
16578375,"jinriPepoG"
16578375,"jinriUgh"
16578375,"jinriNLT"
16578375,"jinriSip"
16578375,"jinriKek"
16578375,"jinriLUL"
16578375,"jinriHmmm"
16578375,"jinriPauseChamp"
16578375,"jinriSing"
16578375,"jinriHackerman"
16578375,"jinriHeart"
16578375,"jinriTMI"
16578375,"jinriTMIk"
16578375,"jinriFeeldankman"
16578375,"jinriStare"
16578375,"jinriInternheart"
16578375,"jinriKnife"
16578375,"jinriInternrich"
16578375,"jinriHammer"
16578375,"jinriKeking"
16578375,"jinriBulling"
16578375,"jinriGood"
16578375,"jinriBuff"
16578375,"jinriGootshot"
16578375,"jinriOk"
16578375,"jinriFeelrichman"
16578375,"jinriInterncry"
16578375,"jinriInternbinocular"
16578375,"jinriBearing"
16578375,"jinriDance"
16578375,"jinriGreed"
16578375,"jinriPray"
16578375,"jinriAyayaintern"
16578375,"jinriAegyo"
16578375,"jinriInterngun"
16578375,"jinriCoffeeintern"
16578375,"jinriInternpopcorn"
16578375,"jinriInternkappa"
16578375,"jinriJoeyS"
16578375,"jinriHmm"
16578375,"jinriStraight"
16630260,"matthewHI"
16630260,"matthewGG"
16630260,"matthewTHUMBSUP"
16630260,"matthewMONEY"
16630260,"matthewCRY"
16630260,"matthewSMUG"
16630260,"matthewRANT"
16630260,"matthewSALT"
16630260,"matthewHYPE"
16630260,"matthewFACEPALM"
16630260,"matthewJustVibin"
16630260,"matthewDEAD"
16630260,"matthewPOINT"
16630260,"matthewDC"
16630260,"matthewLUL"
16630260,"matthewSlug"
16630260,"matthewBRUH"
16630260,"matthewCOZY"
16630260,"matthewDancyDance"
16630260,"matthewNopers"
16630260,"matthewCOFFEE"
16630260,"matthewBLESS"
16630260,"matthewYeppers"
16630260,"matthewREEEEE"
16630260,"matthewWOO"
16630260,"matthewSHRUG"
16630260,"matthewLOVE"
16630260,"matthewESCAPE"
16630260,"matthew4K"
16630260,"matthewLETSGO"
16630260,"matthewEZ"
16630260,"matthewRAID"
16630260,"matthewSUS"
16630260,"matthewSALUTE"
16630260,"matthewRIOT"
16630260,"matthewTHINK"
16630260,"matthewEAT"
16630260,"matthewSHY"
16630260,"matthewLURK"
16677765,"qttLove"
16677765,"qttJamR"
16677765,"qttJamK"
16677765,"qttGa2"
16677765,"qttAYAYA"
16677765,"qttLook"
16677765,"qttHeart"
16677765,"qttPat"
16677765,"qttShy"
16677765,"qttWOW"
16677765,"qttCongrats"
16677765,"qttStudy"
16677765,"qttThink"
16677765,"qttCheck"
16677765,"qttBless"
16677765,"qttCry"
16677765,"qttSleep"
16677765,"qttHi"
16677765,"qttHype"
16677765,"qttGood"
16677765,"qttDrink"
16677765,"qttEat"
16677765,"qttEZ"
16677765,"qttLUL"
16677765,"qttShock"
16677765,"qttWhistle"
16677765,"qttWhat"
16677765,"qttMonkaS"
16677765,"qttRNG"
16677765,"qttCheerR"
16677765,"qttCheerK"
16677765,"qttCool"
16677765,"qttHaruka"
16677765,"qttLewd"
16677765,"qttNo"
16677765,"qttStop"
16677765,"qttFlag"
16677765,"qttWaku"
16677765,"qttLoud"
16677765,"qttO4O"
16677765,"qtt7pupu"
16677765,"qttWater"
16677765,"qttDed"
16677765,"qttWtf"
16677765,"qttIori"
16677765,"qttWait"
16677765,"qttZoom"
16677765,"qttShake"
16677765,"qttNotlikethis"
16677765,"qttMakoto"
16677765,"qttBlm"
16677765,"qttOpen"
16677765,"qttFine"
16677765,"qttBonk"
16678946,"coeGrip"
16678946,"coeMort"
16678946,"coeNo"
16678946,"coeShorts"
16678946,"coeWoogaL"
16678946,"coeWoogaR"
16678946,"coeThink"
16678946,"coeVert"
16678946,"coeHush"
16678946,"coeSlap"
16678946,"coeBrain"
16678946,"coeWave"
16678946,"coeNod"
16678946,"coeRip"
16678946,"coeAward"
16678946,"coeYosh"
16678946,"coeVinyl"
16678946,"coeNiko"
16678946,"coeDino"
16678946,"coeNice"
16678946,"coeGun"
16678946,"coeBot"
16678946,"coeNecomi"
16678946,"coeDilf"
16678946,"coeLove"
16678946,"coeShortsA"
16678946,"coeFifth"
16678946,"coeShh"
16678946,"coeCake"
16678946,"coeWoogaLA"
16678946,"coeYatta"
16678946,"coeHype"
16689163,"crikEdwad"
16689163,"crikGnome"
16689163,"crikStarly"
16689163,"crikLate"
16689163,"crikLore"
16689163,"crikLiz"
16689163,"crikCool"
16689163,"crikD"
16689163,"crikGood"
16689163,"crikBad"
16689163,"crikBlind"
16689163,"crikMute"
16689163,"crikDeaf"
16689163,"crikPog"
16689163,"crikPls"
16689163,"crikNo"
16689163,"crikBab"
16689163,"crikGasm"
16689163,"crikTantrum"
16689163,"crikPlot"
16689163,"crikObject"
16689163,"crikTrask"
16689163,"crikAWAWA"
16689163,"crikEmo"
16689163,"crikEdge"
16689163,"crikCult"
16689163,"crikUnity"
16689163,"crikManic"
16689163,"crikMaster"
16689163,"crikDoubt"
16689163,"crikWow"
16689163,"crikJoy"
16689163,"crikRich"
16689163,"crikSuffer"
16689163,"crikLurk"
16689163,"crikSmile"
16689163,"crikKeeper"
16689163,"crikLove"
16689163,"crikFool"
16689163,"crikFear"
16689163,"crikHollow"
16689163,"crikAlert"
16689163,"crikHive"
16689163,"crikMigel"
16689163,"crikWorm"
16689163,"crikSmash"
16689163,"crikCry"
16689163,"crikIQ"
16689163,"crikPeek"
16689163,"crikSTEER"
16689163,"crikPast"
16689163,"crikDisgust"
16689163,"crikSmug"
16689163,"crikJAM"
16689163,"crikPink"
16689163,"crikPew"
16689163,"crikRage"
16689163,"crikOOOO"
16689163,"crikCheer"
16689163,"crikBlue"
16689163,"crikFuture"
16689163,"crikComfy"
16689163,"crikScheme"
16689163,"crikWar"
16689163,"crikCrungo"
16871502,"mscupHi"
16871502,"mscupCoke"
16871502,"mscupChu"
16871502,"mscupHype"
16871502,"mscupBlush"
16871502,"mscupUhh"
16871502,"mscupYeah"
16871502,"mscupSpicy"
16871502,"mscupWat"
16871502,"mscupButt"
16871502,"mscupLove"
16871502,"mscupBrudda"
16871502,"mscupRare"
16871502,"mscupCry"
16871502,"mscupWow"
16871502,"mscupDab"
16871502,"mscupThink"
16871502,"mscupSleep"
16871502,"mscupPillow"
16871502,"mscupAYAYA"
16871502,"mscupBoom"
16871502,"mscupWalk"
16871502,"mscupDance"
16871502,"mscupDog"
16871502,"mscupLurk"
16871502,"mscupYay"
16871502,"mscupRude"
16871502,"mscupSmug"
16871502,"mscupSnap"
16886667,"bexedKyaa"
16886667,"bexedBobo"
16886667,"bexedGreen"
16886667,"bexedH"
16886667,"bexedRaver"
16886667,"bexedWho"
16886667,"bexedChad"
16886667,"bexedO7"
16886667,"bexedMagic"
16886667,"bexedPop"
16886667,"bexed200IQ"
16886667,"bexedHi2"
16886667,"bexedDora"
16886667,"bexedCool"
16886667,"bexedOK"
16886667,"bexedPog"
16886667,"bexedBonk"
16886667,"bexedCCTV"
16886667,"bexedLurk"
16886667,"bexedSad"
16886667,"bexedTato"
16886667,"bexedNO"
16886667,"bexedHi"
16886667,"bexedMad"
16995144,"lepTIME"
16995144,"lepPOGGIES"
16995144,"lepSUS"
16995144,"lepHD"
16995144,"lepHUBRIS"
16995144,"lepD"
16995144,"lepSIP"
16995144,"lepCREEP"
16995144,"lepBOT"
16995144,"lepBUSINESS"
16995144,"lepAWK"
16995144,"lepNURM"
16995144,"lepANGY"
16995144,"lepDESPAIR"
16995144,"lepCH"
16995144,"lepC"
16995144,"lepPEEP"
16995144,"lepG"
16995144,"lepSUFFER"
16995144,"lepPLSS"
16995144,"lepHAND"
16995144,"lepHAHA"
16995144,"lepPOP"
16995144,"lepOOF"
16995144,"lepHP"
16995144,"lepHOW"
16995144,"lepSTUCK"
16995144,"lepMEGA"
16995144,"lepSAD"
16995144,"lepYOU"
16995144,"lepPOINT"
16995144,"lepPRAY"
16995144,"lepS"
16995144,"lepNICE"
16995144,"lepRT"
16995144,"lepW"
16995144,"lepHANDS"
16995144,"lepLOOK"
16995144,"lepHUG"
16995144,"lepFGC"
16995144,"lepEVIL"
16995144,"lepNERD"
16995144,"lepLOL"
16995144,"lepFS"
16995144,"lepBONK"
16995144,"lepBOOMER"
16995144,"lepBRAIN"
16995144,"lepNO"
16995144,"lepFULL"
16995144,"lepFDT"
16995144,"lepA"
16995144,"lepPLS"
16995144,"lepPAUSE"
16995144,"lepT"
16995144,"lep7"
16995144,"lepSTARE"
16995144,"lepH"
16995144,"lepWIGGLE"
16995144,"lepCOZY"
16995144,"lepPOG"
16995144,"lepDERP"
16995144,"lepYEP"
16995144,"lepHELLO"
16995144,"lepNOTED"
16995144,"lepMONK"
16995144,"lepF"
16995144,"lepCHAD"
16995144,"lepGASM"
16995144,"lepCLAP"
16995144,"lepGAMER"
16995144,"lepP"
16995144,"lepHMM"
16995144,"lepMAD"
16995144,"lepFC"
16995144,"lepFLIRT"
17036303,"gcalWink"
17036303,"gcalXD"
17036303,"gcalWat"
17036303,"gcalSmug"
17036303,"gcalHappy"
17036303,"gcalSad"
17036303,"gcalPatchy"
17036303,"gcalEevee"
17036303,"gcalHuh"
17036303,"gcalSuika"
17061121,"neppoTier2"
17061121,"neppoTier3"
17061121,"neppoNFL"
17061121,"neppoBasketball"
17061121,"neppoConfused"
17061121,"neppoCrown"
17061121,"neppoDab"
17061121,"neppoFootball"
17061121,"neppoMadden"
17061121,"neppoNba1"
17061121,"neppoNba2"
17061121,"neppoFifa21"
17061121,"neppo99"
17061121,"neppoGG"
17061121,"neppoGoal"
17061121,"neppoGulag"
17061121,"neppoHeart"
17061121,"neppoHelmet"
17061121,"neppoLove"
17061121,"neppoPrestige"
17061121,"neppoNbalogo"
17061121,"neppoNbagold"
17061121,"neppoOus"
17061121,"neppoOut"
17061121,"neppoPenref"
17061121,"neppoRage"
17061121,"neppoRedcard"
17061121,"neppoSubhype"
17061121,"neppoSweat"
17061121,"neppoTeam"
17061121,"neppoWin"
17126122,"rohIyo"
17126122,"rohW"
17126122,"rohCmon"
17126122,"rohPerfect"
17126122,"rohLUL"
17126122,"rohStory"
17126122,"rohV"
17126122,"rohGIT"
17126122,"rohGUD"
17126122,"rohLewd"
17126122,"rohLove"
17128592,"pbkCake"
17128592,"pbkMhealth"
17128592,"pbkBiz"
17128592,"pbkOhmy"
17128592,"pbkJakesfav"
17128592,"pbkHeart"
17128592,"pbkRip"
17128592,"pbkFroggy"
17128592,"pbkPizza"
17128592,"pbkSalty"
17128592,"pbkJack"
17128592,"pbkMoist"
17128592,"pbkPopcorn"
17128592,"pbkShame"
17128592,"pbkWheels"
17128592,"pbkSiber"
17162926,"fcoughValidate"
17162926,"fcoughBlackMage"
17162926,"fcoughIllegal"
17162926,"fcoughThink"
17162926,"fcoughMegaMan"
17162926,"fcoughNinjaHide"
17162926,"fcoughSonOfA"
17162926,"fcoughFootball"
17162926,"fcoughLove"
17162926,"fcoughKarate"
17162926,"fcoughNerd"
17162926,"fcoughDancing"
17162926,"fcoughNoLook"
17162926,"fcoughWhiteMage"
17162926,"fcoughRip"
17162926,"fcoughBounce"
17162926,"fcoughScared"
17162926,"fcoughDarth"
17162926,"fcoughCozy"
17162926,"fcoughNotes"
17162926,"fcoughNoHear"
17162926,"fcoughWave"
17162926,"fcoughBlind"
17162926,"fcoughBard"
17162926,"fcoughSip"
17162926,"fcoughCuss"
17162926,"fcoughHyperMad"
17162926,"fcoughLurk"
17162926,"fcoughLink"
17162926,"fcoughSad"
17162926,"fcoughNoSpeak"
17162926,"fcoughLaugh"
17162926,"fcoughPopcorn"
17162926,"fcoughArcher"
17162926,"fcoughSuperSellout"
17206877,"yumytv2chest"
17206877,"yumytvMonka"
17206877,"yumytvBench3"
17206877,"yumytvBench2"
17206877,"yumytvBench"
17206877,"yumytvHW"
17206877,"yumytvJail"
17206877,"yumytvPog"
17206877,"yumytvCry"
17206877,"yumytvIO"
17206877,"yumytvWaffle"
17206877,"yumytvFirecat"
17206877,"yumytvAly"
17206877,"yumytvUwu"
17206877,"yumytvYEP"
17206877,"yumytvJAM"
17206877,"yumytvMetired"
17206877,"yumytvSus"
17206877,"yumytvEZ"
17206877,"yumytvLove"
17206877,"yumytvKEKW"
17206877,"yumytvToxic"
17206877,"yumytvJAMMER"
17206877,"yumytvFine"
17206877,"yumytvSnack"
17206877,"yumytvAngel"
17206877,"yumytvHype"
17206877,"yumytvDeadge"
17206877,"yumytvHi"
17206877,"yumytvCozy"
17206877,"yumytvPray"
17206877,"yumytvTilt"
17206877,"yumytvStreaming"
17206877,"yumytvOneHeal"
17206877,"yumytvLurk"
17206877,"yumytvOGCozy"
17206877,"yumytvShock"
17206877,"yumytvLook"
17206877,"yumytvHug"
17206877,"yumytvPogU"
17206877,"yumytvPat"
17206877,"yumytvWave"
17212755,"ladelfMiri"
17212755,"ladelfSoniclolicon"
17212755,"ladelfSorrymoney"
17212755,"ladelfZhena5"
17212755,"ladelfBang"
17212755,"ladelfBel"
17212755,"ladelfArisha"
17212755,"ladelfDelia"
17212755,"ladelfEvy"
17212755,"ladelfGallagher"
17212755,"ladelfFiona"
17212755,"ladelfMiul"
17212755,"ladelfFaigor2"
17212755,"ladelfDadParrotSlow"
17212755,"ladelfDadParrotFast"
17212755,"ladelfCrazyWayne"
17212755,"ladelfVindHappy"
17212755,"ladelfFaigor3"
17212755,"ladelfFaigor1"
17212755,"ladelfRickRoll"
17212755,"ladelfFaigor4"
17212755,"ladelfVindNice"
17212755,"ladelfVindNo"
17212755,"ladelfVindYes"
17212755,"ladelfVindMad"
17212755,"ladelfVindSad"
17212755,"ladelfDadParrotTest"
17212755,"ladelfVindCrybitterly"
17212755,"ladelfDadParrotUltraFast"
17212755,"ladelfUGugugg"
17252665,"racesSleepy"
17252665,"racesChad"
17252665,"racesSad"
17252665,"racesP"
17252665,"racesSure"
17252665,"racesR"
17252665,"racesOk"
17252665,"racesF"
17252665,"racesRR"
17252665,"racesPk"
17252665,"racesImsohilariousandcool"
17252665,"racesG"
17252665,"racesSureR"
17252665,"racesSab"
17252665,"racesDoubt"
17252665,"racesPog"
17252665,"racesSureE"
17252665,"racesMandR"
17252665,"racesSureHD"
17252665,"racesS"
17252665,"racesW"
17252665,"racesPotGod"
17252665,"racesSureb"
17252665,"racesJ"
17252665,"racesDLL"
17252665,"racesL"
17252665,"racesYay"
17252665,"racesRat"
17260987,"garymMoeny"
17260987,"garymMiofear"
17260987,"garymIori"
17260987,"garymMionako"
17260987,"garymChocolaCH"
17260987,"garymVanillasay"
17260987,"garymTon"
17260987,"garymDau"
17308672,"agentjjAgentJke"
17308672,"agentjjAGENT"
17308672,"agentjjAGENTban"
17308672,"agentjjNyxRedOrkins"
17308672,"agentjjMe4raboV"
17308672,"agentjjBrainAGENTz"
17308672,"agentjjLunt1k"
17308672,"agentjjXaero"
17308672,"agentjjRUSSIA"
17308672,"agentjjShhhaaaaaa"
17308672,"agentjjPivas"
17308672,"agentjjZloy"
17308672,"agentjjPredator"
17308672,"agentjj007ranger"
17308672,"agentjj007y0"
17308672,"agentjjLegend"
17308672,"agentjjSSignalkami"
17308672,"agentjjDbt"
17308672,"agentjjMegandoS"
17308672,"agentjjQCmusor"
17308672,"agentjjNoviiZna4ek"
17308672,"agentjjElittt"
17308672,"agentjjVmpR"
17308672,"agentjjBlue"
17308672,"agentjjHowieSHAFT"
17308672,"agentjj4epyha"
17308672,"agentjjW"
17324860,"tageCrazy"
17324860,"tageBlind"
17324860,"tageRip"
17324860,"tageGold"
17324860,"tageAim"
17324860,"tageSwag"
17324860,"tageFace"
17324860,"tageDog"
17324860,"tageThump"
17324860,"tageWow"
17324860,"tageHype"
17324860,"tageNuke"
17324860,"tageWhat"
17324860,"tageDrink"
17333151,"miltDuck"
17333151,"miltSmug"
17333151,"miltFlashy"
17333151,"miltRekt"
17333151,"miltWa"
17333151,"miltHuh"
17352801,"boston78ProDriver"
17352801,"boston78Lurking"
17352801,"boston78Seatbelt"
17352801,"boston78Dance"
17352801,"boston78Badriver"
17352801,"boston78Gift"
17352801,"boston784K"
17352801,"boston78Raidd"
17352801,"boston78HYPEEE"
17352801,"boston78Lurk"
17352801,"boston78ProDriverr"
17352801,"boston78Chilling"
17352801,"boston78TIER3"
17352801,"boston78Party"
17352801,"boston78GetGas"
17352801,"boston78BostonAlexCar"
17352801,"boston78BadDriver"
17352801,"boston78Gas"
17352801,"boston78LOL"
17352801,"boston78Toxic"
17352801,"boston78GotEm"
17352801,"boston78SubHypee"
17352801,"boston78WAKEUP"
17352801,"boston7822That"
17352801,"boston78Toxicc"
17352801,"boston78LOLOLOL"
17352801,"boston78EmojiRub"
17352801,"boston78Vibing101"
17367235,"aegisaHype"
17367235,"aegisaDrBOXe"
17367235,"aegisaMlem"
17367235,"aegisaLUL"
17367235,"aegisaOld"
17367235,"aegisaPizza"
17367235,"aegisaRiot"
17367235,"aegisaAEGIS"
17367235,"aegisaFine"
17367235,"aegisaBull"
17367235,"aegisaTappy"
17367235,"aegisaPredDonce"
17367235,"aegisaHug"
17367235,"aegisaDerp"
17367235,"aegisaAegis5"
17367235,"aegisaPredBerry"
17367235,"aegisaBongoSally"
17367235,"aegisaBehind"
17367235,"aegisaSBOX"
17367235,"aegisaPRED"
17367235,"aegisaRage"
17367235,"aegisaMonkeyJAM"
17367235,"aegisaSLEP"
17367235,"aegisaLurk"
17367235,"aegisaBigMLEM"
17367235,"aegisaHate"
17367235,"aegisaSip"
17367235,"aegisaPred5"
17367235,"aegisaStaeb"
17367235,"aegisaLost"
17367235,"aegisaNekohi"
17400877,"kizzB"
17400877,"kizzC"
17400877,"kizzT"
17400877,"kizzBog"
17400877,"kizzZ"
17400877,"kizzL"
17400877,"kizzBW"
17400877,"kizzCry"
17400877,"kizzBDL"
17400877,"kizzMT"
17400877,"kizzT2"
17400877,"kizzMad"
17400877,"kizzHS"
17400877,"kizzLEG"
17400877,"kizzEND"
17400877,"kizzARY"
17400877,"kizz24"
17400877,"kizzAppa"
17400877,"kizzLV"
17400877,"kizzHAT"
17400877,"kizzPTH"
17400877,"kizzSP"
17400877,"kizzHnng"
17400877,"kizzElec"
17400877,"kizzBLZ"
17401876,"miirioU3"
17401876,"miirioFeelsGoldMan"
17401876,"miirioGun"
17401876,"miirioM8"
17401876,"miirioFeelsDemoMan"
17401876,"miirioFeelsPromoMan"
17401876,"miirioLag"
17401876,"miirioFeelsweebMan"
17401876,"miirioFeelsPlatinumMan"
17401876,"miirioGalaxyBrain"
17401876,"miirioGuv"
17401876,"miirioGoose"
17401876,"miirioShuu"
17401876,"miirioReeee"
17401876,"miirioMasku"
17401876,"miirioKEKW"
17401876,"miirioDUCKY"
17401876,"miirioFeelsLawMan"
17401876,"miirioNoctwat"
17401876,"miirioPepeHands"
17401876,"miirioAYAYA"
17401876,"miirio1"
17401876,"miirio2"
17401876,"miirio3"
17401876,"miirio4"
17401876,"miirioA"
17401876,"miirioB"
17401876,"miirioC"
17401876,"miirioD"
17401876,"miirioFeelsLeeMan"
17401876,"miirioWeebJam"
17401876,"miirioBruh"
17401876,"miirioKMS"
17401876,"miirioGuvJam"
17401876,"miirioKazPls"
17401876,"miirioJumpJam"
17401876,"miirioCute"
17401876,"miirioYazka"
17401876,"miirioBanned"
17401876,"miirioLeePls"
17409661,"jesNoob"
17409661,"jesGg"
17409661,"jesFacepalm"
17409661,"jesRage"
17409661,"jesMulet"
17409661,"jesGold"
17409661,"jesHelp"
17409661,"jesTriste"
17409661,"jesSmooth"
17409661,"jesRip"
17409661,"jesDerp"
17409661,"jesHey"
17409661,"jesTop"
17409661,"jesSleep"
17409661,"jesLove"
17409661,"jesMulor"
17409661,"jesKeepo"
17409661,"jesStop"
17409661,"jesNon"
17409661,"jesOui"
17409661,"jesHypno"
17409661,"jesSeringue"
17409661,"jesCoin"
17409661,"jesSub"
17409661,"jesRe"
17409661,"jesVerglas"
17409661,"jesKek"
17409661,"jesAltica"
17409661,"jesCulotte"
17409661,"jesBrofist"
17409661,"jesSaipa"
17409661,"jesBattlegif"
17535020,"kensouPres"
17535020,"kensouSquad"
17535020,"kensouLeo"
17535020,"kensouBreh"
17535020,"kensouAyy"
17535020,"kensouWshoes"
17535020,"kensouGshoes"
17535020,"kensouHeadout"
17535020,"kensouAdam"
17535020,"kensouDoom"
17535020,"kensouWoke"
17535020,"kensou21mm"
17535020,"kensou21eat"
17535020,"kensouBrohype"
17535020,"kensouFusion1"
17535020,"kensouFusion2"
17535020,"kensouLul"
17535020,"kensouGoomba"
17535020,"kensouNah"
17535020,"kensouYe"
17535020,"kensouDoit"
17535020,"kensouBored"
17535020,"kensouLurk"
17535020,"kensouKermit"
17535020,"kensouBonk"
17535020,"kensouSus"
17535020,"kensouNessa"
17535020,"kensouTotsugeki"
17535020,"kensouVision"
17535020,"kensouPawg"
17535020,"kensouTragic"
17535020,"kensouClap"
17535020,"kensouGrub"
17535020,"kensouWeout"
17535020,"kensouDodo"
17568553,"rgpapaMmm"
17568553,"rgpapaRiko"
17568553,"rgpapaGorgofeliz"
17568553,"rgpapaGorgoque"
17568553,"rgpapaA"
17568553,"rgpapaO"
17568553,"rgpapaN"
17568553,"rgpapaGorgomad"
17568553,"rgpapaGorgommm"
17568553,"rgpapaGorgowow"
17578082,"fighte3Nani"
17578082,"fighte3Clever"
17578082,"fighte3Alreadydead"
17578082,"fighte3Umadbro"
17578082,"fighte3Wave"
17578082,"fighte3Triggered"
17578082,"fighte3Flex"
17578082,"fighte3Pointdown"
17578082,"fighte3Salt"
17578082,"fighte3Boi"
17578082,"fighte3Redorb"
17578082,"fighte3LUL"
17578082,"fighte3Bruh"
17578082,"fighte3Sad"
17578082,"fighte3Bigsad"
17578082,"fighte3Lmao"
17578082,"fighte3Itsok"
17578082,"fighte3Gasm"
17578082,"fighte3PLgasm"
17578082,"fighte3Gg"
17578082,"fighte3Chug"
17578082,"fighte3Troll"
17578082,"fighte3Swolepl"
17578082,"fighte3Ricardo"
17578082,"fighte3Please"
17578082,"fighte3Leftflex"
17578082,"fighte3Gigacheddar"
17578082,"fighte3Cow"
17578082,"fighte3Zacstruck"
17578082,"fighte3Rightflex"
17578082,"fighte3Dance"
17578082,"fighte3Notsoclever"
17578082,"fighte3Ravepl"
17578082,"fighte3Youpoop"
17578082,"fighte3Huh"
17578082,"fighte3Heheboi"
17578082,"fighte3Jam"
17578082,"fighte3Justinishot"
17598753,"shjamiHype"
17598753,"shjamiRage"
17598753,"shjamiFeels"
17598753,"shjamiKappa"
17598753,"shjamiHYPERS"
17598753,"shjamiCool"
17598753,"shjamiAnfassen"
17598753,"shjamiPaint"
17598753,"shjamiDITCH"
17598753,"shjamiLove"
17598753,"shjamiLUL"
17598753,"shjamiPlatypus"
17598753,"shjamiGift"
17598753,"shjamiGotem"
17598753,"shjamiSad"
17598753,"shjamiNotBad"
17598753,"shjamiIdyet"
17598753,"shjamiMoney"
17598753,"shjamiMetal"
17598753,"shjamiFun"
17598753,"shjamiEssen"
17598753,"shjamiSadge"
17598753,"shjamiCute"
17598753,"shjamiAHU"
17598753,"shjamiCashbringer"
17598753,"shjamiSupa"
17598753,"shjamiHey"
17598753,"shjamiW"
17598753,"shjamiDC"
17598753,"shjamiPride"
17598753,"shjamiGoldLUL"
17598753,"shjamiPog"
17598753,"shjamiAim"
17598753,"shjamiLoot"
17598753,"shjamiKeinLoot"
17598753,"shjamiGoldKappa"
17598753,"shjamiAHUArmy"
17598753,"shjamiGoldPaint"
17598753,"shjamiGerm"
17598753,"shjamiRageShake"
17598753,"shjamiChug"
17598753,"shjamiSilberLUL"
17598753,"shjamiMald"
17598753,"shjamiClap"
17598753,"shjamiSub"
17598753,"shjamiGeschenk"
17598753,"shjamiSubGift"
17598753,"shjamiHyperSpin"
17598753,"shjamiVision"
17598753,"shjamiSilberKappa"
17598753,"shjamiYoink"
17598753,"shjamiWeird"
17601225,"jooeWeird"
17601225,"jooeCop"
17601225,"jooeGlib"
17601225,"jooeWut"
17601225,"jooeOh"
17601225,"jooeAww"
17601225,"jooeLUL"
17601225,"jooeSwag"
17606157,"onlyafroCD"
17606157,"onlyafroTpose"
17606157,"onlyafroComfy"
17606157,"onlyafroWeird"
17606157,"onlyafroC"
17606157,"onlyafroD"
17606157,"onlyafroLove"
17606157,"onlyafroSlep"
17606157,"onlyafroXD"
17606157,"onlyafroGD"
17606157,"onlyafroYare"
17606157,"onlyafroRIP"
17606157,"onlyafroOMEGALUL"
17606157,"onlyafroCry"
17606157,"onlyafroAYAYA"
17606157,"onlyafroDrink"
17606157,"onlyafroNo"
17606157,"onlyafroS"
17606157,"onlyafroGasm"
17606157,"onlyafroRage"
17606157,"onlyafroHeh"
17606157,"onlyafroHello"
17606157,"onlyafroROCK"
17606157,"onlyafroSmash"
17606157,"onlyafroBRRR"
17606157,"onlyafroSmug"
17606157,"onlyafroNodders"
17650673,"andycaG"
17650673,"andycaF"
17650673,"andycaJ"
17650673,"andycaYiss"
17650673,"andycaYep"
17650673,"andycaY1"
17650673,"andycaEZ"
17650673,"andycaShade"
17650673,"andycaWinky"
17650673,"andycaRage"
17650673,"andycaPGLG"
17650673,"andycaMalding"
17650673,"andycaBDD"
17650673,"andycaSmile"
17650673,"andycaSad"
17650673,"andycaSureJan"
17650673,"andycaR"
17650673,"andycaBurnt"
17650673,"andycaY3"
17650673,"andycaNope"
17650673,"andycaYES"
17650673,"andycaSwell"
17650673,"andycaThonk"
17650673,"andycaCring"
17650673,"andycaY4"
17650673,"andycaH"
17650673,"andycaY2"
17652022,"zradaPereigrano"
17652022,"zradaClapclap"
17652022,"zradaPrivet"
17652022,"zradaLS"
17652022,"zradaSadis"
17652022,"zradaAnime"
17652022,"zradaA"
17652022,"zradaB"
17652022,"zradaI"
17652022,"zradaR"
17652022,"zradaBoom"
17652022,"zradaKot"
17652022,"zradaGayLobby"
17652022,"zradaMusorka"
17652022,"zradaJabka"
17652022,"zradaDebil"
17778682,"bredBoy"
17778682,"bredNothurt"
17778682,"bredOKgamer"
17778682,"bred4knight"
17778682,"bredQ"
17778682,"bredTC"
17778682,"bredHey"
17858826,"albiswaAngry"
17858826,"albiswaSad"
17858826,"albiswaMouth"
17858826,"albiswaBk"
17858826,"albiswaMeoww"
17858826,"albiswaPa"
17858826,"albiswaWhat"
17858826,"albiswaWaterr"
17858826,"albiswaSleep"
17858826,"albiswaDog"
17858826,"albiswaYeah"
17858826,"albiswaQQ"
17858826,"albiswaShu"
17858826,"albiswaBoom"
17858826,"albiswaBaby"
17858826,"albiswaAhri"
17858826,"albiswaSmile"
17858826,"albiswaRRR"
17858826,"albiswa888"
17858826,"albiswaYoucome"
17858826,"albiswaFour"
17858826,"albiswaTwo"
17858826,"albiswaRR"
17858826,"albiswaCoach"
17858826,"albiswaHi"
17942358,"kalyozHOY"
17942358,"kalyozJaijai"
17942358,"kalyozBestGars"
17942358,"kalyozLEL"
17942358,"kalyozDodo"
17942358,"kalyozSip"
17942358,"kalyozTube"
17942358,"kalyozHamham"
17942358,"kalyozRage"
17942358,"kalyozMouaif"
17942358,"kalyozAwww"
17942358,"kalyozHuq"
17942358,"kalyozDerp"
17942358,"kalyozHype"
17942358,"kalyozNote"
17942358,"kalyozLuv"
17942358,"kalyozTenezVous"
17942358,"kalyozCosy"
17942358,"kalyozSweat"
17942358,"kalyozSmug"
17942358,"kalyozDance"
17942358,"kalyozMeh"
17942358,"kalyozOMG"
17942358,"kalyozCoolKid"
17942358,"kalyozRIP"
17942358,"kalyozSad"
17942358,"kalyozActually"
17969970,"appNotImpress"
17969970,"appBanana"
17969970,"appTune"
17969970,"appDrop"
17969970,"appDisappoint"
17969970,"appHype"
17969970,"appAndrew"
17969970,"appTater"
17969970,"appDerp"
17969970,"appHappy"
17969970,"appDog"
17969970,"appTaterRoll"
17969970,"appAndrewSlide"
17969970,"appDropShake"
17969970,"appTuneRave"
17969970,"appHypeShake"
18219250,"quillPetra"
18219250,"quillSafety"
18219250,"quillSRB"
18219250,"quillKerbal"
18219250,"quillFaith"
18219250,"quillCulture"
18219250,"quillScience"
18219250,"quillDove"
18219250,"quillWaffel"
18219250,"quillLuftwaffel"
18219250,"quillYetu"
18219250,"quillBaba"
18219250,"quill1HP"
18219250,"quillWhisky"
18219250,"quillBoo"
18219250,"quillBoom"
18219250,"quillWar"
18219250,"quillDiggy"
18219250,"quillHappy"
18219250,"quillViking"
18219250,"quillBuilder"
18219250,"quillSprouts"
18219250,"quillFace"
18219250,"quillBrussels"
18219250,"quillIcon"
18219250,"quillWCGW"
18219250,"quillDwarf"
18219250,"quillPewPew"
18219250,"quillNuke"
18219250,"quillStoneMug"
18219250,"quillRIP"
18348329,"lndoWat1"
18348329,"lndoToxHype"
18348329,"lndoRaidTricity"
18348329,"lndoAlphasquad"
18348329,"lndoValhi"
18348329,"lndoExcitedBot"
18348329,"lndoCoolBot"
18348329,"lndoPeek"
18348329,"lndoBan"
18348329,"lndoRageBot"
18348329,"lndoCoco"
18348329,"lndoHifive"
18348329,"lndoShine"
18348329,"lndoDerp"
18348329,"lndoGaming"
18348329,"lndoLandoHi"
18348329,"lndoFineBot"
18348329,"lndoHappyBot"
18348329,"lndoPOG"
18348329,"lndoShiny"
18348329,"lndoLapis"
18348329,"lndoSusBot"
18348329,"lndoSadBot"
18348329,"lndoStrimmerPlz"
18348329,"lndoPls"
18348329,"lndoNotes"
18348329,"lndoWholeSome"
18348329,"lndoThisIsFine"
18362365,"amilooSorrow"
18362365,"amilooGosha"
18362365,"amiloodrtnian"
18362365,"amilooAmilooLik"
18362365,"amilooKonechno"
18362365,"amilooPoh"
18362365,"amilooPog"
18362365,"amilooSleeper"
18362365,"amilooChamp"
18362365,"amilooBob"
18362365,"amilooMaximalochka"
18362365,"amilooComsicomsa"
18362365,"amilooFP"
18362365,"amilooVokeal"
18362365,"amilooAFK"
18371017,"aqyThug"
18371017,"aqyGim"
18371017,"aqyComf"
18371017,"aqyCow"
18371017,"aqyViper"
18371017,"aqyLurk"
18371017,"aqyTony"
18371017,"aqyMoai"
18371017,"aqyOption"
18371017,"aqyOrdyne"
18371017,"aqyGlobehead"
18371017,"aqyArthurYea"
18371017,"aqyGaw"
18371017,"aqyKayla"
18371017,"aqyRabite"
18371017,"aqyFatMoai"
18371017,"aqyChackn"
18371017,"aqyPeace"
18371017,"aqyCarpet"
18371017,"aqyWow"
18371017,"aqyGoa"
18371017,"aqyPup"
18371017,"aqyShades"
18371017,"aqyMii"
18371017,"aqyRip"
18371017,"aqyCowa"
18371017,"aqyDuck"
18371017,"aqyBunny"
18371017,"aqyMidas"
18371017,"aqyMug"
18371017,"aqyFocus"
18385100,"psyzGRUMP"
18385100,"psyzDudu"
18385100,"psyzGachipoggers"
18385100,"psyzBoomer"
18385100,"psyzClamguy"
18385100,"psyzNGU"
18385100,"psyzClam"
18385100,"psyzYikes"
18385100,"psyzGgp"
18385100,"psyzGotem"
18385100,"psyzCrazy"
18385100,"psyzYikesa"
18385100,"psyzPenny"
18385100,"psyzCrazy2"
18385100,"psyzGod"
18385100,"psyzLurkin"
18385100,"psyzBat"
18405363,"geoffYEAH"
18405363,"geoffCAW"
18405363,"geoffUWU"
18405363,"geoffSTAR"
18405363,"geoffGASM"
18405363,"geoffCRY"
18405363,"geoffMLEM"
18405363,"geoffDEAD"
18405363,"geoffGRAN"
18405363,"geoffNARMAYA"
18405363,"geoffMETERA"
18405363,"geoffZETA"
18405363,"geoffIQ"
18405363,"geoffWIFI"
18405363,"geoffBOX"
18405363,"geoffPOOR"
18405363,"geoffPIZZA"
18405363,"geoffBROKE"
18405363,"geoffNO"
18405363,"geoffWHAT"
18405363,"geoffCHECKMARK"
18453918,"maoye5O56face"
18453918,"maoye56Bat"
18453918,"maoye56angry"
18453918,"maoye56cry"
18453918,"maoye56pan"
18453918,"maoye56lol"
18453918,"maoye56face"
18453918,"maoye56Shake2"
18453918,"maoye56yo"
18453918,"maoye56kawai"
18453918,"maoye56pikapikachu"
18453918,"maoye5666666"
18453918,"maoye56Gun"
18453918,"maoye56shake"
18453918,"maoye56Meow"
18453918,"maoye56XD"
18453918,"maoye56HahaFace"
18466131,"jayjayBIGAO"
18466131,"jayjayAMAZIN"
18466131,"jayjayALAMINA"
18466131,"jayjayDD"
18466131,"jayjayARCANE"
18466131,"jayjayHASTE"
18466131,"jayjayILU"
18466131,"jayjayINV"
18466131,"jayjayREGEN"
18466131,"jayjayMARCIANO"
18466131,"jayjayZUUUUM"
18466131,"jayjayCHATUBAJJ"
18466131,"jayjayCHATUBA"
18466131,"jayjayREAL"
18466131,"jayjaySTYLE"
18466131,"jayjayMURO"
18466131,"jayjayTRUVIS"
18510290,"hisGG"
18510290,"hisLOV"
18510290,"hisPFM"
18510290,"hisTT"
18510290,"hisSel"
18510290,"hisRIP"
18510290,"hisLOL"
18510290,"hisGreed"
18510290,"hisFP"
18510290,"hisCJ"
18510290,"hisCR"
18510290,"hisBeer"
18510290,"hisH"
18510290,"hisG"
18510290,"hisM"
18510290,"hisP"
18534809,"merinonbaOMG"
18534809,"merinonbaIrving"
18534809,"merinonbaTatum"
18534809,"merinonbaRata"
18534809,"merinonbaNastasa"
18534809,"merinonbaGemelos"
18534809,"merinonbaRandom"
18534809,"merinonbaGordo"
18534809,"merinonbaFumada"
18534809,"merinonbaSimmonsLadrillo"
18534809,"merinonbaPayaso"
18534809,"merinonbaTuerto"
18534809,"merinonbaSimmonscity"
18583518,"mogBall"
18583518,"mogKappa"
18583518,"mogChicken"
18583518,"mogMoist"
18583518,"mogCute"
18583518,"mogPearl"
18583518,"mogSleep"
18583518,"mogAah"
18583518,"mogCheese"
18583518,"mogSus"
18583518,"mogLurk"
18583518,"mogHi"
18583518,"mogHeart"
18583518,"mogPlz"
18583518,"mogPride"
18583518,"mogKiss"
18583518,"mogBot"
18583518,"mogLlab"
18583518,"mogBless"
18583518,"mogRip"
18583518,"mogJam"
18583518,"mogSmrt"
18583518,"mogFool"
18583518,"mogBlock"
18583518,"mog10"
18583518,"mogCorn"
18583518,"mogSilly"
18583518,"mogTube"
18583518,"mogStop"
18583518,"mogRuby"
18583518,"mogRage"
18583518,"mogThinking"
18583518,"mogCry"
18583518,"mogPan"
18583518,"mogBounce"
18583518,"mogBee"
18583518,"mogSkelly"
18583518,"mogKin"
18583518,"mogHug"
18583518,"mogBeam"
18583518,"mogFan"
18583518,"mogDrip"
18583518,"mog1more"
18583518,"mogBug"
18583518,"mogGlobe"
18583518,"mogCozy"
18587270,"dayHmm"
18587270,"dayHuu"
18587270,"dayUhoh"
18587270,"dayBlack"
18587270,"dayBlue"
18587270,"dayGreen"
18587270,"dayRed"
18587270,"dayWhite"
18587270,"dayFive"
18587270,"dayPurr"
18587270,"dayHowdy"
18587270,"dayNoU"
18587270,"dayBear"
18587270,"dayB"
18587270,"dayG"
18587270,"dayP"
18587270,"dayKrablar"
18587270,"dayPride"
18587270,"dayPriest"
18587270,"dayWo"
18587270,"dayLo"
18587270,"dayCool"
18587270,"daySultry"
18587270,"dayThumb"
18587270,"dayHeart"
18587270,"dayStory"
18587270,"dayJoy"
18587270,"dayDerp"
18587270,"dayDespy"
18587270,"daySheriff"
18587270,"dayRope"
18587270,"dayPwr"
18587270,"dayHot"
18587270,"dayKnight"
18587270,"daySick"
18587270,"dayMug"
18587270,"dayTroll"
18587270,"dayLuck"
18587270,"dayGoblin"
18587270,"daySave"
18587270,"dayBroken"
18587270,"dayHey"
18587270,"dayJ"
18587270,"dayGG"
18587270,"dayGLHF"
18587270,"dayPaint"
18587270,"dayOhno"
18587270,"dayCoolSlide"
18587270,"dayKrablarRoll"
18587270,"dayFK"
18597277,"konvictChill"
18597277,"konvictOhshiet"
18597277,"konvictSchnick"
18597277,"konvictBizeps"
18597277,"konvictDeplete"
18597277,"konvictHkalte"
18597277,"konvictHware"
18597277,"konvictKacke"
18597277,"konvictRasur"
18597277,"konvictLove"
18597277,"konvictFahrkarte"
18597277,"konvictFacepalm"
18597277,"konvictLove1"
18597277,"konvictToxic"
18597277,"konvictHype"
18597277,"konvictHype2"
18597277,"konvictRaus"
18597277,"konvictRein"
18597277,"konvictRip"
18597277,"konvictIzzda"
18598155,"dolSawthat"
18598155,"dolHeh"
18598155,"dolB"
18598155,"dolP"
18598155,"dolWar"
18598155,"dolPog"
18598155,"dolWoah"
18598155,"dolBruh"
18598155,"dolTrig"
18598155,"dolHype"
18598155,"dolAngry"
18598155,"dolOk"
18598155,"dolBlush"
18598155,"dolMine"
18598155,"dolGold"
18606165,"harLips"
18606165,"harAlright"
18606165,"harMonkey"
18606165,"harSink"
18606165,"harStem"
18606165,"harGandalf"
18606165,"harSuck"
18606165,"harMilk"
18606165,"harRookie"
18606165,"harAk"
18606165,"harMega"
18606165,"harSoldier"
18606165,"harNice"
18606165,"harPog"
18606165,"harNotbad"
18606165,"harCap"
18606165,"harO7"
18606165,"harEz"
18606165,"harExtreme"
18606165,"harPlank"
18606165,"harNry"
18606165,"harSkype"
18606165,"harCowboy"
18615783,"iti63Gg"
18615783,"iti63Kichman"
18615783,"iti63Luv"
18615783,"iti63Morice"
18615783,"iti63Hey"
18615783,"iti63Tatencule"
18615783,"iti63Salordome"
18615783,"iti63Moi"
18615783,"iti63FullNRJ"
18615783,"iti63LowNRJ"
18615783,"iti63Plus"
18615783,"iti63Moins"
18615783,"iti63De"
18615783,"iti63Ou"
18615783,"iti63Love"
18615783,"iti63Saintepelle"
18615783,"iti63Pleure"
18615783,"iti63Rip"
18615783,"iti63Gyro"
18615783,"iti63Passion"
18615783,"iti63Rire"
18615783,"iti63Triste"
18615783,"iti63Bigleux"
18615783,"iti63Shy"
18615783,"iti63GGor"
18615783,"iti63Arcenciel"
18615783,"iti63Peur"
18615783,"iti63Evil"
18615783,"iti63Sick"
18615783,"iti63Boss"
18615783,"iti63Jtelove"
18615783,"iti63Clip"
18615783,"iti63Dodo"
18615783,"iti63What"
18615783,"iti63Rage"
18615783,"iti63Desir"
18615783,"iti63Piece"
18615783,"iti63Meh"
18615783,"iti63Malade"
18623348,"annkOhshucks"
18623348,"annkGillian"
18623348,"annkBad"
18623348,"annkDerp"
18623348,"annkTaunt"
18623348,"annkGood"
18623348,"annkDank"
18623348,"annkDevil"
18623348,"annkWorst"
18623348,"annkCreep"
18623348,"annkKing"
18623348,"annkHand"
18623348,"annkJjj"
18623348,"annkSnatcher"
18623348,"annkFang"
18623348,"annkHorror"
18623348,"annkSteppy"
18623348,"annkProfits"
18623348,"annkHal"
18623348,"annkLol"
18623348,"annkGimmie"
18623348,"annkPaw"
18623348,"annkWink"
18623348,"annkBest"
18623348,"annkGetfmacaw"
18623348,"annkGrump"
18623348,"annkOh"
18623348,"annkPinky"
18623348,"annkOk"
18623348,"annkJams"
18629754,"phammyPeep"
18629754,"phammyLewd"
18629754,"phammyWelp"
18629754,"phammyWTF"
18629754,"phammyYes"
18629754,"phammyBasket"
18629754,"phammyChonk"
18629754,"phammyLove"
18629754,"phammyGasm"
18629754,"phammyHappy"
18629754,"phammyPOG"
18629754,"phammyBOP"
18629754,"phammyTIES"
18629754,"phammyBless"
18629754,"phammyDerp"
18629754,"phammyT"
18629754,"phammy4"
18629754,"phammyW"
18629754,"phammyScam"
18629754,"phammySmile"
18629754,"phammyJam"
18629754,"phammyM"
18629754,"phammySad"
18629754,"phammyPog"
18647236,"p4sEnergy"
18647236,"p4sPoutine"
18647236,"p4sHat"
18647236,"p4sPatEnCrisse"
18647236,"p4sPatEnSmile"
18647236,"p4sPatContent"
18647236,"p4sLogo"
18647236,"p4sGG"
18647236,"p4sSub"
18647236,"p4sWiwi"
18647236,"p4sOnlfa"
18647236,"p4sParfa"
18647236,"p4sTrain"
18647236,"p4sPatdanse"
18647236,"p4sTibum"
18647236,"p4sToechose"
18647236,"p4sTonchar"
18647236,"p4sPatAnimeFeu"
18647236,"p4sDanslefleuve"
18647236,"p4sSteeve"
18647236,"p4sHibou"
18647236,"p4sIlluminati"
18647236,"p4sB4"
18647236,"p4sBonjour"
18647236,"p4sLove"
18647236,"p4sPatAnime"
18647236,"p4sHebateau"
18647236,"p4s4IQ"
18730955,"nateNateypoo"
18730955,"nateW"
18730955,"natePog"
18730955,"nateKnight"
18730955,"nate3"
18730955,"nate4"
18730955,"nate1"
18730955,"nate2"
18730955,"nateC"
18730955,"nate7"
18730955,"nateY"
18730955,"nateToxic"
18730955,"nateNICE"
18730955,"nateSir1"
18730955,"nateSir2"
18730955,"nateLou"
18730955,"nateLou1"
18730955,"nateLou2"
18730955,"nateLou3"
18730955,"nateLou4"
18730955,"nateCheers"
18730955,"nateHmm"
18730955,"nateBonk"
18730955,"nateG"
18730955,"nateGG"
18730955,"nateHi"
18730955,"nateCash"
18730955,"nateYes"
18730955,"nateFreedom"
18730955,"nateWin"
18730955,"nateFear"
18730955,"nateCrab"
18730955,"nateDolla"
18730955,"nateMeh"
18730955,"nateWow"
18730955,"nateTruth"
18730955,"nateNug"
18730955,"nateLove"
18730955,"nateRIP"
18731326,"celrHyper"
18731326,"celrPower"
18731326,"celrS"
18731326,"celrAYAYA"
18731326,"celrGasm"
18731326,"celr7"
18731326,"celrHuh"
18731326,"celrShrug"
18731326,"celrV"
18731326,"celrBless"
18731326,"celrD"
18731326,"celrE"
18731326,"celrKnife"
18731326,"celrAww"
18731326,"celrPat"
18731326,"celrCop"
18731326,"celrLick"
18731326,"celrUltra"
18731326,"celrIsee"
18731326,"celrFail"
18731326,"celrWhale"
18731326,"celrCheers"
18731326,"celrSmart"
18731326,"celrPanda"
18731326,"celrSellout"
18731326,"celrJudge"
18731326,"celrHmm"
18731326,"celrSip"
18731326,"celrComfy"
18731326,"celrPout"
18731326,"celrSmug"
18731326,"celrLUL"
18731326,"celrWow"
18731326,"celrLurk"
18731326,"celrCry"
18731326,"celrBlush"
18731326,"celrTuturu"
18731326,"celrRip"
18731326,"celrLove"
18731326,"celrEZ"
18731326,"celrRave"
18731326,"celrThis"
18731326,"celrSlam"
18731326,"celrPop"
18731326,"celrDoggo"
18731326,"celrYay"
18731326,"celrREEE"
18731326,"celrGive"
18799558,"purp2JOY"
18799558,"purp2WORK"
18799558,"purp2LURK"
18799558,"purp2DT"
18799558,"purp2H"
18807904,"meatyCheese"
18807904,"meatyHappy"
18807904,"meatyBuck"
18807904,"meatyCat"
18807904,"meatyTree"
18807904,"meatyOak"
18807904,"meatyHead"
18807904,"meatyJam"
18807904,"meatyWow"
18807904,"meatyBoris"
18807904,"meatyKing"
18807904,"meatyGg"
18807904,"meatyRekt"
18807904,"meatyRip"
18807904,"meaty22"
18807904,"meatyVault"
18807904,"meatyGunns"
18807904,"meatyRoad"
18807904,"meatyBeast"
18807904,"meatyPal"
18807904,"meatyMlg"
18807904,"meatyYaw"
18808579,"galalaNoNeinCat"
18808579,"galalaAngry"
18808579,"galalaBiteDaikai"
18808579,"galalaRoast"
18808579,"galalaNoMimilucky"
18808579,"galalaMad"
18808579,"galalaCry"
18808579,"galalaParty"
18808579,"galalaNoGodjj"
18808579,"galalaNoDaikai"
18808579,"galalaGood"
18808579,"galalaRRR"
18808579,"galalaPeek"
18808579,"galalaLove"
18808579,"galalaNoDingyi"
18811181,"kemonySHINY"
18811181,"kemonyRICH"
18811181,"kemonyJAIL"
18811181,"kemonyLOVE2"
18811181,"kemonyFLOWER"
18811181,"kemonySTIR"
18811181,"kemonyOILER"
18811181,"kemonySIT"
18811181,"kemonyCHEERPRIDE"
18811181,"kemonyRIP"
18811181,"kemonyBLIND"
18811181,"kemonyEAT"
18811181,"kemonyGAMBLE"
18811181,"kemonyBLUBBERS"
18811181,"kemonyCOOK"
18811181,"kemonyGASM"
18811181,"kemonyANGEL"
18811181,"kemonySHY"
18811181,"kemonyFINE"
18811181,"kemonyHACK"
18811181,"kemonyTOXIC"
18811181,"kemonyBONGO"
18811181,"kemonyPOOKY"
18811181,"kemonyRAID"
18811181,"kemonySKIP"
18811181,"kemonyPHONE"
18811181,"kemonyGIGGLE"
18811181,"kemonySLEEP"
18811181,"kemonyALICE"
18811181,"kemonySWIGGLE"
18811181,"kemonyDINKDONK"
18811181,"kemonyRAGE"
18811181,"kemonySTORY"
18811181,"kemonyWOW"
18811181,"kemonyPRIDE"
18811181,"kemonyWICKED"
18811181,"kemonyO7"
18811181,"kemonyJAM"
18811181,"kemonyTHINK"
18811181,"kemonyO72"
18811181,"kemonyCHEER"
18811181,"kemonyBOZO"
18811181,"kemonyNOTEPAD"
18811181,"kemonyGUN"
18811181,"kemonySUS"
18811181,"kemonyHUG"
18811181,"kemonyGIFT"
18811181,"kemonyHUH"
18811181,"kemonySIP"
18811181,"kemonySTEAL"
18811181,"kemonyLURK"
18811181,"kemonyREVERSE"
18811181,"kemonyHUH2"
18811181,"kemonyPAT"
18811181,"kemonyPRAY"
18811181,"kemonySHRIMPS"
18811181,"kemonyCOZY"
18816864,"ssjHilarious"
18816864,"ssjSpikeChamperino"
18816864,"ssjSlapper"
18816864,"ssjBanger"
18816864,"ssjLewd"
18816864,"ssjBoulda"
18816864,"ssjSnug"
18816864,"ssjZip"
18816864,"ssjTrent"
18816864,"ssjDisagree"
18816864,"ssjNut"
18816864,"ssjRaptor"
18816864,"ssjGift"
18816864,"ssjFool"
18816864,"ssjGG"
18816864,"ssjSip"
18816864,"ssjWUT"
18816864,"ssjFro"
18816864,"ssjStop"
18816864,"ssjBonk"
18816864,"ssjFlex"
18816864,"ssjParty"
18816864,"ssjS"
18816864,"ssjThump"
18816864,"ssjDed"
18816864,"ssjHeart"
18816864,"ssjSmug"
18816864,"ssjWha"
18816864,"ssjOH"
18816864,"ssjLAWL"
18816864,"ssjMad"
18816864,"ssjGold"
18816864,"ssjA"
18816864,"ssjWink"
18816864,"ssjRollin"
18816864,"ssjDeep"
18816864,"ssjSpikeChamp"
18816864,"ssjRAGE"
18816864,"ssjGooGoo"
18816864,"ssjPls"
18816864,"ssjUpTop"
18816864,"ssjSMACK"
18816864,"ssjNUUU"
18816864,"ssjOhMama"
18816864,"ssjDaddy"
18816864,"ssjFresh"
18849177,"jonsfEww"
18849177,"jonsfGasm"
18849177,"jonsfDoyouknowwhat"
18849177,"jonsfOne"
18849177,"jonsfSF"
18849177,"jonsf49"
18849177,"jonsfSax"
18849177,"jonsfTypical"
18849177,"jonsfBrother"
18849177,"jonsfHellyeah"
18849177,"jonsfSkiclub"
18849177,"jonsfPainisallyoullfind"
18849177,"jonsfNeckslice"
18850094,"camillsBlind"
18850094,"camillsDerp"
18850094,"camillsFP"
18850094,"camillsEat"
18850094,"camillsCop"
18850094,"camillsBeast"
18850094,"camillsHug"
18850094,"camillsSip"
18850094,"camillsSasha"
18850094,"camillsYungGod"
18850094,"camillsGG"
18850094,"camillsBabies"
18850094,"camillsSleep"
18850094,"camillsTrig"
18850094,"camillsS"
18850094,"camillsThink"
18850094,"camillsBanger"
18850094,"camillsHype"
18850094,"camillsSmart"
18850094,"camillsCry"
18850094,"camillsWow"
18850094,"camillsLove"
18850094,"camillsFeelsGood"
18887776,"momanNez"
18887776,"momanTututu"
18887776,"momanKappa"
18887776,"momanGG"
18887776,"momanBrain"
18887776,"momanCheh"
18887776,"momanCoucou"
18887776,"momanHeadshot"
18887776,"momanSUBHYPE"
18887776,"momanCHAMPAGNE"
18887776,"momanChina"
18887776,"momanBn"
18887776,"momanCry"
18887776,"momanFail"
18887776,"momanMerci"
18887776,"momanJustGo"
18887776,"momanUsuxoroxor"
18887776,"momanCam"
18887776,"momanTum"
18887776,"momanDebect"
18887776,"momanDach"
18887776,"momanKratoss"
18887776,"momanD"
18887776,"momanBoulemagique"
18887776,"momanSniff"
18887776,"momanAce"
18887776,"momanBouffe"
18887776,"momanClutch"
18887776,"momanModo"
18887776,"momanGift"
18887776,"momanBarbe"
18887776,"momanLspd"
18887776,"moman104"
18887776,"momanAAAA"
18887776,"momanWAZA"
18887776,"momanGrouuu"
18887776,"momanPlaneteDanton"
18887776,"momanRAGE"
18887776,"momanTakeit"
18887776,"momanEasydude"
18887776,"momanRip"
18887776,"momanMoman"
18887776,"momanHide"
18887776,"momanDino"
18887776,"momanT3"
18887776,"momanGun"
18887776,"momanMaquillage"
18887776,"momanFUMI"
18887776,"momanUni"
18887776,"momanCoeurs"
18887776,"momanLovee"
18887776,"momanSel"
18887776,"momanDanse"
18887776,"momanTimide"
18887776,"momanRantanplann"
18887776,"momanHaloween"
18887776,"momanDead"
18909439,"lanipaMeep"
18909439,"lanipaMlem"
18909439,"lanipaMeee"
18909439,"lanipaKrill"
18909439,"lanipaPog"
18909439,"lanipaBoo"
18909439,"lanipaYah"
18909439,"lanipaHi"
18909439,"lanipaSing"
18909439,"lanipaScree"
18909439,"lanipaWant"
18909439,"lanipaLuv"
18909439,"lanipaSus"
18909439,"lanipaSlay"
18909439,"lanipaDed"
18909439,"lanipaLol"
18909439,"lanipaWar"
18909439,"lanipaShh"
18909439,"lanipaAww"
18909439,"lanipaYikes"
18909439,"lanipaFace"
18909439,"lanipaSI"
18909439,"lanipaAHH"
18909439,"lanipaBeard"
18909439,"lanipaLpatine"
18909439,"lanipaForceR"
18909439,"lanipaLight"
18909439,"lanipaNing"
18909439,"lanipaPorg"
18909439,"lanipaPurr"
18909439,"lanipaLoud"
18909439,"lanipaPip"
18934154,"nzeroSwoop"
18934154,"nzeroW"
18934154,"nzeroSmug"
18934154,"nzeroS"
18934154,"nzeroComfyR"
18934154,"nzeroDon"
18934154,"nzero8Bit"
18934154,"nzeroHorny"
18934154,"nzeroConstanza"
18934154,"nzeroFrog"
18934154,"nzeroSmug1"
18934154,"nzeroSSR"
18934154,"nzeroSwipe"
18934154,"nzeroWool"
18934154,"nzeroSmug2"
18934154,"nzeroBoomer"
18934154,"nzeroRollout"
18934154,"nzeroSmug4"
18934154,"nzeroFurry"
18934154,"nzeroComfy"
18934154,"nzeroGurl"
18934154,"nzeroBaller"
18934154,"nzeroMicCheck"
18934154,"nzeroPinky"
18934154,"nzeroYam"
18934154,"nzeroChooChoo"
18934154,"nzeroBones"
18934154,"nzeroSaxMan"
18934154,"nzeroSmug3"
18934154,"nzeroBurger"
18934154,"nzeroPianoMan"
18934154,"nzeroMoo"
18934154,"nzeroKappa"
18934154,"nzeroFiend"
18934154,"nzeroPizza"
18934154,"nzeroComfyL"
18934154,"nzeroGhost"
18934154,"nzeroNinja"
18934154,"nzeroRex"
18934154,"nzeroCow"
18934154,"nzeroGentleman"
18934154,"nzeroElephant"
18946423,"rbdTeatime"
18946423,"rbdLove"
18946423,"rbdHype"
18946423,"rbdOmg"
18946423,"rbdHellocat"
18946423,"rbdRaid"
18946423,"rbdJason"
18946423,"rbdRip"
18946423,"rbdDoggo"
18946423,"rbdIs"
18946423,"rbdIt"
18946423,"rbdWhat"
18946423,"rbdAngry"
18946423,"rbdHappy"
18946423,"rbdLaugh"
18946423,"rbdLovecat"
18946423,"rbdSad"
18946423,"rbdShy"
18946423,"rbdSurprise"
18946423,"rbdLight"
18946423,"rbdGhost"
18946423,"rbdDoes"
18946423,"rbdMean"
18946423,"rbdMum"
18946423,"rbdSpoon"
18946423,"rbdPog"
18946423,"rbdLul"
18946423,"rbdTrain"
18946423,"rbdThermo"
18946423,"rbdBook"
18946423,"rbdCheers"
18946423,"rbdParrothype"
18946423,"rbdRiphat"
18946423,"rbdHatlove"
18946423,"rbdComfy"
18946423,"rbdToiletduck"
18946423,"rbdRave"
18946423,"rbdChair"
18946423,"rbdStamp"
18946423,"rbdCrowman"
18946423,"rbdSqueak"
18946423,"rbdSpin"
18946423,"rbdBle"
18946423,"rbdPineapple"
18946423,"rbdWheez"
18946423,"rbdSnek"
18946423,"rbdPenguin"
18946423,"rbdLighter"
18946423,"rbdJam"
18946423,"rbdBucket"
18946423,"rbdDead"
18946423,"rbdSdead"
18946423,"rbdBface"
18946423,"rbdSqueakdance"
18986049,"mcanPog"
18986049,"mcanMoney"
18986049,"mcanFam"
18986049,"mcanRuptor"
18986049,"mcanReads"
18986049,"mcanS"
18986049,"mcanNB"
18986049,"mcanGod"
18986049,"mcanHmm"
18986049,"mcanH"
18986049,"mcanF"
18986049,"mcanA"
18986049,"mcanMcan"
18986049,"mcanFist"
18986049,"mcanDT"
18986049,"mcanSad"
18986049,"mcanToxic1"
18986049,"mcanLUL"
18986049,"mcanFam2"
18986049,"mcanFam3"
18986049,"mcanHeart"
18986049,"mcanHold"
18986049,"mcanSalt"
18986049,"mcanUSA"
18986049,"mcanGG"
18986049,"mcanHype"
18986049,"mcanDream"
18986049,"mcanPepe"
18986049,"mcanSlide"
19013029,"crnDog"
19013029,"crnW"
19013029,"crnEZ"
19013029,"crnDerp"
19013029,"crnMad"
19013029,"crnHehe"
19013029,"crnRUCKY"
19013029,"crnGuts"
19013029,"crnKEK"
19013029,"crnWICKED"
19013029,"crnJAM"
19032515,"archaicSly"
19032515,"archaicDashtree"
19032515,"archaicDeal"
19032515,"archaicEddaCorgi"
19032515,"archaicOhcrap"
19032515,"archaicDashintensifies"
19039084,"mrsvSUB"
19039084,"mrsvFIST"
19039084,"mrsvYATTA"
19039084,"mrsvS"
19039084,"mrsvSNOOZE"
19039084,"mrsvSHOT"
19039084,"mrsvBILLS"
19039084,"mrsvHEY"
19039084,"mrsvRA"
19039084,"mrsvWR"
19039084,"mrsvLADYM"
19039084,"mrsvGOLD"
19039084,"mrsvPro"
19039084,"mrsvB"
19039084,"mrsvK"
19039084,"mrsvSHOUT"
19039084,"mrsvProsu"
19039084,"mrsvLOVE"
19039084,"mrsvSORCHA"
19039084,"mrsvSHINY"
19039084,"mrsvP"
19039084,"mrsvHAPPY"
19039084,"mrsvDING"
19039084,"mrsvDIG"
19070311,"seagSG"
19070311,"seagHAA"
19070311,"seagPRIME"
19070311,"seagLUL"
19070311,"seagH"
19070311,"seagDERP"
19070311,"seagHAPPY"
19070311,"seagWTF"
19070311,"seagRAGE"
19070311,"seagF"
19070311,"seagBLIND"
19070311,"seagSHY"
19070311,"seagHIM"
19070311,"seagGOTEM"
19070311,"seagDUMP"
19070311,"seagJ"
19070311,"seagCOOKIE"
19070311,"seagCREEP"
19070311,"seagW"
19070311,"seagLATE"
19070311,"seagBAN"
19070311,"seagFine"
19070311,"seag7"
19070311,"seagEZ"
19070311,"seagRIP"
19070311,"seagBAKA"
19070311,"seagTracist"
19070311,"seagCry"
19070311,"seagPUKE"
19070311,"seagAYAYA"
19070311,"seag1"
19070311,"seag2"
19070311,"seag3"
19070311,"seag4"
19070311,"seagT"
19070311,"seagGASM"
19070311,"seagCULT"
19070311,"seagGOLD"
19070311,"seagEVIL"
19070311,"seagD"
19070311,"seagOWO"
19070311,"seagTHICC"
19070311,"seagFIST"
19070311,"seagWHY"
19070311,"seagCHEEK"
19070311,"seagW1"
19070311,"seagSMUSH"
19070311,"seagO"
19070311,"seagHYPE"
19070311,"seagHEY"
19070311,"seagCAW"
19070311,"seagCARRY"
19070311,"seagC"
19070311,"seagB"
19070311,"seagW2"
19070311,"seagFAT"
19070311,"seagS"
19070311,"seagSMIRK"
19070311,"seagUSA"
19070311,"seagWOW"
19070311,"seagPog"
19092173,"keikeiPigstone"
19092173,"keikeiLiver"
19092173,"keikeiBell"
19092173,"keikeiChickeng"
19092173,"keikeiMilkcow"
19092173,"keikeiWw"
19092173,"keikeiHuh"
19106200,"duxaEz"
19106200,"duxaDuxaoh"
19106200,"duxaFail"
19106200,"duxaManyu"
19106200,"duxaMurky"
19106200,"duxaLul"
19106200,"duxaHaha"
19106200,"duxaMegan"
19106200,"duxaChamp"
19106200,"duxaSmart"
19106200,"duxaMal"
19106200,"duxaUhh"
19106200,"duxaUhhh"
19106200,"duxaPupi"
19106200,"duxaFiesta"
19106200,"duxaPupii"
19106200,"duxaRico"
19106200,"duxaRicoo"
19106200,"duxaDieter"
19106200,"duxaMonito"
19106200,"duxaGomez"
19106200,"duxaScare"
19106200,"duxaMuney"
19106200,"duxaReaper"
19106200,"duxaRey"
19106200,"duxaDance"
19106200,"duxaHigato"
19106200,"duxaRage"
19106200,"duxaDerp"
19106200,"duxaCry"
19106200,"duxaJugo"
19106200,"duxaCono"
19106200,"duxaShi"
19106200,"duxaChimp"
19106200,"duxaHype"
19106200,"duxaMax"
19106200,"duxaAghh"
19106200,"duxaSi"
19106200,"duxaHehe"
19106200,"duxaAlv"
19197541,"cxxTurtle"
19197541,"cxxKarma"
19197541,"cxxStratospherique"
19197541,"cxxSub"
19197541,"cxxDOUde"
19197541,"cxxChoke"
19197541,"cxxRip"
19197541,"cxxGift"
19197541,"cxxTryhard"
19197541,"cxxNul"
19197541,"cxxGn"
19197541,"cxxPrime3"
19197541,"cxxTHUG"
19197541,"cxxGG"
19197541,"cxxEyes"
19197541,"cxxLove"
19197541,"cxxFacepalm"
19197541,"cxxGasm"
19197541,"cxxMusic"
19197541,"cxxMusic2"
19197541,"cxxMusic3"
19197541,"cxxGg2"
19197541,"cxxGg3"
19197541,"cxxRip2"
19197541,"cxxRip3"
19197541,"cxxL3"
19197541,"cxxL2"
19197541,"cxxPrime"
19197541,"cxxPrime2"
19197541,"cxxSTONKS"
19197541,"cxxRage"
19197541,"cxxVu"
19197541,"cxxPoele"
19197541,"cxxSheesh"
19197541,"cxxJam"
19197541,"cxxHype"
19197541,"cxxStonkstonkstonks"
19197541,"cxxBruh"
19197541,"cxxSpin"
19292551,"birdzHi"
19292551,"birdzLove"
19292551,"birdzRip"
19292551,"birdzLove2"
19292551,"birdzOk1"
19292551,"birdzHi1"
19292551,"birdzNote1"
19292551,"birdzHype"
19292551,"birdzToxic"
19292551,"birdzRaid"
19292551,"birdzAngry"
19292551,"birdzSalt"
19292551,"birdzMod"
19292551,"birdzRip1"
19292551,"birdzPanda"
19292551,"birdzThank"
19292551,"birdzLul"
19292551,"birdzPog"
19292551,"birdzNote2"
19292551,"birdzBan2"
19292551,"birdzSpike"
19292551,"birdzCash"
19292551,"birdzAsh"
19292551,"birdzPunch"
19292551,"birdzCrash"
19292551,"birdzMint"
19292551,"birdzTrain1"
19292551,"birdzTiktok"
19292551,"birdzTutu"
19292551,"birdzTrainwagon"
19292551,"birdzPink"
19292551,"birdzShoot"
19309473,"flaxGoose"
19309473,"flaxRegoose"
19309473,"flaxBabbyflax"
19309473,"flaxEgg"
19309473,"flaxPalm"
19309473,"flaxVideogames"
19309473,"flaxGG"
19309473,"flaxBald"
19309473,"flaxVape"
19309473,"flaxCloud"
19309473,"flaxCider"
19309473,"flaxEggRIP"
19309473,"flaxSub"
19309473,"flaxBonbon"
19309473,"flax5Ted"
19309473,"flaxHuel"
19309473,"flaxAxe"
19309473,"flaxWhoisthiswizard"
19309473,"flaxPensive"
19309473,"flaxNo"
19309473,"flaxPuns"
19309473,"flaxRage"
19309473,"flaxLads"
19309473,"flaxMonkaEGG"
19309473,"flaxMonkaEGG2"
19309473,"flaxDrunk"
19309473,"flaxChef"
19309473,"flaxPeepers"
19309473,"flaxDespair"
19309473,"flaxNuke"
19309473,"flaxHooked"
19309473,"flaxTours"
19309473,"flaxHook"
19309473,"flaxSuck"
19317408,"novaBull"
19317408,"novaWax"
19317408,"novaKappag"
19317408,"novaHypeg"
19317408,"novaSpicy"
19317408,"novaPepper"
19317408,"novaSteak"
19317408,"novaSalt"
19317408,"novaHype"
19317408,"novaYikes"
19317408,"novaW"
19317408,"novaKettle"
19317408,"novaFence"
19317408,"novaJuice"
19317408,"novaBag"
19317408,"novaFail"
19317408,"novaFast"
19317408,"novaKlappa"
19317408,"novaLewd"
19317408,"novaChair"
19317408,"novaHats"
19317408,"novaHeart"
19317408,"novaLeppy"
19317408,"novaSour"
19317408,"novaWTF"
19317408,"novaKappa"
19317408,"novaByrne"
19317408,"novaB"
19328004,"eseanFine"
19328004,"eseanS"
19328004,"eseanCat"
19328004,"eseanHmm"
19328004,"eseanHindsight"
19328004,"eseanBlur"
19328004,"eseanSmug"
19328004,"esean3"
19328004,"eseanPOG"
19328004,"eseanA"
19328004,"esean2"
19328004,"eseanLUL"
19328004,"eseanO7"
19328004,"eseanCollector"
19328004,"esean1"
19328004,"eseanHeart"
19328004,"eseanRoll"
19328004,"eseanNFT"
19328004,"eseanSchmoovin"
19328004,"esean4"
19328004,"eseanWave"
19336638,"malfRav"
19336638,"malfSmile"
19336638,"malfO1"
19336638,"malfO2"
19336638,"malfO3"
19336638,"malfO4"
19336638,"malfMoney"
19336638,"malfHorn"
19336638,"malfUnction"
19336638,"malfWell"
19336638,"malfStraw"
19336638,"malfO5"
19336638,"malfSorry"
19336638,"malfOops"
19336638,"malfYabeb"
19336638,"malfNabeb"
19336638,"malfPOG"
19336638,"malfPoint1"
19336638,"malfPoint2"
19336638,"malfLUL"
19336638,"malfThrow"
19336638,"malfAh"
19336638,"malfWut"
19336638,"malfThwomp"
19336638,"malfAYAYA"
19336638,"malfDemon"
19336638,"malfCmon"
19336638,"malfPain"
19336638,"malfTry"
19336638,"malfPalm"
19336638,"malfPoutine"
19336638,"malfEasance"
19336638,"malfSus"
19336638,"malfEmbarrassed"
19336638,"malfConfused"
19336638,"malfSurprise"
19336638,"malfLove"
19336638,"malfWarm"
19336638,"malfSad"
19336638,"malfS"
19336638,"malfYuck"
19336638,"malfAngry"
19336638,"malfDead"
19336638,"malfKiss"
19336638,"malfVibe"
19336638,"malfHello"
19336638,"malfJoy"
19336638,"malfTerrified"
19368000,"ageFtype"
19368000,"ageSleepnatiq"
19368000,"ageStahpNatiq"
19368000,"agePICKIT"
19369850,"yue1"
19369850,"yue2"
19369850,"yue3"
19369850,"yue4"
19369850,"yue5"
19369850,"yue6"
19369850,"yue7"
19369850,"yue8"
19369850,"yue9"
19369850,"yue10"
19369850,"yue11"
19369850,"yue12"
19369850,"yue13"
19369850,"yue14"
19369850,"yue15"
19369850,"yueGif5"
19369850,"yueGif4"
19369850,"yueGif3"
19369850,"yueGif1"
19404835,"georenPOG"
19404835,"georenFlex"
19404835,"georenLove"
19404835,"georenNotbad"
19404835,"georenPeace"
19404835,"georenSweat"
19404835,"georenSmug"
19404835,"georenCry"
19404835,"georenDizzy"
19404835,"georenPrayge"
19404835,"georenChefsKiss"
19404835,"georenWink"
19404835,"georenHeart"
19404835,"georenStare"
19404835,"georenHmm"
19404835,"georenHi"
19404835,"georenSilly"
19404835,"georenAnger"
19429936,"dewalt2"
19429936,"dewaltS41"
19429936,"dewaltS17"
19429936,"dewaltHot"
19429936,"dewaltScared"
19429936,"dewaltRage"
19429936,"dewaltUnderDisquise"
19429936,"dewaltHello"
19429936,"dewaltDance"
19429936,"dewaltLUL"
19429936,"dewaltSeemsGood"
19429936,"dewaltDontBeaManace"
19429936,"dewaltBatman"
19429936,"dewaltGoOff"
19438139,"ppixLUL"
19438139,"ppixPoopy"
19438139,"ppixCash"
19438139,"ppixLeif"
19438139,"ppixWeirdo"
19438139,"ppixSad"
19438139,"ppixWoke"
19438139,"ppixGifty"
19438139,"ppixPatrick"
19438139,"ppixAth"
19438139,"ppix1"
19438139,"ppixNotes"
19438139,"ppixAllaroundme"
19438139,"ppixSmart"
19438139,"ppixLurk"
19438139,"ppixR"
19438139,"ppixAhhh"
19438139,"ppixHammertime"
19438139,"ppixLvlup"
19438139,"ppix1110"
19438139,"ppixHappi"
19438139,"ppixHug"
19438139,"ppix3"
19438139,"ppixCult"
19438139,"ppixOwO"
19438139,"ppixPopcorn"
19438139,"ppixBank"
19438139,"ppixCursed"
19438139,"ppixSus"
19438139,"ppixWave"
19438139,"ppixLaugh"
19438139,"ppixHeart"
19438139,"ppixMushy"
19438139,"ppixHype"
19438139,"ppixStab"
19438139,"ppix2"
19438139,"ppixCozy"
19438139,"ppixWitchy"
19438139,"ppixSippy"
19438139,"ppixCleanse"
19438139,"ppixColond"
19438139,"ppixKekw"
19438139,"ppixFwog"
19438139,"ppixLOOVE"
19482110,"leonNotlikethis"
19482110,"leonHYPERS"
19482110,"leonRAINBOW"
19482110,"leonIRL"
19482110,"leonHmm"
19482110,"leonGASMHANDS"
19482110,"leonSLEEPER"
19482110,"leonGOLD"
19482110,"leonEZ"
19482110,"leonINVESTIGATE"
19482110,"leonLARRY"
19482110,"leonHEART"
19482110,"leonTurk37Crawdad"
19482110,"leonCOZY"
19482110,"leonSWEATY"
19482110,"leonTEAM"
19482110,"leonPEPEGA"
19482110,"leonSMURF"
19482110,"leonREBEL"
19482110,"leonMALD"
19482110,"leonSIPMAS"
19482110,"leonPig"
19482110,"leonTILT"
19482110,"leonHappy"
19482110,"leonLove"
19482110,"leonW"
19482110,"leonHands"
19482110,"leonHey"
19482110,"leonPET"
19482110,"leonNice"
19482110,"leonWhat"
19482110,"leon5HEAD"
19482110,"leonDUMPY"
19482585,"luygLuckier"
19482585,"luygSmrt"
19482585,"luygRtsb"
19482585,"luygStuff"
19482585,"luygO"
19482585,"luygBoom24k"
19482585,"luygHeart"
19482585,"luygRipTrolled"
19482585,"luygMYKChamp"
19482585,"luygThump"
19482585,"luygFun"
19482585,"luygPopcorn"
19482585,"luygDumb"
19482585,"luygDayum"
19482585,"luygLurk"
19482585,"luygGross"
19482585,"luygKappa"
19482585,"luygYo"
19482585,"luygGun"
19482585,"luygRich"
19482585,"luygICFC"
19482585,"luygLucky"
19482585,"luygCake"
19482585,"luygLaw"
19482585,"luygGasm"
19482585,"luygSpookyDayum"
19482585,"luygHa"
19482585,"luygUSA"
19482585,"luygBoom"
19482585,"luygMyBrother"
19482585,"luygNoise"
19482585,"luygAmerica"
19482585,"luygSpookyYo"
19482585,"luygUhh"
19482585,"luygSpookyFun"
19482585,"luygDied"
19488442,"ctnbDumb"
19488442,"ctnbCry"
19488442,"ctnbHeart"
19488442,"ctnbTea"
19488442,"ctnbScream"
19488442,"ctnbRip"
19488442,"ctnbThink"
19488442,"ctnbAnnoyed"
19488442,"ctnbSnack"
19488442,"ctnbFacepalm"
19488442,"ctnbAngry"
19488442,"ctnbDrunk"
19505414,"snebGoose"
19505414,"snebPog"
19505414,"snebCult"
19505414,"snebHey"
19505414,"snebNice"
19505414,"snebBeyond"
19505414,"snebGooseHD"
19505414,"snebDance"
19505414,"snebYep"
19505414,"snebEmperor"
19505414,"snebSadge"
19505414,"snebCheer"
19505414,"snebRun"
19505414,"snebHmm"
19505414,"snebChair"
19505414,"snebS"
19505414,"snebWhelp"
19505414,"snebGa"
19505414,"snebEZ"
19505414,"snebHug"
19505414,"snebChad"
19509361,"gengameSadEgg"
19509361,"gengameBump"
19509361,"gengameSnoo"
19509361,"gengameRIPmic"
19567772,"nephiHey"
19567772,"nephiHype"
19567772,"nephiRip"
19567772,"nephiAww"
19567772,"nephiRage"
19567772,"nephiSleep"
19567772,"nephiDeal"
19567772,"nephiThink"
19567772,"nephiSip"
19567772,"nephiHerz"
19567772,"nephiNom"
19567772,"nephiSweat"
19567772,"nephiBlind"
19567772,"nephiLurk"
19567772,"nephiCry"
19567772,"nephiLUL"
19567772,"nephiCozy"
19567772,"nephiBan"
19567772,"nephiShy"
19567772,"nephiNLT"
19567772,"nephiSmart"
19567772,"nephiLost"
19567772,"nephiNani"
19567772,"nephiCreep"
19567772,"nephiUWU"
19567772,"nephiWuerg"
19567772,"nephiAYAYA"
19567772,"nephiLeave"
19567772,"nephiGasm"
19567772,"nephiPOG"
19567772,"nephiGift"
19567772,"nephiHi"
19567772,"nephiDerp"
19567772,"nephiArrive"
19567772,"nephiShrug"
19567772,"nephiFine"
19571752,"forstyComfy"
19571752,"forstyHeart"
19571752,"forstyPride"
19571752,"forstyF"
19571752,"forstyHi"
19571752,"forstyCry"
19571752,"forstyNice"
19571752,"forstyS"
19571752,"forstyThirst"
19571752,"forstyBlind"
19571752,"forstyLogic"
19571752,"forstyRave"
19571752,"forstyBaka"
19571752,"forstyCalculated"
19571752,"forstyA"
19571752,"forstyLewd"
19571752,"forstyBorgar"
19571752,"forstyHug"
19571752,"forstyAngy"
19571752,"forstyHehe"
19571752,"forstyOK"
19571752,"forstyMad"
19571752,"forstyBurgar"
19571752,"forstyDust"
19571752,"forstyWiped"
19571752,"forstyBonk"
19571752,"forstyPats"
19571752,"forstyBaikenAyaya"
19571752,"forstyChomp"
19571752,"forstyDisgust"
19571752,"forstyIntensifies"
19654336,"butterW"
19654336,"butterOof"
19654336,"butterDasPOOP"
19654336,"butterShipIt"
19654336,"butterYiddle"
19654336,"butterLUL"
19654336,"butterSick"
19654336,"butterKing"
19654336,"butterLove"
19654336,"butterMoxxi"
19654336,"butterDah"
19654336,"butterBooty2"
19654336,"butterGG"
19654336,"butterBooty3"
19654336,"butterBooty4"
19654336,"butterSleeper"
19654336,"butterSleeper2"
19654336,"butterSleeper3"
19654336,"butterBooty5"
19654336,"butterLPM"
19654336,"butterGASM"
19654336,"butterYep"
19654336,"butterWink"
19654336,"butterBooty"
19654336,"butterFATFAT"
19654336,"butterAw"
19654336,"butterKitty"
19654336,"butterToxic"
19654336,"butterStacks"
19654336,"butterGPRage"
19654336,"butterDerp"
19654336,"butterRage"
19654336,"butterBonk"
19654336,"butterHype"
19654336,"butterWave"
19654336,"butterPls"
19660768,"cheekyduckReally"
19660768,"cheekyduckBurn"
19660768,"cheekyduckFlex"
19660768,"cheekyduckBrush"
19660768,"cheekyduckLips"
19660768,"cheekyduckBanhammer"
19660768,"cheekyduckFingerheart"
19660768,"cheekyduckGift"
19660768,"cheekyduckCool"
19660768,"cheekyduckEye"
19660768,"cheekyduckWingR"
19660768,"cheekyduckEggKiss"
19660768,"cheekyduckWingL"
19660768,"cheekyduckSafe"
19660768,"cheekyduckAwks"
19660768,"cheekyduckCheer"
19660768,"cheekyduckCry"
19660768,"cheekyduckSeaHammer"
19660768,"cheekyduckChef"
19660768,"cheekyduckRideordie"
19660768,"cheekyduckOhno"
19660768,"cheekyduck10"
19660768,"cheekyduckDd14"
19660768,"cheekyduckWiggle"
19660768,"cheekyduckDd14b"
19660768,"cheekyduckDd14a"
19660768,"cheekyduckAndbabyduck"
19660768,"cheekyduckTeacup"
19677225,"totGold"
19677225,"totDC"
19677225,"totRIP"
19677225,"totSuffer"
19677225,"totLurk"
19677225,"totSmug"
19677225,"totLewd"
19677225,"totBlush"
19677225,"totWHATHOW"
19677225,"totRage"
19677225,"totCry"
19677225,"totSweat"
19677225,"totGasm"
19677225,"totLMAO"
19677225,"totThinking"
19677225,"totTote"
19677225,"totLikeThis"
19677225,"totWut"
19677225,"totHey"
19677225,"totDab"
19677225,"totHug"
19677225,"totUwU"
19677225,"totBlop"
19701837,"kamiktShiba"
19701837,"kamiktLazy"
19701837,"kamiktGG"
19701837,"kamiktAnya"
19701837,"kamiktHolyshet"
19701837,"kamiktLove"
19701837,"kamiktLovelove"
19701837,"kamiktDogeEat"
19701837,"kamiktFknooo"
19701837,"kamiktQQ"
19701837,"kamiktRainbow"
19701837,"kamiktFeedMe"
19701837,"kamiktWTF"
19701837,"kamiktAngry"
19701837,"kamiktCry"
19701837,"kamiktPog"
19701837,"kamiktPartyDog"
19701837,"kamiktTakemymoney"
19701837,"kamiktScared"
19701837,"kamiktHappyDoge"
19721626,"twarynaNecro"
19721626,"twarynaUnsub"
19721626,"twarynaSMOrc"
19721626,"twarynaOld"
19721626,"twarynaWut"
19721626,"twarynaLwl"
19721626,"twarynaUnlucky"
19721626,"twarynaFire"
19721626,"twarynaSlow"
19721626,"twarynaSleeper"
19721626,"twarynaW"
19721626,"twarynaPlusha"
19721626,"twarynaPony"
19721626,"twarynaPride"
19721626,"twarynaTroll"
19721626,"twarynaPeka"
19721626,"twarynaMoral"
19721626,"twarynaBuhlo"
19721626,"twarynaSub"
19721626,"twarynaMad"
19721626,"twarynaTazar"
19721626,"twarynaSleeper2"
19721626,"twarynaPog"
19721626,"twarynaSm"
19721626,"twarynaKkool"
19721626,"twarynaAmong"
19721626,"twarynaKotleta"
19721626,"twarynaVid"
19721626,"twarynaDrink"
19721626,"twarynaChel"
19721626,"twarynaPekaUA"
19721626,"twarynaCrown"
19721626,"twarynaFall"
19721626,"twarynaEXTREME"
19721626,"twarynaNyav"
19721626,"twarynaGasm"
19721626,"twarynaFp"
19721626,"twarynaWUA"
19721626,"twarynaWshake"
19721626,"twarynaStory"
19791072,"mokeW"
19791072,"mokeKappa"
19791072,"mokeCDR"
19802835,"omgchadPoop"
19802835,"omgchadFam"
19802835,"omgchadBye"
19802835,"omgchadHi"
19802835,"omgchadHype"
19802835,"omgchadShiftyL"
19802835,"omgchadShiftyR"
19802835,"omgchadFacepalm"
19802835,"omgchadBlown"
19802835,"omgchadCat"
19802835,"omgchadCry"
19802835,"omgchadRage"
19802835,"omgchadBlush"
19802835,"omgchadLove"
19802835,"omgchadLew"
19802835,"omgchadFace"
19802835,"omgchadCharlie"
19802835,"omgchadJackJack"
19802835,"omgchadWaffles"
19802835,"omgchadCella"
19802835,"omgchadNopants"
19802835,"omgchadPizza"
19802835,"omgchadRip"
19802835,"omgchadSake"
19802835,"omgchadAmethyst"
19802835,"omgchadArr"
19802835,"omgchadCheeto"
19802835,"omgchadTongue"
19802835,"omgchadDrunk"
19802835,"omgchadOhmy"
19802835,"omgchadPG"
19802835,"omgchadLube"
19802835,"omgchadSexy"
19814699,"fixDied"
19814699,"fixHi"
19814699,"fixMlg"
19814699,"fixCry"
19814699,"fixFP"
19814699,"fixZhal"
19814699,"fixCena"
19814699,"fixCat"
19824729,"normalO"
19824729,"normalLook"
19824729,"normalT"
19824729,"normalK"
19824729,"normalPower"
19824729,"normalB"
19824729,"normalPray"
19824729,"normalDab"
19824729,"normalBlind"
19824729,"normalF"
19824729,"normalUhh"
19824729,"normalGiggle"
19824729,"normalD"
19824729,"normalTrade"
19824729,"normalPain"
19824729,"normalHeh"
19824729,"normalHeart"
19824729,"normalCry"
19824729,"normalTip2"
19824729,"normalTip1"
19824729,"normalScare"
19824729,"normalSmile"
19824729,"normalY"
19824729,"normalPog"
19824729,"normalWorry"
19824729,"normalHA"
19824729,"normalRly"
19824729,"normalLove"
19824729,"normal2"
19824729,"normalCringe"
19824729,"normalBait"
19824729,"normalOMG"
19824729,"normalWTF"
19824729,"normalJAM"
19824729,"normalCute"
19824729,"normalGAG"
19824729,"normalThink"
19824729,"normalClap"
19824729,"normalTipper"
19824729,"normal1"
19824729,"normalGasp"
19837918,"mesutc1"
19837918,"mesutc2"
19837918,"mesutcAci"
19837918,"mesutcAsker"
19837918,"mesutcHe"
19837918,"mesutcNedion"
19837918,"mesutcZiya"
19837918,"mesutcCnm"
19837918,"mesutcFp"
19837918,"mesutcSa"
19837918,"mesutcDio"
19837918,"mesutcAlala"
19837918,"mesutcKekw"
19837918,"mesutcErr"
19911412,"musWow"
19911412,"musPogshot"
19911412,"musSpark"
19911412,"musF"
19911412,"musFeels"
19911412,"musTism"
19911412,"musWut"
19911412,"musEvidence"
19911412,"musCasual"
19911412,"musLULW"
19911412,"musREE"
19911412,"musPepega"
19911412,"musPause"
19911412,"musAyy"
19911412,"musGotem"
19911412,"musBurn"
19911412,"musPepe29"
19911412,"musAmmo"
19911412,"musLUL"
19911412,"musRanger"
19911412,"musFun"
19911412,"musWeird"
19933327,"scgSoChayed"
19933327,"scgGone"
19933327,"scgMouf"
19933327,"scgQTip"
19933327,"scgWave"
19933327,"scgDerp"
19933327,"scgHOYP"
19933327,"scgJoy"
19933327,"scgThink"
19933327,"scgWAH"
19933327,"scgWaifu"
19933327,"scgBuff"
19933327,"scgDong"
19933327,"scgTiduslol"
19933327,"scgOK"
19933327,"scgSPACE"
19933327,"scgJAM"
19933327,"scg160p"
19933327,"scgHeck"
19933327,"scgOrni"
19933327,"scgDab"
19933327,"scgF"
19933327,"scgGG"
19933327,"scg4Head"
19933327,"scgBust"
19933327,"scgTroid"
19933327,"scgLUL"
19933327,"scgCman"
19939917,"kirbyauHypers"
19939917,"kirbyauDab"
19939917,"kirbyauW"
19939917,"kirbyauOk"
19939917,"kirbyauNo"
19939917,"kirbyauKevChamp"
19939917,"kirbyauNotLikeThis"
19939917,"kirbyauRotate"
19939917,"kirbyauReverb"
19939917,"kirbyau1"
19939917,"kirbyau2"
19939917,"kirbyauKek"
19939917,"kirbyauQuestionable"
19942092,"alexbyGg"
19942092,"alexbyCoraz"
19942092,"alexbyJaja"
19942092,"alexbyHead"
19942092,"alexbyMad"
19942092,"alexbyLlorar"
19942092,"alexbyDecep"
19942092,"alexbyJimmy"
19942092,"alexbyPsico"
19942092,"alexbyLeli"
19942092,"alexbyBaile"
19942092,"alexbyBoomer"
19942092,"alexbyPalmera"
19942092,"alexbyRisa"
19942092,"alexbyCancel"
19942092,"alexbyPens"
19942092,"alexbyCuerpo"
19942092,"alexbyVoto"
19942092,"alexbyAy"
19942092,"alexbyVeneno"
19942092,"alexbyLloros"
19942092,"alexbyUwu"
19942092,"alexbyZzz"
19942092,"alexbyReflexion"
19942092,"alexbyStonksup"
19942092,"alexbyStonksdown"
19942092,"alexbyPayaso"
19942092,"alexbyPopcorn"
20037000,"imytWhine"
20037000,"imytSippy"
20037000,"imytGaR"
20037000,"imytCrayon"
20037000,"imytScam"
20037000,"imytPog"
20037000,"imytFade"
20037000,"imytSushi"
20037000,"imytCool"
20037000,"imytJail"
20037000,"imytMayo"
20037000,"imytOld"
20037000,"imytNodders"
20037000,"imytPrayge"
20037000,"imytAwards"
20037000,"imytGold"
20037000,"imytGarGrab"
20037000,"imytSlurp"
20037000,"imytJam"
20037000,"imytVacation"
20037000,"imytSnob"
20037000,"imytBoyardee"
20037000,"imytController"
20037000,"imytComfy"
20037000,"imytHot"
20037000,"imytScamloon"
20037000,"imytJudge"
20037000,"imytG"
20037000,"imytSleeper"
20037000,"imytGrimace"
20037000,"imytCursed"
20037000,"imytWave"
20037000,"imytDed"
20037000,"imytLove"
20066245,"magusMUSIC"
20066245,"magusBless"
20066245,"magusMeow"
20066245,"magusSmug"
20066245,"magusS"
20066245,"magusHello"
20066245,"magusFloor2"
20066245,"magusGOLD"
20066245,"magusBERSK"
20066245,"magusChair"
20066245,"magusThinking"
20066245,"magusWaifu2"
20066245,"magusDood"
20066245,"magusWAT"
20066245,"magusSure"
20066245,"magusM"
20066245,"magusBG"
20066245,"magusMUSICHD"
20066245,"magusREEE"
20066245,"magusGasm"
20066245,"magusCup"
20066245,"magusYburn"
20066245,"magusGG"
20066245,"magusHi"
20066245,"magusWaifu"
20066245,"magusDoh"
20066245,"magusNO"
20066245,"magusLurk"
20066245,"magusNomath"
20066245,"magusRollin"
20066245,"magusNya"
20066245,"magusParty"
20066245,"magusShake"
20087878,"daddyJuice"
20087878,"daddyPrayer"
20087878,"daddyTrash"
20087878,"daddyDead"
20087878,"daddyPapa"
20087878,"daddyDerp"
20087878,"daddySquirt"
20087878,"daddySubHype"
20087878,"daddyStahp"
20087878,"daddyNasty"
20087878,"daddyThiccc"
20087878,"daddyCash"
20087878,"daddyGo"
20087878,"daddyCarried"
20087878,"daddyTears"
20087878,"daddyHi"
20087878,"daddyJebaited"
20087878,"daddyRage"
20087878,"daddyWut"
20087878,"daddyGasm"
20087878,"daddyLul"
20087878,"daddyMilk"
20087878,"daddyDed"
20087878,"daddyStare"
20087878,"daddySneak"
20087878,"daddyL"
20087878,"daddyQueens"
20087878,"daddyYuh"
20087878,"daddyClutch"
20087878,"daddyBoomer"
20087878,"daddyCww"
20087878,"daddyAwkward"
20087878,"daddyKylie"
20087878,"daddyGary"
20087878,"daddyHacker"
20087878,"daddyPara"
20087878,"daddyTrain"
20087878,"daddyVibes"
20087878,"daddyWager"
20087878,"daddyWatch"
20087878,"daddyGg"
20087878,"daddyTaco"
20087878,"daddyRainbow"
20087878,"daddyJump"
20087878,"daddyWizard"
20087878,"daddyFire"
20087878,"daddyLuv"
20087878,"daddyOhno"
20087878,"daddyMindblown"
20087878,"daddyClown"
20087878,"daddyParty"
20087878,"daddyPopoff"
20087878,"daddySend"
20087878,"daddyThink"
20087878,"daddySleep"
20087878,"daddyRat"
20087878,"daddyClip"
20087878,"daddy200iq"
20087878,"daddyUGH"
20087878,"daddyIntense"
20090948,"beeHind"
20090948,"beeGG"
20090948,"beeHoney"
20090948,"beeKewl"
20090948,"beeSmart"
20090948,"beeSammich"
20090948,"beeAww"
20090948,"beePOG"
20090948,"beeAvo"
20090948,"beeMoney"
20090948,"beeGift"
20090948,"beeHYPE"
20090948,"beeRIP"
20090948,"beeS"
20090948,"beeREE"
20090948,"beeGLHF"
20090948,"beeDonut"
20090948,"beeToxic"
20090948,"beeHug"
20090948,"beeNug"
20090948,"beeCop"
20090948,"beeShlurp"
20090948,"beeCool"
20090948,"beeUwU"
20090948,"beeHeart"
20090948,"beeFire"
20090948,"beeDrink"
20090948,"beeMad"
20090948,"beeBall"
20090948,"beeBOO"
20090948,"beeCoin"
20090948,"beeHODL"
20090948,"beeSleepy"
20090948,"beeCheeky"
20090948,"beeWow"
20090948,"beeCry"
20090948,"beeEZ"
20090948,"beeHammer"
20090948,"beeCheer"
20090948,"beeRekt"
20090948,"beeBurger"
20090948,"beeDrool"
20090948,"beeRito"
20090948,"beeParty"
20090948,"beeLUL"
20090948,"beeShy"
20090948,"beeDaycake"
20090948,"beePout"
20090948,"beeHi"
20090948,"beeWiggle"
20090948,"beeScared"
20090948,"beePumpkin"
20090948,"beePLS"
20090948,"beeLove"
20090948,"beeLewd"
20090948,"beeThink"
20090948,"beeJAM"
20090948,"beeBang"
20090948,"beeCoffee"
20090948,"beeUltraPOG"
20090948,"beeNoted"
20090948,"beeBarf"
20090948,"beeDeadly"
20090948,"beeStrong"
20090948,"beeWorry"
20090948,"beeFine"
20090948,"beeCooki"
20090948,"beeLurk"
20090948,"beeNom"
20090948,"beeXmasTato"
20090948,"beeSmug"
20090948,"beeDerp"
20090948,"beeSugar"
20090948,"beeDayparty"
20090948,"beeFly"
20111416,"dinustYMaru"
20111416,"dinustY"
20111416,"dinustHrt"
20111416,"dinustHa"
20111416,"dinustDapper"
20111416,"dinustDank"
20111416,"dinustOhya"
20111416,"dinustBaha"
20111416,"dinustSip"
20111416,"dinustRough"
20111416,"dinustWave"
20111416,"dinustGift"
20111416,"dinustThinking"
20111416,"dinustCute"
20111416,"dinustJudge"
20111416,"dinustThisisfine"
20163397,"kippen1RATA"
20163397,"kippen1Yoink"
20163397,"kippen1Love"
20163397,"kippen1Hi"
20163397,"kippen1Yeet"
20163397,"kippen1Party1"
20163397,"kippen1Party2"
20163397,"kippen1Sleep"
20163397,"kippen1Pog"
20163397,"kippen1Lurk"
20163397,"kippen1Food"
20163397,"kippen1Eyes"
20163397,"kippen1POGGERS"
20163397,"kippen1POGU"
20163397,"kippen1NICE"
20163397,"kippen1L"
20163397,"kippen1RIP"
20163397,"kippen1GG"
20163397,"kippen1S"
20163397,"kippen1Hello"
20163397,"kippen1LL"
20163397,"kippen1Lag"
20163397,"kippen1Smash"
20163397,"kippen1Wink"
20163397,"kippen1TF"
20163397,"kippen1Goblin"
20163397,"kippen1Sip"
20173706,"kirlF"
20173706,"kirlElly"
20173706,"kirlNyan"
20173706,"kirlGrr"
20173706,"kirlMaf"
20173706,"kirlBoo"
20173706,"kirlE"
20173706,"kirlDed"
20173706,"kirlWeeb"
20173706,"kirlWeeb100"
20173706,"kirlM"
20173706,"kirlDaffy"
20173706,"kirlWar"
20173706,"kirlC"
20173706,"kirlHa"
20173706,"kirlJ"
20173706,"kirlRage"
20173706,"kirlOh"
20173706,"kirlOl"
20173706,"kirlGG"
20173706,"kirlCode"
20173706,"kirlDog"
20173706,"kirlNoel"
20173706,"kirlS"
20173706,"kirlCat"
20173706,"kirlA"
20173706,"kirlJo"
20173706,"kirlDaff"
20173706,"kirlBouh"
20173706,"kirlPh"
20173706,"kirlAyt"
20173706,"kirlLove"
20173706,"kirlStress"
20173706,"kirlSlime"
20173706,"kirlEllie"
20173706,"kirlAsc"
20173706,"kirlEdy"
20247056,"radonBubbleButt"
20247056,"radonPPPPP"
20247056,"radonTurboi"
20247056,"radonNotSure"
20247056,"radonBusted"
20247056,"radonForTheFans"
20247056,"radonPuzzluke"
20247056,"radonMoneyrat"
20247056,"radonBubWord"
20247056,"radonJimmy"
20247056,"radonJams"
20247056,"radonSuffix"
20247056,"radonMoonLogic"
20247056,"radonSuda"
20247056,"radonTooFast"
20247056,"radonHubris"
20247056,"radonUmmHiggins"
20260659,"hottedHmm"
20260659,"hottedFeelsGoodMan"
20260659,"hottedFeelsB"
20260659,"hottedHH"
20260659,"hottedHHH"
20260659,"hottedThump"
20260659,"hottedH"
20260659,"hottedHYPE"
20260659,"hottedRIP"
20260659,"hottedThinking"
20260659,"hottedS"
20260659,"hottedLUL"
20260659,"hottedPogC"
20260659,"hottedHead"
20260659,"hottedLove"
20260659,"hottedPopcorn"
20260659,"hottedO"
20260659,"hottedCOPIUM"
20260659,"hottedHug"
20260659,"hottedDrive"
20260659,"hottedPhone"
20260659,"hottedLewd"
20260659,"hottedBlob"
20260659,"hottedCPD"
20260659,"hottedWall"
20260659,"hottedMald"
20260659,"hottedSuffer"
20260659,"hottedSip"
20260659,"hottedLurk"
20260659,"hottedEZ"
20260659,"hottedBlapp"
20260659,"hottedFlower"
20260659,"hottedKEKW"
20260659,"hottedJwiggle"
20260659,"hottedCozy"
20260659,"hottedFine"
20260659,"hottedNotes"
20260659,"hottedShock"
20260659,"hottedGun"
20260659,"hottedO7"
20260659,"hottedHey"
20260659,"hottedMunch"
20260659,"hottedMoney"
20260659,"hottedDerp"
20271830,"ivanSkip"
20271830,"ivanPapaDT"
20271830,"ivanBogChamp"
20271830,"ivanMeat"
20271830,"ivanPieVan"
20271830,"ivanDeleter"
20271830,"ivanSICK"
20271830,"ivanRIP"
20271830,"ivanAfro"
20271830,"ivanO"
20271830,"ivanYuri"
20271830,"ivanPug"
20271830,"ivanA"
20271830,"ivanAuto"
20271830,"ivanBurt"
20271830,"ivanChins"
20271830,"ivanStache"
20271830,"ivanT"
20271830,"ivan1"
20271830,"ivanOhMyToad"
20271830,"ivan2"
20271830,"ivanBaby"
20271830,"ivanP"
20271830,"ivanSGQF"
20389381,"fkoThink"
20389381,"fkoHuh"
20389381,"fkoSmug"
20389381,"fkoWow"
20389381,"fkoThug"
20389381,"fkoLOL"
20389381,"fkoCat"
20389381,"fkoLove"
20389381,"fkoEsports"
20389381,"fkoHelp"
20389381,"fkoGun"
20389381,"fkoDab"
20389381,"fkoCoffee"
20389381,"fkoFlex"
20389381,"fkoShout"
20389381,"fkoLewd"
20389381,"fkoDying"
20389381,"fkoSus"
20389381,"fkoRage"
20389381,"fkoKay"
20389381,"fkoDespair"
20389381,"fkoNoBully"
20389381,"fkoArrive"
20389381,"fkoHYPERDAB"
20389381,"fkoStare"
20389381,"fkoWhisper"
20389381,"fkoOMEGALOL"
20389381,"fkoPOGGERS"
20389381,"fkoLeave"
20389381,"fkoGJ"
20389381,"fkoRich"
20405964,"dannehtvPirate"
20405964,"dannehtvRainbow"
20405964,"dannehtvPirategaming"
20405964,"dannehtvWtf"
20405964,"dannehtvKEGW"
20405964,"dannehtvToosmart"
20405964,"dannehtvPirat"
20405964,"dannehtvFace"
20405964,"dannehtvHi"
20405964,"dannehtvPog"
20405964,"dannehtvGaming"
20405964,"dannehtvSpike"
20405964,"dannehtvAhoy"
20405964,"dannehtvKegW"
20405964,"dannehtvSus"
20405964,"dannehtvRaid"
20405964,"dannehtvUwu"
20405964,"dannehtvRip"
20405964,"dannehtvCheers"
20405964,"dannehtvXmas"
20405964,"dannehtvKekw"
20420989,"shortyA"
20420989,"shortyCOK"
20420989,"shortyRIP"
20420989,"shortyCS"
20420989,"shortyNANI"
20420989,"shortyBLANK"
20420989,"shortyBLIND"
20420989,"shortyBULLY"
20420989,"shortyD"
20420989,"shortyHMM"
20420989,"shortyLATE"
20420989,"shortyLEWD"
20420989,"shortyLURK"
20420989,"shortySIP"
20420989,"shortyDERP"
20420989,"shortyFITE"
20420989,"shortyOMG"
20420989,"shortyFOCUS"
20420989,"shortyFAB"
20420989,"shortyAY"
20420989,"shortyC"
20420989,"shortyR"
20420989,"shortyRAGE"
20420989,"shortyHYPE"
20420989,"shortyBUS"
20420989,"shortyFAT"
20420989,"shortyGASM"
20420989,"shortyH"
20420989,"shortyLUL"
20420989,"shortyNS"
20420989,"shortyPLS"
20420989,"shortyTHUMP"
20420989,"shortyWUT"
20420989,"shortyW"
20420989,"shortyDEAD"
20420989,"shortyCoffee"
20443049,"cbrHi"
20443049,"cbrPillow"
20443049,"cbrLewd"
20443049,"cbrYA"
20443049,"cbrWeird"
20443049,"cbrEgg"
20443049,"cbrLurk"
20443049,"cbrRage"
20443049,"cbrBlind"
20443049,"cbrSellout"
20443049,"cbrShield"
20443049,"cbrH"
20443049,"cbrC"
20443049,"cbrEgger1"
20443049,"cbrEgger2"
20443049,"cbrEgger3"
20443049,"cbrEgger4"
20443049,"cbrEgg1"
20443049,"cbrEgg2"
20443049,"cbrEgg3"
20443049,"cbrEgg4"
20443049,"cbrGlod"
20443049,"cbrKek"
20443049,"cbrCarry"
20443049,"cbrHands"
20443049,"cbrS"
20443049,"cbrChamp"
20443049,"cbrPuke"
20443049,"cbrFlushed"
20443049,"cbrSHAKE"
20443049,"cbrEZ"
20443049,"cbrPegg"
20443049,"cbrDespair"
20443049,"cbrEggers"
20443049,"cbrPepega"
20443049,"cbrSus"
20443049,"cbrHA"
20443049,"cbrChat"
20443049,"cbrHYPERCHAMP"
20443049,"cbrClown"
20471342,"kritMoon"
20471342,"kritWizard"
20471342,"kritGun"
20471342,"kritSane"
20471342,"kritThink"
20471342,"kritShirt"
20471342,"kritWot"
20471342,"kritButter"
20471342,"kritHey"
20471342,"kritBrain"
20471342,"kritNek"
20471342,"kritAYAYA"
20471342,"kritBlanky"
20471342,"kritToxic"
20471342,"kritMoon1"
20471342,"kritMoon2"
20471342,"kritMoon3"
20471342,"kritMoon4"
20471342,"kritWeen"
20471342,"kritWa"
20471342,"kritSnek"
20471342,"kritPrime"
20471342,"kritLegs"
20471342,"kritBliss"
20471342,"kritRaf"
20471342,"kritS"
20471342,"kritSad"
20471342,"kritGold"
20471342,"kritLazer"
20471342,"kritNade"
20471342,"kritLove"
20471342,"kritBald"
20471342,"kritSmirk"
20471342,"kritClown"
20471342,"kritBounce"
20471342,"kritHorse"
20471342,"kritSpin"
20471342,"kritEyes"
20471342,"kritOldmas"
20471342,"kritGift"
20471342,"kritSmash"
20471342,"kritMoonspin"
20471342,"kritSaner"
20471342,"kritWicked"
20471342,"kritMoney"
20471342,"kritHex"
20483303,"doogThump"
20483303,"doogEvil"
20483303,"doogYe"
20483303,"doogWeeb"
20483303,"doogKermit"
20483303,"doogWhut"
20483303,"doogBuff"
20483303,"doogLove"
20483303,"doogLaugh"
20483303,"doogDance"
20483303,"doogSleep"
20483303,"doogWhoa"
20483303,"doogHappy"
20483303,"doogCool"
20483303,"doogButtbee"
20483303,"doogBab"
20483303,"doogBye"
20483303,"doogHi"
20483303,"doogDab"
20483303,"doogTrash"
20483303,"doogPaw"
20483303,"doogRaid"
20483303,"doogSweat"
20483303,"doogHuh"
20483303,"doogAngel"
20483303,"doogDevil"
20483303,"doogKitties"
20483303,"doogYay2"
20483303,"doogGift"
20483303,"doogHug"
20483303,"doogSmam"
20483303,"doogIQ"
20483303,"doogYum"
20483303,"doogPopo"
20483303,"doogPrideloon"
20483303,"doogCoffee"
20483303,"doogSparkle"
20483303,"doogHmm"
20483303,"doogComfy"
20483303,"doogSwadloon"
20483303,"doogMad"
20483303,"doogLurk"
20483303,"doogLewd"
20483303,"doogFart"
20483303,"doogGrammy"
20483303,"doogYay"
20483303,"doogYay3"
20483303,"doogGang"
20483303,"doogMadder"
20483303,"doogRainPog"
20483303,"doogCursed"
20483303,"doogJAM"
20483303,"doogCLAPPING"
20483303,"doogRaidDice"
20483303,"doogSuffer"
20483303,"doogDiceGift"
20483303,"doogHypeO"
20483303,"doogDoogWildWest"
20483303,"doogFCK"
20483303,"doogTrick"
20483303,"doogHands"
20483303,"doogBurn"
20483303,"doogHugDice"
20485198,"enigmaAYAYA"
20485198,"enigmaCox"
20485198,"enigmaCool"
20485198,"enigmaBus"
20485198,"enigmaLUL"
20485198,"enigmaCorn"
20485198,"enigmaSmart"
20485198,"enigmaNerd"
20485198,"enigmaBless"
20485198,"enigmaShrug"
20485198,"enigmaShy"
20485198,"enigmaCry"
20485198,"enigmaOld"
20485198,"enigmaSip"
20485198,"enigmaBonk"
20485198,"enigmaMurph"
20485198,"enigmaYou"
20485198,"enigmaSleep"
20485198,"enigmaScuf"
20485198,"enigma2"
20485198,"enigmaPoint"
20485198,"enigma7"
20485198,"enigmaButt"
20485198,"enigmaUWU"
20485198,"enigmaPuke"
20485198,"enigmaCozy"
20485198,"enigmaS"
20485198,"enigmaCringe"
20485198,"enigmaKEK"
20485198,"enigmaPOG"
20485198,"enigmaYes"
20485198,"enigma100"
20485198,"enigmaEyeroll"
20485198,"enigmaHug"
20485198,"enigmaHands"
20485198,"enigmaClap"
20485198,"enigmaKiss"
20485198,"enigmaLurk"
20485198,"enigmaShock"
20485198,"enigmaWow"
20485198,"enigmaHowdy"
20485198,"enigmaHype"
20485198,"enigmaKona"
20485198,"enigmaHeart"
20485198,"enigmaStun"
20485198,"enigmaHey"
20485198,"enigmaClown"
20485198,"enigmaWut"
20485198,"enigmaL"
20485198,"enigmaZone"
20485198,"enigmaLeg"
20485198,"enigmaNotes"
20485198,"enigmaDab"
20485198,"enigmaMad"
20485198,"enigma3"
20485198,"enigmaSpin"
20485198,"enigmaHmm"
20485198,"enigmaBald"
20485198,"enigmaCute"
20485198,"enigmaThis"
20485198,"enigmaGasm"
20485198,"enigmaDone"
20485198,"enigmaLewd"
20485198,"enigmaWeird"
20485198,"enigmaSmile"
20485198,"enigmaR"
20485198,"enigmaNo"
20485198,"enigmaInteresting"
20485198,"enigmaFace"
20485198,"enigmaParty"
20485198,"enigmaHD"
20485198,"enigmaBible"
20485198,"enigmaPizza"
20485198,"enigmaSweat"
20485198,"enigmaBelt"
20491166,"jayplLULZ"
20491166,"jayplHeartz"
20491166,"jayplTuturu"
20491166,"jayplFacepalm"
20491166,"jayplYay"
20491166,"jayplMad"
20491166,"jayplLewd"
20491166,"jayplPog"
20491166,"jayplBibel"
20491166,"jayplKaynah"
20491166,"jayplBbye"
20491166,"jayplRip"
20491166,"jayplBoom"
20491166,"jayplEz"
20491166,"jayplDab"
20491166,"jayplThink"
20491166,"jayplGG"
20491166,"jayplCry"
20491166,"jayplLuck"
20491166,"jayplSkill"
20491166,"jayplSub"
20491166,"jayplAYAYA"
20491166,"jayplEvil"
20491166,"jayplFood"
20491166,"jayplNervous"
20502899,"metroW"
20502899,"metroLUL"
20502899,"metroSlam"
20502899,"metroREE"
20502899,"metroToxic"
20502899,"metroAww"
20502899,"metroRage"
20502899,"metro3"
20502899,"metroLurk"
20502899,"metroDerp"
20502899,"metroCry"
20502899,"metroLove"
20502899,"metroSip"
20502899,"metroSleeper"
20502899,"metroBAN"
20502899,"metroLewd"
20502899,"metroHappy"
20502899,"metroHi"
20502899,"metroVisor"
20502899,"metroWut"
20502899,"metroGasm"
20502899,"metroThink"
20502899,"metroWall"
20502899,"metroM"
20502899,"metroS"
20502899,"metroClassic"
20502899,"metroWiggle"
20502899,"metroChan"
20502899,"metroCope"
20502899,"metroSlide"
20502899,"metroLara"
20502899,"metroStab"
20502899,"metroRiot"
20502899,"metroYes"
20502899,"metroRave"
20502899,"metroSights"
20508512,"calebTHROW"
20508512,"calebG"
20508512,"calebW"
20508512,"calebD"
20508512,"calebShad"
20508512,"calebGing"
20508512,"calebJOY"
20508512,"calebK"
20508512,"caleb1"
20508512,"caleb2"
20508512,"caleb4"
20508512,"calebKek"
20508512,"caleb3"
20508512,"calebAy"
20508512,"calebSad"
20508512,"caleb51"
20508512,"caleb63"
20508512,"calebYikes"
20508512,"calebJ1"
20508512,"calebJ2"
20508512,"calebJ3"
20508512,"calebJ4"
20508512,"calebJ5"
20508512,"calebJ6"
20508512,"calebJ7"
20508512,"calebJ8"
20508512,"calebJ9"
20508512,"calebSp"
20508512,"calebJ"
20508512,"calebSM"
20508512,"calebKW"
20508512,"calebMAD"
20508512,"calebBoomer"
20508512,"calebWtf"
20508512,"calebKona"
20508512,"calebHUND"
20508512,"calebOOO"
20508512,"calebFAT"
20508512,"calebSadge"
20508512,"calebPause"
20508512,"calebYuckie"
20508512,"calebThigh"
20508512,"calebLeg"
20508512,"calebFeet"
20508512,"calebGasm"
20508512,"calebM1"
20508512,"calebM2"
20508512,"calebM3"
20508512,"calebChicky"
20508512,"calebPace"
20508512,"calebPal"
20508512,"calebKap"
20508512,"calebM"
20508512,"calebFlexL"
20508512,"calebFlexR"
20508512,"calebBruh"
20508512,"calebS"
20508512,"calebHa"
20508512,"calebGLOD"
20508512,"calebRofl"
20508512,"calebREE"
20508512,"calebStare"
20508512,"caleb0"
20508512,"caleb20"
20508512,"calebCheck"
20508512,"calebRNG"
20508512,"calebOak"
20508512,"calebCop"
20508512,"caleb10140"
20508512,"calebHeck"
20514290,"dadHeh"
20514290,"dadAm"
20514290,"dadWerk"
20514290,"dadFlame"
20514290,"dadXD"
20514290,"dadMlem"
20514290,"dadMlemR"
20514290,"dadSleeper"
20514290,"dadFeelsbad"
20514290,"dadMasha"
20514290,"dadThinking"
20514290,"dadGoldpuck"
20514290,"dadShaker"
20514290,"dadAwful"
20514290,"dadStare"
20514290,"dadSus"
20514290,"dadChamp"
20514290,"dadHi"
20514290,"dadSkyl"
20514290,"dadPuck"
20514290,"dadSlark"
20514290,"dadC"
20514290,"dadAfk"
20514290,"dadBald"
20514290,"dadLiver"
20514290,"dadBonk"
20518290,"nardeThink"
20518290,"nardeDrink"
20518290,"nardeHornsG"
20518290,"nardeHornsS"
20518290,"narde1"
20518290,"narde2"
20518290,"narde3"
20518290,"narde4"
20518290,"nardePog"
20518290,"nardeDoom"
20518290,"nardeWee"
20518290,"nardeWoo"
20518290,"nardeCombat"
20518290,"nardeBork"
20518290,"nardeHorns"
20518290,"nardeLUL"
20518290,"nardeNoice"
20518290,"nardeQueen"
20518290,"nardeClench"
20518290,"nardeGG"
20518290,"nardeBurger"
20518290,"nardeDied"
20518290,"nardeLewd"
20518290,"nardeMicro"
20518290,"nardeCLENCHY"
20518290,"nardeMYAAA"
20518290,"nardePogslide"
20518290,"nardeReading"
20518290,"nardeBogChamp"
20518290,"nardePlatforming"
20519306,"orbAww"
20519306,"orbLewd"
20519306,"orbShrug"
20519306,"orbRIP"
20519306,"orbDrop"
20519306,"orbA"
20519306,"orbH"
20519306,"orbBruh"
20519306,"orbWeird"
20519306,"orbHH"
20519306,"orbAim"
20519306,"orbSip"
20519306,"orbSchnoz"
20519306,"orbList"
20519306,"orbCurse"
20519306,"orbSmile"
20519306,"orbBean"
20519306,"orbF1"
20519306,"orbF2"
20519306,"orbF3"
20519306,"orbF4"
20519306,"orbG2"
20519306,"orbChamp"
20519306,"orbPotato"
20519306,"orbW"
20519306,"orb140"
20519306,"orbOld"
20519306,"orbThonk"
20519306,"orbG"
20519306,"orbWave"
20519306,"orbBoo"
20519306,"orbMerry"
20519306,"orbSmash"
20519306,"orbSturdy"
20519306,"orbHalt"
20519306,"orbPosture"
20519306,"orbPray"
20519306,"orbLove"
20519306,"orbSmirk"
20519306,"orbO"
20519306,"orbSCHOOP"
20519306,"orbGoblin"
20519306,"orbBlanket"
20526480,"zotShrug"
20526480,"zotNo"
20526480,"zotHi"
20526480,"zotHa"
20526480,"zotH"
20526480,"zotTinkle"
20526480,"zotCreep"
20526480,"zotFeels"
20526480,"zotQt"
20526480,"zotHappy"
20526480,"zotNervous"
20526480,"zotOhyou"
20526480,"zotW"
20526480,"zotPog"
20526480,"zotSad"
20526480,"zotSip"
20526480,"zotStop"
20526480,"zotThink"
20526480,"zotWtf"
20526480,"zotZzz"
20526480,"zotRee"
20526480,"zotHmm"
20526480,"zotQ"
20526480,"zotSpy"
20526480,"zotB"
20526480,"zotBinch"
20526480,"zotMhm"
20526480,"zotHyper"
20526480,"zotWood"
20526480,"zotBee"
20526480,"zotNose"
20526480,"zotOkthen"
20526480,"zotPowa"
20526480,"zotRiot"
20526480,"zotBzz"
20526480,"zotTrap"
20526480,"zotWut"
20539022,"notsHype"
20539022,"notsSecure"
20539022,"notsSteal"
20539022,"notsSurprise"
20539022,"notsCute"
20539022,"notsHappy"
20539022,"notsCheer"
20539022,"notsShock"
20539022,"notsSweet"
20539022,"notsNestor"
20539022,"notsJack"
20539022,"notsDrac"
20539022,"notsFacepalm"
20539022,"notsIsland"
20539022,"notsWink"
20539022,"notsDM"
20539022,"notsEr"
20539022,"notsAim"
20539022,"notsIsle"
20539022,"notsWin"
20539022,"notsHey"
20546560,"goshayEz"
20546560,"goshayNoted"
20546560,"goshayPray"
20546560,"goshayHi"
20546560,"goshayUnsure"
20546560,"goshayWtf"
20546560,"goshayVibe"
20546560,"goshayOnpoint"
20546560,"goshayTribute"
20546560,"goshayThumbsup2"
20546560,"goshayKak"
20553964,"dicVandyke"
20553964,"dicLove"
20553964,"dicTip"
20553964,"dicBreen"
20553964,"dicDerp"
20553964,"dicLUL"
20553964,"dicRicher"
20553964,"dicRich"
20553964,"dicCage"
20553964,"dicHug"
20553964,"dicHi"
20553964,"dicFail"
20553964,"dicThicc"
20553964,"dicLit"
20553964,"dicCat"
20553964,"dicWatch"
20553964,"dicFlex"
20553964,"dicFlex2"
20553964,"dicPuke1"
20553964,"dicPuke2"
20553964,"dicChamp"
20553964,"dicWoke"
20553964,"dicPuke"
20553964,"dicMarla1"
20553964,"dicMarla2"
20553964,"dicMarla3"
20553964,"dicDic"
20553964,"dicThump"
20553964,"dicRaid"
20553964,"dicDance"
20553964,"dicChillz"
20553964,"dicFist"
20553964,"dicRip"
20553964,"dicPeek"
20553964,"dicBurp"
20553964,"dicTrigger"
20553964,"dicBod"
20553964,"dicSellout"
20553964,"dicTOS"
20553964,"dicMlady"
20553964,"dicBowl"
20553964,"dicMarla"
20553964,"dicCheer"
20553964,"dicAyy"
20555157,"bnniLEL"
20555157,"bnniEZ"
20555157,"bnniESV"
20555157,"bnniWICKED"
20555157,"bnniSHY"
20555157,"bnniGun"
20555157,"bnniAWW"
20555157,"bnniSadge"
20555157,"bnniHYPERS"
20555157,"bnniD"
20555157,"bnniBOP"
20555157,"bnniCOOL"
20555157,"bnniLurk"
20555157,"bnniJam"
20555157,"bnniPray"
20555157,"bnniGG"
20555157,"bnniCozy"
20555157,"bnniGAMBA"
20555157,"bnniArrive"
20555157,"bnniDip"
20555157,"bnniHey"
20555157,"bnniM"
20555157,"bnniPoint"
20555157,"bnniWeird"
20555157,"bnniSit"
20555157,"bnniWiggle"
20555157,"bnniDBC"
20555157,"bnniSTEER"
20555157,"bnniHmm"
20555157,"bnni7"
20555157,"bnniL"
20555157,"bnniHeart"
20555157,"bnniBOO"
20555157,"bnniHug"
20557244,"dimeLove"
20557244,"dimeZZZ"
20557244,"dimeS"
20557244,"dimeCaco"
20557244,"dimeWink"
20557244,"dimeProTip"
20557244,"dimeSmug"
20557244,"dimeCringe"
20557244,"dimeSad"
20557244,"dimeMMM"
20557244,"dimeComfy"
20557244,"dimeHI"
20557244,"dimeDisappointed"
20557244,"dimeFB"
20557244,"dimeMM"
20557244,"dimeCute"
20557244,"dimeGrin"
20557244,"dimeLost"
20572303,"gruPey"
20572303,"gruChorao"
20572303,"gruSleep"
20572303,"gruNtou"
20572303,"gruLanca"
20572303,"gruParrudo"
20572303,"gruPeluda"
20572303,"gruCharge"
20572303,"gruCar"
20572303,"gruChamp"
20572303,"gruBrabo"
20572303,"gruSelo"
20572303,"gruLoot"
20572303,"gruBeijo"
20572303,"gruVaca"
20572303,"gruTrigo"
20572303,"gruRip"
20572303,"gruClan"
20572303,"gruGg"
20572303,"gruPeludatreme"
20572303,"gruCar1"
20572303,"gruOlhalanca"
20572303,"gruCar2"
20572303,"gruBrasil"
20572303,"gruNo"
20572303,"gruSlash"
20572303,"gruVush"
20572303,"gruArauto"
20579795,"cstarCSL"
20579795,"cstarDebt"
20579795,"cstarBus"
20579795,"cstarScholar"
20607836,"htpntSMOKE"
20607836,"htpntMortsche"
20607836,"htpntPECE"
20607836,"htpntKANGAE"
20607836,"htpntLUL"
20607836,"htpntHTPNT"
20607836,"htpntHAHA"
20607836,"htpntHMM"
20607836,"htpntW"
20607836,"htpntLEC"
20607836,"htpntEUM"
20607836,"htpntMSI"
20607836,"htpntTYMC"
20607836,"htpntVALORANT"
20607836,"htpntXNAPY"
20607836,"htpntESB"
20607836,"htpntSK"
20607836,"htpntDNE"
20607836,"htpntRGE"
20607836,"htpntOVA"
20607836,"htpnt500"
20607836,"htpntTH"
20607836,"htpntSIN"
20607836,"htpntBDS"
20607836,"htpntG2"
20607836,"htpntBRT"
20607836,"htpntEIQ"
20607836,"htpntWORLDS"
20607836,"htpntING"
20607836,"htpntKOI"
20608838,"mattrpZero"
20608838,"mattrpLove"
20608838,"mattrpBad"
20608838,"mattrp1080"
20608838,"mattrpKkona"
20608838,"mattrpBite"
20608838,"mattrpBone"
20608838,"mattrpCrash"
20608838,"mattrpDerp"
20608838,"mattrpGotcha"
20608838,"mattrpGun"
20608838,"mattrpHands"
20608838,"mattrpHype"
20608838,"mattrpList"
20608838,"mattrpOuch"
20608838,"mattrpPotato"
20608838,"mattrpRage"
20608838,"mattrpSalt"
20608838,"mattrpShrug"
20608838,"mattrpSip"
20608838,"mattrpSmug"
20608838,"mattrpYeah"
20608838,"mattrpWeeWoo"
20608838,"mattrpZeroDerp"
20608838,"mattrpHi"
20608838,"mattrpMeat"
20608838,"mattrpLUL"
20608838,"mattrpChat"
20608838,"mattrpThicc"
20608838,"mattrpCopium"
20608838,"mattrpNom"
20608838,"mattrpChef"
20608838,"mattrpLewd"
20608838,"mattrpSmile"
20608838,"mattrpDredd"
20608838,"mattrpBeer"
20608838,"mattrpSalute"
20608838,"mattrpLurk"
20608838,"mattrpHug"
20608838,"mattrpWeird"
20608838,"mattrpLMAO"
20608838,"mattrpWiggle"
20608838,"mattrpShy"
20608838,"mattrpMegalurk"
20608838,"mattrpCrimehat"
20608838,"mattrpRipleyWiggle"
20608838,"mattrpBongo"
20608838,"mattrpMonkaS"
20608838,"mattrpCozy"
20608838,"mattrpWaiting"
20608838,"mattrpCrowbar"
20608838,"mattrpFacepalm"
20608838,"mattrpD"
20612870,"ddkImp"
20612870,"ddkDeagle"
20612870,"ddkFail"
20612870,"ddkNiohcamp"
20612870,"ddkNiohlick"
20612870,"ddkWOT"
20612870,"ddkSheriff"
20620820,"zelClip"
20620820,"zelRIP"
20620820,"zelFeels"
20620820,"zelPride"
20620820,"zel9"
20620820,"zelHammer"
20620820,"zelUK"
20620820,"zelUS"
20620820,"zelSalt"
20620820,"zelHi"
20620820,"zelLeft"
20620820,"zelRight"
20620820,"zelGG"
20620820,"zelBAMF"
20620820,"zelPop"
20620820,"zelSweabo"
20620820,"zelSorry"
20620820,"zelEgg"
20620820,"zelKappa"
20620820,"zelChair"
20620820,"zelSad"
20620820,"zelMlg"
20620820,"zelLove"
20620820,"zelOut"
20620820,"zelDerp"
20620820,"zelBalls"
20620820,"zelAim"
20620820,"zelRage"
20620820,"zelMurica"
20620820,"zelReee"
20620820,"zelGasm"
20625505,"thuglifeHabon"
20625505,"thuglifeTahsah"
20625505,"thuglifeHype"
20625505,"thuglifeSayen"
20625505,"thuglifeSsayen"
20625505,"thuglifeSalam"
20625505,"thuglifeGg"
20625505,"thuglifeBoutef"
20625505,"thuglifeMamad"
20625505,"thuglifeCine"
20625505,"thuglifeThug"
20625505,"thuglifeGiro"
20625505,"thuglifeSalamrave"
20625505,"thuglifeCool"
20625505,"thuglifeHmm"
20625505,"thuglifeCry"
20625505,"thuglifeZhef"
20625505,"thuglifeDead"
20625505,"thuglifeExdr"
20625505,"thuglifeThuglife"
20625505,"thuglifeGirogo"
20625505,"thuglifeLove"
20625505,"thuglifeWhat"
20631512,"owsWhat"
20631512,"owsLol"
20631512,"owsKillemall"
20631512,"owsCool"
20631512,"owsOkok"
20631512,"owsOk"
20631512,"owsCoffee"
20631512,"owsMegapint"
20631512,"owsPig"
20631512,"owsReflektor"
20631512,"owsBruhuhu"
20631512,"owsWue"
20631512,"ows8bitbalazs"
20631512,"ows9bitzoly"
20631512,"owsPog"
20631512,"owsWtf"
20650721,"hdrLol"
20650721,"hdrPepe"
20650721,"hdrJake"
20650721,"hdrOM"
20650721,"hdrTOM"
20650721,"hdrJTU"
20650721,"hdrALL"
20650721,"hdrBall"
20650721,"hdrBirb"
20650721,"hdrHmm"
20650721,"hdrCry"
20650721,"hdrRage"
20650721,"hdrPlay"
20650721,"hdrOk"
20650721,"hdrGoblin"
20650721,"hdrMtt"
20650721,"hdrJerry"
20650721,"hdrLinda"
20650721,"hdrAsriel"
20650721,"hdrCare"
20650721,"hdrHoi"
20650721,"hdrAngry"
20650721,"hdrStar2"
20650721,"hdrArm"
20650721,"hdrJr"
20650721,"hdrStar1"
20650721,"hdrPapa"
20650721,"hdrPuke"
20650721,"hdrBerd"
20650721,"hdrChad"
20650721,"hdrShroom"
20650721,"hdrClown"
20650721,"hdrDon"
20650721,"hdrKa"
20654678,"deathuRly"
20654678,"deathuWoah"
20654678,"deathuTrophy"
20654678,"deathuBrokeit"
20654678,"deathuGasm"
20654678,"deathuMour"
20654678,"deathuLove"
20654678,"deathuSausage"
20654678,"deathuSith"
20654678,"deathuVroom"
20654678,"deathuFoam"
20654678,"deathuChair"
20654678,"deathuYikes"
20654678,"deathuBoney"
20654678,"deathuGold"
20654678,"deathuWow"
20654678,"deathuTrain"
20654678,"deathuTrain2"
20654678,"deathuHandsome"
20654678,"deathuF"
20654678,"deathuPrettyGood"
20654678,"deathuSauce"
20654678,"deathuBruh"
20654678,"deathuTAS"
20654678,"deathuWHAT"
20654678,"deathuHELP"
20654678,"deathuCraig"
20654678,"deathuCursed"
20654678,"deathuBoat"
20654678,"deathuHi"
20654678,"deathuHYPE"
20654678,"deathuSnek"
20654678,"deathuSit"
20654678,"deathuWWHHAATT"
20654678,"deathuArrive"
20654678,"deathuNope"
20654678,"deathuDEEmon"
20687650,"letodJ"
20687650,"letodBOLT"
20687650,"letodT"
20687650,"letodC"
20687650,"letodBR"
20687650,"letodB"
20687650,"letodMK"
20687650,"letodTANK"
20687650,"letodBASH"
20687650,"letodRIP"
20687650,"letodRing"
20687650,"letodSapper"
20687650,"letodH"
20687650,"letodBli"
20687650,"letodSWAG"
20687650,"letodCrys"
20687650,"letodPanda"
20687650,"letodBm"
20687650,"letod1"
20687650,"letodL"
20687650,"letodCast"
20687650,"letodD"
20687650,"letodX"
20687650,"letodApe"
20687760,"testieSup"
20687760,"testie1"
20687760,"testie2"
20687760,"testie4"
20687760,"testie3"
20687760,"testiePum"
20687760,"testieHi"
20687760,"testiePubg"
20687760,"testieMeta"
20687760,"testieTehe"
20687760,"testieLurk"
20687760,"testieVent"
20687760,"testieYahho"
20687760,"testieHarden"
20687760,"testieKappa"
20687760,"testieCappa"
20687760,"testiePubgs"
20687760,"testiePubgg"
20687760,"testiePara"
20687760,"testieCheerio"
20687760,"testieNullified"
20687760,"testieHonjesus"
20687760,"testieBounce"
20687760,"testieTater"
20687760,"testieRip"
20692911,"dkscDK"
20692911,"dkscLogan"
20692911,"dkscCow4"
20692911,"dkscShyguy"
20692911,"dkscAce"
20692911,"dkscLua4"
20692911,"dksc5"
20692911,"dkscH"
20692911,"dkscLua3"
20692911,"dkscToad"
20692911,"dkscRave"
20692911,"dkscLogan1"
20692911,"dkscOrange"
20692911,"dkscLua1"
20692911,"dkscE"
20692911,"dkscShake"
20692911,"dkscCow1"
20692911,"dkscSexy"
20692911,"dkscBlue"
20692911,"dkscLua"
20692911,"dkscHell"
20692911,"dkscLua2"
20692911,"dkscYellow"
20692911,"dkscPurple"
20692911,"dkscGreen"
20692911,"dkscLogan2"
20692911,"dkscLogan3"
20692911,"dkscCowrave"
20692911,"dkscLink"
20692911,"dkscLiberal"
20692911,"dkscLogan4"
20692911,"dkscCow3"
20692911,"dkscCow2"
20692911,"dkscRedbull"
20696116,"narcoPog"
20696116,"narcoAyaya"
20696116,"narcoW"
20696116,"narcoWeirdChamp"
20696116,"narcoBench2"
20696116,"narcoWeirdBench"
20696116,"narcoBench1"
20696116,"narcoL"
20696116,"narcoLove"
20696116,"narcoHmm"
20696116,"narcoSmile"
20696116,"narcoMonka"
20696116,"narcoDog2"
20696116,"narcoSip"
20696116,"narcoCovid"
20696116,"narcoPepega"
20696116,"narcoGap"
20696116,"narcoGun"
20696116,"narcoBigpog"
20696116,"narcoCone"
20696116,"narcoLink2"
20696116,"narcoLink3"
20696116,"narcoSanta"
20696116,"narcoLink"
20696116,"narcoDaisyPog"
20696116,"narcoProfessor"
20696116,"narcoLink4"
20696116,"narcoDog"
20696116,"narcoYikes"
20696116,"narcoLink5"
20696116,"narcoLink6"
20698451,"fahSword2"
20698451,"fahSword1"
20698451,"fahPog"
20698451,"fahHype"
20698451,"fahRip"
20698451,"fahThink"
20698451,"fahGood"
20698451,"fahHey"
20698451,"fahMoney"
20698451,"fahDance"
20698451,"fahG"
20698451,"fahSalute"
20698451,"fahTrain"
20698451,"fahShrug"
20698451,"fahCheers"
20698451,"fahAYAYA"
20698451,"fahYAYA"
20698451,"fahZen"
20698451,"fahLurk"
20698451,"fahPlease"
20698451,"fahThump"
20698451,"fahExpert"
20698451,"fahATRight"
20698451,"fahPoint"
20698451,"fahATLeft"
20698451,"fahS"
20698451,"fahRage"
20702085,"muhahaG"
20702085,"muhahaBB"
20702085,"muhahaH"
20702085,"muhahaBOX"
20702085,"muhahaHB"
20702085,"muhahaR"
20702085,"muhaha87"
20702085,"muhahaGK"
20702085,"muhahaRR"
20702085,"muhaha887"
20702085,"muhahaHH"
20702085,"muhahaBOX2"
20702886,"carlSwag"
20702886,"carlMeMaybe"
20702886,"carlZ"
20702886,"carlWhy"
20702886,"carlOhBby"
20702886,"carlToxic"
20702886,"carlScience"
20702886,"carlCoffee"
20702886,"carlNerd"
20702886,"carlGarbage"
20702886,"carlBruh"
20702886,"carlPhD"
20702886,"carlTroll"
20702886,"carl1sout"
20702886,"carlFly"
20702886,"carlClap"
20702886,"carlLeak"
20702886,"carlMad"
20702886,"carlLUL"
20702886,"carlS"
20702886,"carlLove"
20702886,"carlD"
20702886,"carl1"
20702886,"carlSoLong"
20702886,"carlLOL"
20702886,"carlUck"
20702886,"carlEvil"
20702886,"carlF"
20702886,"carlBanger"
20702886,"carlJon"
20702886,"carlScam"
20702886,"carlSlurp"
20702886,"carlFroggy"
20702886,"carlShame"
20702886,"carlRIP"
20702886,"carlMoney"
20702886,"carlNo"
20702886,"carlY"
20702886,"carlShiny"
20702886,"carlNK"
20702886,"carlBoxed"
20702886,"carlYes"
20702886,"carlGG"
20702886,"carlSmug"
20702886,"carlLA"
20702886,"carlWiggly"
20702886,"carlYo"
20702886,"carlHi"
20702886,"carlAA"
20702886,"carlNT"
20702886,"carlCman"
20714042,"cykeLForsen"
20714042,"cykeLPls"
20714042,"cykeLCommando"
20714042,"cykeLSus"
20714042,"cykeLBussin"
20714042,"cykeLPickle"
20714042,"cykeLTroll"
20714042,"cykeLE"
20714042,"cykeLCD"
20714042,"cykeLBinkelderg"
20714042,"cykeLHD"
20714042,"cykeLing"
20714042,"cykeLOiler"
20714042,"cykeLbappE"
20714042,"cykeLFlush"
20714042,"cykeLhappE"
20714042,"cykeL"
20714042,"cykeL1337"
20714042,"cykeLChad"
20714042,"cykeLExplainingHow"
20714042,"cykeLBased"
20714042,"cykeLCANT"
20714042,"cykeL1984"
20714042,"cykeLFemboy"
20714042,"cykeLGrumpyDog"
20714042,"cykeLHmm"
20714042,"cykeLTeefi"
20714042,"cykeLNoPickles"
20714042,"cykeLLookingAtYou"
20730412,"guudeNana"
20730412,"guudeBeetle"
20730412,"guudeDisappointed"
20730412,"guudeGiggle"
20730412,"guudeNervous"
20730412,"guudeTea"
20730412,"guudeZilla"
20730412,"guudeRIP"
20730412,"guudeLick"
20730412,"guudeConifer"
20730412,"guudeMC"
20730412,"guudeHeart"
20730412,"guudeFarm"
20730412,"guudeBear"
20730412,"guudePumpkin"
20730412,"guudeSolar"
20730412,"guudeKawaii"
20730412,"guudeHi"
20730412,"guudeBat"
20730412,"guudeMoney"
20730412,"guudeLogo"
20730412,"guudeWut"
20730412,"guudeGold"
20730412,"guudeSip"
20730412,"guudePhone"
20730412,"guudeYum"
20730412,"guudeBoy"
20730412,"guudeDuck"
20730412,"guudeGOTY"
20730412,"guudeSign"
20730412,"guudeWave"
20730412,"guudeDED"
20730412,"guudeSweat"
20730412,"guudeWaddle"
20730412,"guudePOG"
20730412,"guudeSour"
20730412,"guudeSun"
20730412,"guudeUgh"
20739344,"lucahBalls"
20739344,"lucahBye"
20739344,"lucahChug"
20739344,"lucahGurl"
20739344,"lucahDing"
20739344,"lucahRage"
20739344,"lucahBrian"
20739344,"lucahHug"
20739344,"lucahHelp"
20739344,"lucahSmef"
20739344,"lucahLol"
20739344,"lucahButt"
20739344,"lucahSip"
20739344,"lucahGift"
20739344,"lucahBagel"
20739344,"lucahPog"
20739344,"lucahChill"
20739344,"lucahFace"
20739344,"lucahThonk"
20739344,"lucahLewd"
20739344,"lucahWut"
20739344,"lucahWhoa"
20739344,"lucahThump"
20739344,"lucahWing"
20739344,"lucahHat"
20739344,"lucahTaco"
20739344,"lucahHugs"
20739344,"lucahWave"
20739344,"lucahScoo"
20739344,"lucahAngy"
20739344,"lucahSippy"
20739344,"lucahPoggies"
20739344,"lucahDerp"
20739344,"lucahCry"
20739344,"lucahAck"
20780251,"hltvThink"
20780251,"hltvGiggle"
20780251,"hltvEksDe"
20780251,"hltvHowMuch"
20780251,"hltvConfirm"
20780251,"hltvTinfoil"
20780251,"hltvOMEGALUL"
20780251,"hltvRANT"
20780251,"hltvXAXA"
20780251,"hltvThink2"
20788497,"andytGood"
20788497,"andytHypers"
20788497,"andytHydrate"
20788497,"andytShrug"
20788497,"andytThinking"
20788497,"andytWave"
20788497,"andytCowbell"
20788497,"andytOk"
20788497,"andytGoodW"
20788497,"andytFirst"
20788497,"andytMore"
20788497,"andytTry"
20788497,"andytDanceFruit"
20788497,"andytLast"
20788497,"andytClap"
20788497,"andytTonyOmg"
20788497,"andytG"
20788497,"andytIs"
20788497,"andytThis"
20788497,"andytWW"
20788497,"andytKona"
20788497,"andytSal"
20788497,"andytWut"
20788497,"andytPet"
20788497,"andytNice"
20788497,"andytNo"
20788497,"andytPauseChamp"
20788497,"andytTrue"
20788497,"andytOne"
20788497,"andytVery"
20788497,"andytAnd"
20788497,"andytYes"
20788497,"andytFine"
20788497,"andytW"
20788497,"andytThe"
20795350,"kurumxLove"
20795350,"kurumxBlind"
20795350,"kurumxBIGPAIRS"
20795350,"kurumxOWO"
20795350,"kurumxOMEGABLIND"
20795350,"kurumx1v9"
20795350,"kurumxRAGE"
20795350,"kurumxTRIPLEDOT"
20795350,"kurumxBOWLCUT"
20795350,"kurumxLiquid"
20795350,"kurumxSTACKS"
20795350,"kurumxGOLD"
20795350,"kurumxFIRST"
20795350,"kurumxBANANA1"
20795350,"kurumxBANANA2"
20795350,"kurumxBANANA3"
20795350,"kurumxBANANA4"
20795350,"kurumxAYAYA"
20795350,"kurumxKEKTV"
20795350,"kurumxTSUNAMI1"
20795350,"kurumxTSUNAMI2"
20795350,"kurumxMONKA"
20795350,"kurumxDONTUSE"
20795350,"kurumxCONCERN"
20795350,"kurumxHI"
20795350,"kurumxTUNE"
20795350,"kurumxASCEND"
20795350,"kurumxPepega"
20795350,"kurumxSure"
20795350,"kurumxFCG"
20795350,"kurumxPickle"
20795350,"kurumxMadge"
20795350,"kurumxShy"
20795350,"kurumxHUGERS"
20795350,"kurumxPrayge"
20795350,"kurumxSass"
20795350,"kurumxICANT"
20801235,"tpbCool"
20801235,"tpbFail"
20801235,"tpbHuh"
20801235,"tpbSaintIden"
20812301,"irajaxHMMM"
20812301,"irajaxQQQ"
20812301,"irajaxDROOL"
20812301,"irajaxSIP"
20812301,"irajaxSCAM"
20812301,"irajaxWide2"
20812301,"irajaxWidescam3"
20812301,"irajaxWidescam2"
20812301,"irajaxWidescam1"
20812301,"irajaxTRASH"
20812301,"irajaxMISS"
20812301,"irajaxRR"
20812301,"irajaxWideT22"
20812301,"irajaxWideT23"
20812301,"irajaxWideT21"
20812301,"irajaxPET"
20812301,"irajaxPRAY"
20812301,"irajaxBULLR"
20812301,"irajaxPRIME"
20812301,"irajaxZZT2"
20812301,"irajaxSUBS"
20812301,"irajaxDOWN"
20812301,"irajaxPOG"
20812301,"irajaxZZ"
20812301,"irajaxGUNR"
20812301,"irajaxDED"
20812301,"irajaxWide3"
20812301,"irajaxPUKE"
20812301,"irajaxWide1"
20812301,"irajaxUP"
20812301,"irajaxEZ"
20850617,"guruDemb"
20850617,"guruGoal"
20850617,"guruCdM"
20850617,"guruInch"
20850617,"guruV10"
20850617,"guruWat"
20850617,"guruOut"
20850617,"guruMarcel"
20850617,"guruHap"
20850617,"guruJoga"
20850617,"guruFC"
20850617,"guruOMG"
20850617,"guruBank"
20850617,"guruUwu"
20850617,"guruVu"
20851013,"mancaveFnbtrk"
20851013,"mancaveHype"
20851013,"mancaveCheers"
20851013,"mancaveDab"
20851013,"mancaveJazzy"
20851013,"mancaveMorepvp"
20851013,"mancaveChop"
20851013,"mancaveLol"
20851013,"mancaveRpvp"
20851013,"mancaveEP1"
20851013,"mancaveApvp"
20851013,"mancaveTassel"
20851013,"mancaveStrong"
20851013,"mancaveThe"
20851013,"mancaveLove"
20851013,"mancaveBeard"
20851013,"mancaveFor"
20851013,"mancavePVP"
20851013,"mancaveDance"
20851013,"mancaveMcg"
20851013,"mancavePact"
20880226,"jysUban"
20880226,"jysOh"
20880226,"jysBBQ"
20880226,"jysSuccess"
20880226,"jysSixtynine"
20880226,"jysGirl"
20880226,"jysGasm"
20880226,"jysPewpew"
20889092,"mphDerp"
20889092,"mphRadical"
20889092,"mphRNG"
20889092,"mphNE2"
20889092,"mphDill"
20889092,"mphPanic"
20889092,"mphYes"
20889092,"mphEw"
20889092,"mphSonic"
20889092,"mphBucket"
20889092,"mphBrows"
20889092,"mphFascinating"
20889092,"mphBla"
20889092,"mphDerpInt"
20889092,"mphSip"
20889092,"mphShot"
20889092,"mphSt"
20889092,"mphLove"
20889092,"mphAmp"
20889092,"mphGasp"
20889092,"mphSuffering"
20899820,"cattaSub"
20899820,"cattaWut"
20899820,"cattaSprajt"
20899820,"cattaFail"
20899820,"cattaKacz0r"
20899820,"cattaF"
20899820,"cattaBoomer"
20899820,"cattaP"
20899820,"cattaA"
20899820,"cattaPl"
20899820,"cattaOhh"
20899820,"cattaDrona"
20899820,"cattaHi"
20899820,"catta10"
20899820,"cattaGg"
20899820,"cattaPogf"
20899820,"cattaRoll"
20899820,"catta1010"
20899820,"cattaM"
20899820,"cattaGGs"
20899820,"cattaAa"
20919491,"jewelHype"
20919491,"jewelKing"
20919491,"jewelLove"
20919491,"jewelNyla"
20929454,"amadYay"
20929454,"amadGG"
20929454,"amadCry"
20929454,"amadSmile"
20929454,"amadHype"
20929454,"amadGL"
20929454,"amadJam"
20929454,"amadLaugh"
20929454,"amadGold"
20929454,"amadShrug"
20929454,"amadBanana"
20929454,"amadCat"
20929454,"amadGrumpy"
20929454,"amadTail"
20929454,"amadDerp"
20929454,"amadSpin"
20929454,"amadKek"
20929454,"amadBuff"
20929454,"amadPopcorn"
20929454,"amadDed"
20929454,"amadNotes"
20929454,"amadCozy"
20929454,"amadBless"
20929454,"amadBait"
20929454,"amadPulse"
20929454,"amadTilt"
20929454,"amadKela"
20929454,"amadFever"
20929454,"amadPizza"
20929454,"amadSalami"
20929454,"amadUwu"
20929454,"amadAngry"
20929454,"amadScam"
20950754,"chubohCharlie"
20950754,"chubohLore"
20950754,"chubohRIP"
20950754,"chubohMLord"
20950754,"chubohAlf"
20950754,"chubohMoe"
20950754,"chubohLarry"
20950754,"chubohCurly"
20950754,"chubohJoe"
20950754,"chubohRikiishi"
20950754,"chubohFreddie"
20950754,"chubohPinen"
20950754,"chubohSumo"
20950754,"chubohSteiner"
20950754,"chubohWhackers"
20950754,"chubohBalki"
20950754,"chubohDrew"
20950754,"chubohFloss"
20950754,"chubohSalami"
20950754,"chubohBill"
20950754,"chubohAlien"
20950754,"chubohWink"
20950754,"chubohBDog"
20950754,"chubohBungle"
20950754,"chubohBongo"
20950754,"chubohFoot"
20950754,"chubohFester"
20950754,"chubohWall"
20950754,"chubohMunst"
20950754,"chubohErnest"
20950754,"chubohAir"
20950754,"chubohDance"
20950754,"chubohJams"
20950754,"chubohBaby"
20950754,"chubohMommi"
20950754,"chubohDad"
20950754,"chubohBnBH"
20950754,"chubohHSM"
20950754,"chubohBiffo"
20950754,"chubohMedvurst"
20969023,"beastyPoggers"
20969023,"beastyS"
20969023,"beastyPOG"
20969023,"beastyHands"
20969023,"beastyWww"
20969023,"beastyAmazin"
20969023,"beastyLULWW"
20969023,"beastyHmm"
20969023,"beastyWw"
20969023,"beasty100s"
20969023,"beasty11more"
20969023,"beasty100a"
20969023,"beasty100f"
20969023,"beastySip"
20969023,"beastyFeelsbadman"
20969023,"beastyMald"
20969023,"beastyCheese"
20969023,"beastyYep"
20969023,"beastyKlappa"
20969023,"beastyVn"
20969023,"beastyExit"
20969023,"beasty1more"
20969023,"beastyR"
20969023,"beastyFirst"
20969023,"beastyLulwww"
20969023,"beastyA"
20969023,"beastyMali"
20969023,"beastyGgdog"
20969023,"beastyK1"
20969023,"beastyOtto"
20969023,"beastyH"
20969023,"beastyMlord"
20969023,"beastyD"
20969023,"beastyLaugh"
20969023,"beastyE"
20969023,"beastyW"
20969023,"beastyK2"
20969023,"beastyM"
20969023,"beastyMaldshake"
20969023,"beasty5head"
20969023,"beastyF"
20969023,"beastyPogg"
20969023,"beastyY"
20969023,"beastyFacepalm"
20969023,"beastyC"
20969023,"beastySipslide"
20989218,"absShrug"
20989218,"absRich"
20989218,"absOld"
20989218,"absGlad"
20989218,"absCringe"
20989218,"absHmm"
20989218,"absNice"
20989218,"absAAA"
20989218,"absDed"
20989218,"absK"
20989218,"absPoint"
20989218,"absGasm"
20989218,"absIsFine"
20989218,"absCreep"
20989218,"absEvil"
20989218,"absInthe"
20989218,"absMad"
20989218,"absSad"
20989218,"absTually"
20989218,"absNo"
20989218,"absComfy"
20989218,"absLOL"
20989218,"absE"
20989218,"absYes"
20989218,"absHug"
20989218,"absLurk"
20989218,"absGremlin"
20989218,"absCmon"
20989218,"absNegative"
20989218,"absLLL"
20989218,"absS"
20989218,"absEEK"
20989218,"absDerp"
20992865,"grub1"
20992865,"grub2"
20992865,"grub3"
20992865,"grub4"
20992865,"grubTroll"
20992865,"grubUD"
20992865,"grubNE"
20992865,"grubORC"
20992865,"grubHU"
20992865,"grubLogan"
20992865,"grubXD"
20992865,"grubZepega"
20992865,"grubRIP"
20992865,"grubFlex"
20992865,"grubClap"
20992865,"grubAYAYA"
20992865,"grubBear"
20992865,"grubSmug"
20992865,"grubFlex2"
20992865,"grubG"
20992865,"grubSneeze"
20992865,"grubHELP"
20992865,"grubLol"
20992865,"grubTea"
20992865,"grubK"
20992865,"grubPega"
20992865,"grubWhat"
20992865,"grubCheers"
20992865,"grubCheers2"
20992865,"grubE"
20992865,"grubP"
20992865,"grubD"
20992865,"grubRa"
20992865,"grubSleeper"
20992865,"grubXmas"
20992865,"grubHOGGERS"
20992865,"grubHype"
20992865,"grubL"
20992865,"grubCass"
20992865,"grubFeels"
20992865,"grubB"
20992865,"grubTier2"
20992865,"grubET"
20992865,"grubEle"
20992865,"grubOh"
20992865,"grub666"
20992865,"grubHydra"
20992865,"grubWall"
20992865,"grubPMA"
20992865,"grubQ"
20992865,"grubWP"
20992865,"grubCope"
20992865,"grubGate"
20992865,"grubVroom"
20993498,"aa9Llama"
20993498,"aa9Stoopid"
20993498,"aa9Rage"
20993498,"aa9Goat"
20993498,"aa9Sii"
20993498,"aa9Omg"
20993498,"aa9Sellout"
20993498,"aa9Bald"
20993498,"aa9Toxic"
20993498,"aa9G"
20993498,"aa9Bored"
20993498,"aa9Face"
20993498,"aa9Dk"
20993498,"aa9Yikes"
20993498,"aa9Fat"
20993498,"aa9Lol"
20993498,"aa9Pog"
20993498,"aa9Col"
20993498,"aa9TS"
20993498,"aa9Submode"
20993498,"aa9Dbz"
20993498,"aa9Egg"
20993498,"aa9Gift"
20993498,"aa91"
20993498,"aa92"
20993498,"aa9Love"
20993498,"aa9Hype"
20993498,"aa9Cry"
20993498,"aa9Riot"
20993498,"aa9Rip"
20993498,"aa9Ll"
20993498,"aa9Bop"
20993498,"aa9Si"
20993498,"aa9L"
20993498,"aa9Vamos"
20993498,"aa9Washed"
20993498,"aa9Wash"
20993498,"aa9Ww"
20993498,"aa9Dot"
20993498,"aa9W"
21005436,"azaFox"
21005436,"azaMAD"
21005436,"azaRAT"
21005436,"azaHHH"
21005436,"azaHAPPY"
21005436,"azaERASED"
21005436,"azaDRAIN"
21005436,"azaW"
21005436,"azaCANADA"
21005436,"azaSHY"
21005436,"azaF"
21005436,"azaL"
21005436,"azaSTITCH"
21005436,"azaTEN"
21005436,"azaCHATTING"
21005436,"azaNOTES"
21005436,"azaSTARE"
21005436,"azaDUMPSTER"
21005436,"azaC"
21005436,"azaCROSS"
21005436,"azaSORRY"
21030796,"geekThump"
21030796,"geekChip"
21030796,"geekCrash"
21030796,"geekToast"
21030796,"geekRage"
21030796,"geekPraiseL"
21030796,"geekH"
21030796,"geekPraise"
21030796,"geekMini"
21030796,"geekOCD"
21030796,"geekLewd"
21030796,"geekGoldChip"
21030796,"geekMiniH"
21030796,"geekFancy"
21030796,"geekDance"
21033495,"dahunAngry"
21033495,"dahunCry"
21033495,"dahunLoot"
21033495,"dahunLove"
21033495,"dahunLurk"
21033495,"dahunDEAD"
21033495,"dahunGildedDiv"
21033495,"dahunRake"
21033495,"dahunGoldRake"
21033495,"dahunYIKES"
21045643,"clymHi"
21045643,"clymKappa"
21045643,"clymWat"
21045643,"clym11"
21045643,"clymQuasi"
21045643,"clymHand"
21045643,"clym10v10"
21045643,"clymDiorite"
21045643,"clymStuhl"
21045643,"clymLUL"
21045643,"clymLALALA"
21045643,"clymRaus"
21045643,"clymBan"
21045643,"clymCry"
21045643,"clymEhre"
21045643,"clymKawaii"
21045643,"clymLoot"
21045643,"clymLurk"
21045643,"clymLost"
21045643,"clymPride"
21045643,"clymSip"
21045643,"clymThink"
21045643,"clymUff"
21045643,"clymParty"
21045643,"clymModLove"
21045643,"clymPizza"
21045643,"clymNachos"
21045643,"clymKekse"
21045643,"clymYay"
21045643,"clymWTCU"
21045643,"clymHype"
21045643,"clymHerz"
21045643,"clymMoney"
21045643,"clymJAM"
21045643,"clymTasty"
21045643,"clymKirby"
21045643,"clymLurking"
21045643,"clymPET"
21050184,"johneWah"
21050184,"johnePlz"
21050184,"johneDie"
21050184,"johneZzz"
21050184,"johneMog"
21050184,"johneVil"
21050184,"johneHype"
21050184,"johneCry"
21050184,"johneLUL"
21050184,"johneIce"
21050184,"johneWave"
21050184,"johneBruh"
21050184,"johneSmile"
21050184,"johneThink"
21050184,"johneEw"
21050184,"johneChimpo"
21050184,"johneLove"
21064295,"fomkoTea"
21064295,"fomkoKoleso"
21064295,"fomkoFCK"
21064295,"fomkoF"
21064295,"fomkoPlevok"
21064295,"fomkoTahm"
21064295,"fomkoGo"
21065529,"gzgHonk"
21065529,"gzgDog"
21065529,"gzgSword"
21065529,"gzgJeeves"
21065529,"gzgMal"
21065529,"gzgFlame"
21065529,"gzgStaff"
21065529,"gzgSpear"
21065529,"gzgNimrod"
21065529,"gzg3bros"
21065529,"gzgOhno"
21065529,"gzgOiler"
21065529,"gzgWill"
21065529,"gzgExcel"
21065529,"gzgLive"
21065529,"gzgUkkona"
21065529,"gzgFran"
21065529,"gzgNickroo"
21065529,"gzgNickrolls"
21065529,"gzgToD"
21065529,"gzgTpk"
21065529,"gzgDoubt"
21065529,"gzgVan"
21065529,"gzgMalkis"
21065529,"gzgDie"
21065529,"gzgNickW"
21065529,"gzgSrs"
21065529,"gzgYoutube"
21065529,"gzgWeeb"
21065529,"gzg5hd"
21065529,"gzgHax"
21065529,"gzgPope"
21065529,"gzgLawyer"
21074141,"ax3lMonkas"
21074141,"ax3lOof"
21074141,"ax3lHmmm"
21074141,"ax3lWUT"
21074141,"ax3lHi"
21074141,"ax3lVibing"
21074141,"ax3lPanic"
21074141,"ax3lTrigg"
21074141,"ax3lXD"
21074141,"ax3lSonic"
21074141,"ax3lClown"
21074141,"ax3lLove"
21080562,"mrbDon"
21080562,"mrbPop"
21080562,"mrbBan"
21080562,"mrbClap"
21080562,"mrbAhah"
21080562,"mrbLeboss"
21080562,"mrbVomi"
21080562,"mrbGneugneu"
21080562,"mrbSoupir"
21080562,"mrbGG"
21080562,"mrbBle"
21080562,"mrbAAA"
21080562,"mrbRoy"
21080562,"mrbInc"
21080562,"mrbWhoaaa"
21080562,"mrb3"
21080562,"mrbLove"
21080562,"mrbPas"
21080562,"mrbTroll"
21080562,"mrbSugoiii"
21080562,"mrbNul"
21080562,"mrbDiable"
21080562,"mrbB"
21080562,"mrbCalin"
21080562,"mrbMort"
21080562,"mrbFacepalm"
21080562,"mrbPrime"
21080562,"mrbLUL"
21080562,"mrbMcg"
21080562,"mrbBloody"
21080562,"mrbJojo"
21080562,"mrbAlf"
21080562,"mrbRage"
21080562,"mrbVieux"
21080562,"mrbClasse"
21080562,"mrbQUOI"
21080562,"mrbPipe"
21080562,"mrbPaslu"
21080562,"mrbPLS"
21080562,"mrbFatigue"
21080562,"mrbAveugle"
21080562,"mrbGhost"
21080562,"mrbLivre"
21080562,"mrbPeur"
21080562,"mrbRot"
21080562,"mrbChasseur"
21080562,"mrbBOSS"
21080562,"mrbFete"
21080562,"mrbVerre"
21080562,"mrbM"
21080562,"mrbCoeur"
21080562,"mrbBaffe"
21080562,"mrbFache"
21080562,"mrbBiceps2"
21080562,"mrbBiceps"
21080562,"mrbPleur"
21080562,"mrbLoona"
21080562,"mrbNeiji"
21080562,"mrbSofi"
21080562,"mrbCheh"
21080562,"mrbOucherie"
21080562,"mrbRIP"
21080562,"mrbTop1"
21080562,"mrbChante"
21080562,"mrbAmour"
21080562,"mrbNoel"
21080562,"mrbCc"
21080562,"mrbChewie"
21080562,"mrbRonflex"
21080562,"mrbHC"
21080562,"mrbSub"
21080562,"mrbVomis"
21080562,"mrbAmong"
21080562,"mrbSmoke"
21080562,"mrbClapClap"
21129949,"sunoSumo"
21129949,"sunoGG"
21129949,"sunoStar"
21129949,"sunoREKT"
21129949,"sunoSALT"
21138562,"reignCool"
21138562,"reignBrain"
21138562,"reignSmug"
21138562,"reignDG"
21156734,"nrqTrade"
21156734,"nrqWut"
21156734,"nrqGg"
21156734,"nrqHrt"
21156734,"nrqLook"
21156734,"nrqTears"
21156734,"nrqHi"
21156734,"nrqPrt"
21156734,"nrqCK"
21156734,"nrqW"
21156734,"nrqEroll"
21156734,"nrqWtff"
21156734,"nrqRofl"
21167655,"homyTpaincry"
21167655,"homyModif"
21167655,"homyIcato"
21167655,"homyLol"
21167655,"homyOciati"
21167655,"homyOcio"
21167655,"homyDiss"
21167655,"homyMi"
21167655,"homyTpain"
21167655,"homyAh"
21167655,"homyCry"
21167655,"homyBann"
21167655,"homyIliad"
21167655,"homy129"
21167655,"homyPem"
21167655,"homySi"
21167655,"homyNo"
21167655,"homyNope"
21167655,"homyOmegalul"
21167655,"homyZzz"
21167655,"homyIga"
21167655,"homyWow"
21167655,"homyUrbo"
21167655,"homyPog"
21167655,"homyBoomer"
21167655,"homyGIULLARE"
21167655,"homyAdv"
21167655,"homyYatol"
21167655,"homyPOG"
21167655,"homySkip"
21167655,"homyGasm"
21167655,"homyEM"
21167655,"homyBho"
21167655,"homyEew"
21167655,"homySleeper"
21167655,"homy5Head"
21167655,"homyW"
21167655,"homyMods"
21167655,"homyFlirt"
21167655,"homyEvil"
21167655,"homyOps"
21167655,"homyScoots"
21167655,"homyAngel"
21167655,"homyHands"
21167655,"homyMbeh"
21167655,"homyBased"
21172209,"hazuW"
21172209,"hazuCumple"
21172209,"hazuAYAYA"
21172209,"hazuRata"
21172209,"hazu420"
21172209,"hazuConfirmed"
21181746,"stimPink"
21181746,"stimKABBA"
21181746,"stimSlaeuft"
21181746,"stimOMG"
21181746,"stimAlfred"
21181746,"stimSplashOr"
21183570,"bokGasm"
21183570,"bokBock"
21183570,"bokThink"
21183570,"bokSlap"
21183570,"bokChamp"
21183570,"bokDerp"
21183570,"bokHello"
21183570,"bokLurk"
21183570,"bokRage"
21183570,"bokBokbok"
21183570,"bokChoy"
21183570,"bokNuggets"
21183570,"bokSucks"
21183570,"bokDot"
21194356,"mfptFish"
21194356,"mfptAstro"
21194356,"mfpt37"
21194356,"mfptLadle"
21194356,"mfptBuff"
21194356,"mfptShark"
21194356,"mfptSwim"
21194356,"mfptSplore"
21194356,"mfptCarry"
21194356,"mfptPepp"
21194356,"mfptFarm"
21194356,"mfptMask"
21194356,"mfptCrazy"
21194356,"mfptPraise"
21194356,"mfptThumbsup"
21194356,"mfpt3"
21194356,"mfpt2"
21194356,"mfpt1"
21194356,"mfptYeah"
21194356,"mfptYay"
21194356,"mfptDed"
21194356,"mfptBless"
21194356,"mfptRage"
21194356,"mfptBlind"
21194356,"mfptBday"
21194356,"mfptW"
21194356,"mfptPuke"
21194356,"mfptSleep"
21194356,"mfptMonk"
21194356,"mfptPirate"
21194356,"mfptTaco"
21194356,"mfptDance"
21194356,"mfptCheer"
21255999,"kritzAstFloaty"
21255999,"kritzReindoonilove"
21255999,"kritzBalloonideal"
21255999,"kritzPOG"
21255999,"kritzLUL"
21255999,"kritzBread"
21255999,"kritzMedic"
21255999,"kritzSadgineer"
21255999,"kritzHeavyheart"
21255999,"kritzRightflex"
21255999,"kritzCroaker"
21255999,"kritzGodfather"
21255999,"kritzCroakerexcite"
21255999,"kritzGoodjob"
21255999,"kritzLeftflex"
21255999,"kritzLuckyhorns"
21255999,"kritzScoutshock"
21255999,"kritzPyrostar"
21285936,"daltosGoose"
21285936,"daltosToat"
21285936,"daltosHate"
21285936,"daltosH"
21285936,"daltosDrill"
21285936,"daltosDisgust"
21285936,"daltosDigIt"
21285936,"daltosOup"
21285936,"daltosGg"
21285936,"daltosP"
21285936,"daltosTinycup"
21285936,"daltosAe"
21285936,"daltosGold"
21285936,"daltosCornking"
21285936,"daltosSexy"
21285936,"daltosHulk"
21285936,"daltosS"
21285936,"daltosGoth"
21285936,"daltosPanic"
21285936,"daltosStars"
21285936,"daltosF"
21285936,"daltosAdlaithebossmansteve"
21285936,"daltosUppermississippi"
21285936,"daltosWink"
21285936,"daltosConcern"
21285936,"daltos2006"
21285936,"daltosSoy"
21285936,"daltosGD"
21285936,"daltosPain"
21285936,"daltosJam"
21285936,"daltosHello"
21285936,"daltosDwightvs"
21285936,"daltosRandy"
21285936,"daltosToadaso"
21285936,"daltosWoodshole"
21285936,"daltosAST"
21288413,"kappaboneKappa"
21288413,"kappaboneRage"
21291218,"mhyJemma"
21291218,"mhyMax"
21291218,"mhy25"
21291218,"mhyWOM1"
21291218,"mhyWOM2"
21291218,"mhyWOM3"
21291218,"mhyWOM4"
21291218,"mhyWave"
21291218,"mhyLove"
21291218,"mhyCozy"
21291218,"mhyBlind"
21291218,"mhyUpset"
21291218,"mhyBrrr"
21291218,"mhyTired"
21291218,"mhyTag"
21291218,"mhyWho"
21291218,"mhyAngry"
21291218,"mhyPog"
21292714,"arubi1988QQ"
21292714,"arubi1988Tall"
21292714,"arubi1988RB"
21292714,"arubi1988Arubi1988xd"
21292714,"arubi198887"
21292714,"arubi1988Good"
21292714,"arubi1988BAOFEI"
21313349,"hbomb94EZ"
21313349,"hbomb94Link"
21313349,"hbomb94What"
21313349,"hbomb94Llama"
21313349,"hbomb94Wheel"
21313349,"hbomb94Grandpa"
21313349,"hbomb94Pog"
21313349,"hbomb94Hype"
21313349,"hbomb94Hmm"
21313349,"hbomb94Link2"
21313349,"hbomb945Head"
21313349,"hbomb94LUL"
21313349,"hbomb94Chair"
21313349,"hbomb94Shook"
21313349,"hbomb94Yell"
21313349,"hbomb94Uwu"
21313349,"hbomb94Chairy"
21313349,"hbomb94YE"
21313349,"hbomb94EE"
21313349,"hbomb94ET"
21313349,"hbomb94O7"
21313349,"hbomb94Pride"
21313349,"hbomb94UwU"
21313349,"hbomb94OwO"
21313349,"hbomb94Burrito"
21313349,"hbomb94Sad"
21313349,"hbomb94Love"
21313349,"hbomb94Happy"
21313349,"hbomb94Dance"
21313349,"hbomb94Salute"
21327052,"neenzkK"
21327052,"neenzkMEW"
21327052,"neenzkDEL"
21327052,"neenzkGG"
21327052,"neenzkAMAZ"
21327052,"neenzkGOD"
21327052,"neenzkA"
21327052,"neenzkHi"
21327052,"neenzkC"
21327052,"neenzkLove"
21327052,"neenzkSad"
21332332,"danmA"
21332332,"danmKNIFE"
21332332,"danmKILL"
21332332,"danmHYPE"
21332332,"danmSLEEP"
21332332,"danmNOM"
21332332,"danmLURK"
21332332,"danmHI"
21332332,"danm7"
21332332,"danmCREEP"
21332332,"danmSHRUG"
21332332,"danmSCARED"
21332332,"danmNO"
21332332,"danmLOVE"
21332332,"danmOHNO"
21332332,"danmYES"
21332332,"danmPET"
21332332,"danmSHY"
21332332,"danmJAM"
21332332,"danmBLIND"
21332332,"danmGIGGLE"
21332332,"danmFINE"
21332332,"danmALONE"
21332332,"danmRIP"
21332332,"danmNOTES"
21332332,"danmFAIL"
21332332,"danmAWW"
21332332,"danmRAGE"
21332332,"danmHMM"
21332332,"danmBLUSH"
21332332,"danmSAD"
21332332,"danmLUL"
21332332,"danmHUG"
21332332,"danmWUT"
21366465,"foxHyperLankerZ"
21366465,"foxMornin"
21366465,"foxComfy"
21366465,"foxD"
21366465,"foxSmug"
21366465,"foxLanky"
21366465,"foxThink"
21369084,"bardolphShark"
21369084,"bardolphDiver"
21369084,"bardolphBot"
21369084,"bardolphGod"
21369084,"bardolphToxic"
21369084,"bardolphCrystal"
21369084,"bardolphJ"
21369084,"bardolphVAC"
21369084,"bardolphWTF"
21369084,"bardolphACE"
21369084,"bardolphSleeper"
21381390,"mtsigmaRNG"
21381390,"mtsigmaWut"
21381390,"mtsigmaFury"
21381390,"mtsigmaWave"
21381390,"mtsigmaLobo"
21381390,"mtsigmaDUNK"
21381390,"mtsigmaShork"
21381390,"mtsigmaFlex"
21381390,"mtsigmaLove"
21381390,"mtsigmaMaggot"
21381390,"mtsigmaGG"
21381390,"mtsigmaGold"
21381390,"mtsigmaSad"
21381390,"mtsigmaRIP"
21381390,"mtsigmaWaifu"
21381390,"mtsigmaSalute"
21381390,"mtsigmaBaby"
21382584,"klaigeNail"
21382584,"klaigeChan"
21382584,"klaigeGrip"
21382584,"klaigeBleep"
21382584,"klaigeFuujin"
21382584,"klaigeDuck"
21382584,"klaigeDuff"
21382584,"klaigeCorn"
21382584,"klaigeBurst"
21382584,"klaigeBear"
21382584,"klaigeFronkerYY"
21382584,"klaigeRip"
21382584,"klaigeBan"
21382584,"klaigeKai"
21382584,"klaigeWmage"
21382584,"klaigeFronkerY"
21382584,"klaigeDunk"
21382584,"klaigeHime"
21382584,"klaigeLany"
21382584,"klaigeHMM"
21382584,"klaigeBord"
21382584,"klaigeFc"
21382584,"klaigeBoost"
21382584,"klaigePop"
21382584,"klaigeNugget"
21383223,"azderEyes"
21383223,"azderPear"
21383223,"azderKeiko"
21383223,"azderSnort"
21383223,"azderK"
21383223,"azderPog"
21383223,"azderCry"
21383223,"azderPeek"
21383223,"azderMYEYES"
21383223,"azderSmug"
21383223,"azderCrabby"
21383223,"azderHey"
21395365,"chimRemyFood"
21395365,"chimRemote"
21395365,"chimShazam"
21395365,"chimRIP"
21395365,"chimWitch1"
21395365,"chimBruleConfused1"
21395365,"chimRemoteSilver"
21395365,"chimRemoteGold"
21395365,"chimRalphie1"
21395365,"chimF"
21395365,"chimGG"
21395365,"chimPog"
21395365,"chimOutstanding"
21395365,"chimGetRekt"
21395365,"chimHappy"
21395365,"chimSloopTheBed"
21395365,"chimYeah"
21395365,"chimBigBrain"
21395365,"chimSweaty"
21395365,"chimOrbHold"
21395365,"chimSimple"
21395365,"chimSynthChair"
21395365,"chimTuck"
21395365,"chimLol"
21395365,"chimCheeky"
21395365,"chimParty"
21395365,"chimKegcake"
21395365,"chimGrum"
21395365,"chimAWS"
21395365,"chimWut"
21395365,"chimGraymarrow"
21395365,"chimFoTD"
21395365,"chimAngry"
21395365,"chimToxic"
21395365,"chimWhereAthena"
21395365,"chimTreasure"
21395365,"chimCry"
21395365,"chimLove"
21400624,"fifHeart"
21400624,"fifSnek"
21419017,"frosteeDumpster"
21419017,"frosteeUwu"
21419017,"frosteeRedtime"
21419017,"frosteeMonkeHmm"
21419017,"frosteeSkillissue"
21419017,"frosteeChest"
21419017,"frosteeEZ"
21419017,"frosteeExcite"
21419017,"frosteeMonkeS"
21419017,"frosteeShock"
21419017,"frosteeGasm"
21419017,"frosteeBIGCHILLING"
21429840,"pchOMD"
21429840,"pchKisses"
21429840,"pchS"
21429840,"pchB"
21429840,"pchThink"
21429840,"pchSip"
21429840,"pchAYAYA1"
21429840,"pchAYAYA2"
21429840,"pchAYAYA3"
21429840,"pchAYAYA4"
21429840,"pchOMB1"
21429840,"pchOMB2"
21429840,"pchOMB3"
21429840,"pchOMB4"
21429840,"pchOMW1"
21429840,"pchOMW2"
21429840,"pchOMC"
21429840,"pchZ"
21429840,"pchThump"
21429840,"pchSmug"
21429840,"pchBlush"
21429840,"pchSayGoodnight"
21429840,"pchOMR"
21429840,"pchOMO"
21429840,"pchJAM"
21429840,"pchComfy"
21429840,"pchWave"
21429840,"pchPawsUp"
21429840,"pchLurk"
21429840,"pchCatDrugs"
21429840,"pchGOODBOYGETIT"
21429840,"pchRAVE"
21429840,"pchALERT"
21429840,"pchSteer"
21431060,"phunkEww"
21431060,"phunkTurtle"
21431060,"phunkEnton"
21431060,"phunkHot"
21431060,"phunkCup"
21431060,"phunkRIP"
21431060,"phunkAngry"
21431060,"phunkMoppel"
21431060,"phunkCreep"
21431060,"phunkKappa"
21431060,"phunkFail"
21431060,"phunkDerp"
21431060,"phunkMops"
21431060,"phunkFish"
21431060,"phunkClap"
21431060,"phunkTali2"
21431060,"phunkJoy"
21431060,"phunkGripe"
21431060,"phunkPug"
21431060,"phunkBadMan"
21431060,"phunkQuokka"
21431060,"phunkNase"
21431060,"phunkPride"
21431060,"phunkBan"
21431060,"phunkBlau"
21431060,"phunkHy"
21431060,"phunkPhist"
21431060,"phunkGnihi"
21431060,"phunkWhat"
21431060,"phunkBurgh"
21431060,"phunkAww"
21431060,"phunkCry"
21431060,"phunkWoah"
21431060,"phunkLurk"
21431060,"phunkLuv"
21431060,"phunkCool"
21431060,"phunkPiggy"
21431060,"phunkCatopus"
21431060,"phunkBoy"
21431060,"phunkPiff"
21431060,"phunkPaff"
21431060,"phunkPP"
21431060,"phunkMonkaS"
21431060,"phunkHeart"
21431060,"phunkFF"
21431060,"phunkFaust"
21431060,"phunkLiebe"
21431060,"phunkRage"
21431060,"phunkSad"
21431060,"phunkStare"
21431060,"phunkKrog"
21431060,"phunkRolle"
21442544,"n0thingMom"
21442544,"n0thingXhair"
21442544,"n0thingIcecold"
21442544,"n0thingThickaf"
21442544,"n0thingDad"
21442544,"n0thingASMR"
21442544,"n0thingAFK"
21442544,"n0thingOgc"
21442544,"n0thingBurrito"
21442544,"n0thingFBdance"
21442544,"n0thingGrimm"
21442544,"n0thingGf"
21442544,"n0thingFire"
21442544,"n0thingOverlay"
21442544,"n0thingWHAT"
21442544,"n0thingDog"
21442544,"n0thing16"
21442544,"n0thingMo"
21442544,"n0thingSad"
21442544,"n0thingHappy"
21442544,"n0thingCreep"
21442544,"n0thingNaruto"
21442544,"n0thing300iq"
21442544,"n0thingBabypog"
21442544,"n0thingToddlerCas"
21465727,"sageSD"
21465727,"sageE"
21465727,"sageA"
21465727,"sageT"
21465727,"sageTAUNT"
21465727,"sageWTF"
21465727,"sageSALT"
21465727,"sagePOG"
21465727,"sageSOUR"
21465727,"sageK"
21465727,"sageBOT"
21465727,"sageDIZZY"
21465727,"sageLOL"
21465727,"sageGIFT"
21465727,"sageTHROW"
21465727,"sagePOP"
21465727,"sageGASM"
21465727,"sageFTG"
21465727,"sageL"
21465727,"sageHYPE"
21465727,"sageTEN"
21465727,"sageWAVE"
21465727,"sageTHUMP"
21465727,"sageRAGE"
21465727,"sageRIP"
21465727,"sageLEWD"
21465727,"sageBOWL"
21465727,"sageRAGE1"
21465727,"sageSHAKE"
21465727,"sageWTF1"
21465727,"sageVIBEN"
21465727,"sageAHH"
21465727,"sageSS"
21475421,"bdlgWUT"
21475421,"bdlgBrow"
21475421,"bdlgCry"
21475421,"bdlgSoapbox"
21475421,"bdlgLol"
21475421,"bdlgRant"
21475421,"bdlgSpaz"
21475421,"bdlgLove"
21475421,"bdlgPog"
21475421,"bdlgBnb"
21475421,"bdlgCoffee"
21475421,"bdlgHi"
21475421,"bdlgFacepalm"
21475421,"bdlgRage"
21510649,"capsulReality"
21517478,"myrKappaG"
21517478,"myrPizza"
21517478,"myrSwarm"
21517478,"myrLick"
21517478,"myrPants"
21517478,"myrNom"
21517478,"myrHammer"
21517478,"myrWitchling"
21517478,"myrSquirrel"
21517478,"myrYDS"
21517478,"myrDerp"
21517478,"myrMonster"
21517478,"myrLove"
21517478,"myrHype"
21517478,"myrHi"
